chunk_id,book_id,chunk_type,character_count,word_count,created_at
FULLBOOK_1,1,fullbook,1452352,266159,2025-08-06 03:45:51.277208
FULLBOOK_100,100,fullbook,2230769,345126,2025-08-06 12:29:19.374153
FULLBOOK_1000,1000,fullbook,1968068,295160,2025-08-06 12:55:57.645248
FULLBOOK_1001,1001,fullbook,1557266,294432,2025-08-06 12:55:58.717087
FULLBOOK_1002,1002,fullbook,743677,129602,2025-08-06 12:55:59.61652
FULLBOOK_1003,1003,fullbook,1364848,243350,2025-08-06 12:56:00.385202
FULLBOOK_1004,1004,fullbook,1255821,233639,2025-08-06 12:56:01.279916
FULLBOOK_1005,1005,fullbook,1286061,231102,2025-08-06 12:56:02.149749
FULLBOOK_1006,1006,fullbook,1602419,255680,2025-08-06 12:56:03.444901
FULLBOOK_1007,1007,fullbook,5089438,927425,2025-08-06 12:56:04.747956
FULLBOOK_1008,1008,fullbook,5363307,971251,2025-08-06 12:56:06.981835
FULLBOOK_1009,1009,fullbook,1442104,264790,2025-08-06 12:56:09.01398
FULLBOOK_101,101,fullbook,573099,91789,2025-08-06 12:29:23.535225
FULLBOOK_1010,1010,fullbook,1652545,299323,2025-08-06 12:56:09.95171
FULLBOOK_1011,1011,fullbook,1416120,263738,2025-08-06 12:56:10.934194
FULLBOOK_1012,1012,fullbook,1455908,265446,2025-08-06 12:56:11.881504
FULLBOOK_1013,1013,fullbook,881319,158034,2025-08-06 12:56:12.798027
FULLBOOK_1014,1014,fullbook,981353,166968,2025-08-06 12:56:13.532515
FULLBOOK_1015,1015,fullbook,551303,99828,2025-08-06 12:56:14.252796
FULLBOOK_1016,1016,fullbook,1629197,285954,2025-08-06 12:56:15.549715
FULLBOOK_1017,1017,fullbook,4152005,751659,2025-08-06 12:56:16.801099
FULLBOOK_1018,1018,fullbook,1128514,200380,2025-08-06 12:56:18.428846
FULLBOOK_1019,1019,fullbook,1697042,312555,2025-08-06 12:56:19.314169
FULLBOOK_102,102,fullbook,3448350,542103,2025-08-06 12:29:24.389663
FULLBOOK_1020,1020,fullbook,2053821,355302,2025-08-06 12:56:20.370927
FULLBOOK_1021,1021,fullbook,2023030,316405,2025-08-06 12:56:21.530399
FULLBOOK_1022,1022,fullbook,1662757,263677,2025-08-06 12:56:22.630581
FULLBOOK_1023,1023,fullbook,2000611,357512,2025-08-06 12:56:23.680626
FULLBOOK_1024,1024,fullbook,1376648,244664,2025-08-06 12:56:24.764649
FULLBOOK_1025,1025,fullbook,2304668,361755,2025-08-06 12:56:25.750254
FULLBOOK_1026,1026,fullbook,1491039,247316,2025-08-06 12:56:33.47716
FULLBOOK_1027,1027,fullbook,1502305,272316,2025-08-06 12:56:34.393793
FULLBOOK_1028,1028,fullbook,2442014,394993,2025-08-06 12:56:35.49297
FULLBOOK_1029,1029,fullbook,895989,162157,2025-08-06 12:56:36.859269
FULLBOOK_103,103,fullbook,325829,54439,2025-08-06 12:29:25.800079
FULLBOOK_1030,1030,fullbook,576772,99645,2025-08-06 12:56:37.579108
FULLBOOK_1031,1031,fullbook,1456503,253037,2025-08-06 12:56:38.283455
FULLBOOK_1032,1032,fullbook,598067,109250,2025-08-06 12:56:39.149338
FULLBOOK_1033,1033,fullbook,1285793,231485,2025-08-06 12:56:39.832459
FULLBOOK_1034,1034,fullbook,1194402,223243,2025-08-06 12:56:40.697472
FULLBOOK_1035,1035,fullbook,3650344,583935,2025-08-06 12:56:41.734189
FULLBOOK_1036,1036,fullbook,938645,173884,2025-08-06 12:56:43.846421
FULLBOOK_1037,1037,fullbook,3478718,620248,2025-08-06 12:56:44.829906
FULLBOOK_1038,1038,fullbook,5266209,854370,2025-08-06 12:56:46.662063
FULLBOOK_1039,1039,fullbook,1149001,214753,2025-08-06 12:56:48.614441
FULLBOOK_104,104,fullbook,2783818,490746,2025-08-06 12:29:26.544302
FULLBOOK_1040,1040,fullbook,3298557,573435,2025-08-06 12:56:49.601679
FULLBOOK_1041,1041,fullbook,591667,103305,2025-08-06 12:56:50.968948
FULLBOOK_1042,1042,fullbook,1845443,293580,2025-08-06 12:56:51.699588
FULLBOOK_1043,1043,fullbook,905988,173437,2025-08-06 12:56:52.680049
FULLBOOK_1044,1044,fullbook,1644625,284723,2025-08-06 12:56:53.47954
FULLBOOK_1045,1045,fullbook,5147015,909045,2025-08-06 12:56:54.751016
FULLBOOK_1046,1046,fullbook,985906,173714,2025-08-06 12:56:56.644804
FULLBOOK_1047,1047,fullbook,885952,161975,2025-08-06 12:56:57.398423
FULLBOOK_1048,1048,fullbook,1444037,255375,2025-08-06 12:56:58.182079
FULLBOOK_1049,1049,fullbook,1626457,303235,2025-08-06 12:56:59.132883
FULLBOOK_105,105,fullbook,679347,120869,2025-08-06 12:29:27.787002
FULLBOOK_1050,1050,fullbook,2451604,339432,2025-08-06 12:57:00.184862
FULLBOOK_1051,1051,fullbook,1320023,240175,2025-08-06 12:57:03.361096
FULLBOOK_1052,1052,fullbook,954254,160679,2025-08-06 12:57:04.201058
FULLBOOK_1053,1053,fullbook,1937436,328186,2025-08-06 12:57:05.032821
FULLBOOK_1054,1054,fullbook,1531121,273119,2025-08-06 12:57:06.09962
FULLBOOK_1055,1055,fullbook,1868643,341327,2025-08-06 12:57:07.116671
FULLBOOK_1056,1056,fullbook,1649817,260968,2025-08-06 12:57:08.782046
FULLBOOK_1057,1057,fullbook,1293706,197428,2025-08-06 12:57:09.764904
FULLBOOK_1058,1058,fullbook,2629748,409674,2025-08-06 12:57:10.75125
FULLBOOK_1059,1059,fullbook,1902253,341725,2025-08-06 12:57:12.066434
FULLBOOK_106,106,fullbook,1602803,250810,2025-08-06 12:29:31.58637
FULLBOOK_1060,1060,fullbook,1904792,317951,2025-08-06 12:57:13.166486
FULLBOOK_1061,1061,fullbook,952523,166851,2025-08-06 12:57:14.194766
FULLBOOK_1062,1062,fullbook,2323783,419950,2025-08-06 12:57:15.067308
FULLBOOK_1063,1063,fullbook,892162,166764,2025-08-06 12:57:16.314965
FULLBOOK_1064,1064,fullbook,1521677,281407,2025-08-06 12:57:17.13379
FULLBOOK_1065,1065,fullbook,1577189,255388,2025-08-06 12:57:18.115676
FULLBOOK_1066,1066,fullbook,1835829,344400,2025-08-06 12:57:19.147004
FULLBOOK_1067,1067,fullbook,4572230,749633,2025-08-06 12:57:20.438564
FULLBOOK_1068,1068,fullbook,946151,178586,2025-08-06 12:57:22.196916
FULLBOOK_1069,1069,fullbook,1979886,360536,2025-08-06 12:57:23.030556
FULLBOOK_107,107,fullbook,2010550,322275,2025-08-06 12:29:32.641096
FULLBOOK_1070,1070,fullbook,654571,119084,2025-08-06 12:57:24.12187
FULLBOOK_1071,1071,fullbook,1111586,215251,2025-08-06 12:57:24.779418
FULLBOOK_1072,1072,fullbook,3468745,597563,2025-08-06 12:57:25.797018
FULLBOOK_1073,1073,fullbook,1164170,177094,2025-08-06 12:57:27.264161
FULLBOOK_1074,1074,fullbook,1928773,343364,2025-08-06 12:57:28.183753
FULLBOOK_1075,1075,fullbook,1315431,242044,2025-08-06 12:57:29.218479
FULLBOOK_1076,1076,fullbook,3745615,553850,2025-08-06 12:57:30.954116
FULLBOOK_1077,1077,fullbook,2271952,423797,2025-08-06 12:57:32.579754
FULLBOOK_1078,1078,fullbook,2022699,361132,2025-08-06 12:57:33.795882
FULLBOOK_1079,1079,fullbook,1631515,257366,2025-08-06 12:57:34.885949
FULLBOOK_108,108,fullbook,3994151,658801,2025-08-06 12:29:33.95308
FULLBOOK_1080,1080,fullbook,2274601,365936,2025-08-06 12:57:35.948524
FULLBOOK_1081,1081,fullbook,2354468,404467,2025-08-06 12:57:37.30323
FULLBOOK_1082,1082,fullbook,1652410,294829,2025-08-06 12:57:38.500574
FULLBOOK_1083,1083,fullbook,1603178,283204,2025-08-06 12:57:39.513736
FULLBOOK_1084,1084,fullbook,2294588,335016,2025-08-06 12:57:40.564225
FULLBOOK_1085,1085,fullbook,1050742,196096,2025-08-06 12:57:41.680859
FULLBOOK_1086,1086,fullbook,1741386,316773,2025-08-06 12:57:42.529958
FULLBOOK_1087,1087,fullbook,7716583,1246618,2025-08-06 12:57:44.065909
FULLBOOK_1088,1088,fullbook,1272521,230943,2025-08-06 12:57:46.695583
FULLBOOK_1089,1089,fullbook,3515395,624560,2025-08-06 12:57:47.79996
FULLBOOK_109,109,fullbook,1580437,296428,2025-08-06 12:29:35.75502
FULLBOOK_1090,1090,fullbook,1183506,198395,2025-08-06 12:57:49.261438
FULLBOOK_1091,1091,fullbook,2005999,336465,2025-08-06 12:57:50.183362
FULLBOOK_1092,1092,fullbook,3213909,538284,2025-08-06 12:57:51.448868
FULLBOOK_1093,1093,fullbook,2350291,431193,2025-08-06 12:57:53.316257
FULLBOOK_1094,1094,fullbook,150178,26898,2025-08-06 12:57:54.412591
FULLBOOK_1095,1095,fullbook,1705897,279247,2025-08-06 12:57:55.013692
FULLBOOK_1096,1096,fullbook,767926,136409,2025-08-06 12:57:56.532206
FULLBOOK_1097,1097,fullbook,2109823,380300,2025-08-06 12:57:57.345611
FULLBOOK_1098,1098,fullbook,3818077,671370,2025-08-06 12:57:58.714666
FULLBOOK_1099,1099,fullbook,1104544,183398,2025-08-06 12:58:00.278514
FULLBOOK_11,11,fullbook,4378249,697456,2025-08-06 03:46:00.810633
FULLBOOK_110,110,fullbook,1394579,258315,2025-08-06 12:29:36.734966
FULLBOOK_1100,1100,fullbook,1908885,296411,2025-08-06 12:58:01.16864
FULLBOOK_1101,1101,fullbook,1854070,323721,2025-08-06 12:58:02.265192
FULLBOOK_1102,1102,fullbook,1102079,196802,2025-08-06 12:58:03.282113
FULLBOOK_1103,1103,fullbook,2157442,382907,2025-08-06 12:58:04.199892
FULLBOOK_1104,1104,fullbook,2025695,369361,2025-08-06 12:58:05.397965
FULLBOOK_1105,1105,fullbook,1412684,253991,2025-08-06 12:58:06.532421
FULLBOOK_1106,1106,fullbook,774949,129686,2025-08-06 12:58:07.41368
FULLBOOK_1107,1107,fullbook,4173251,726462,2025-08-06 12:58:08.383681
FULLBOOK_1108,1108,fullbook,2816171,447910,2025-08-06 12:58:10.174005
FULLBOOK_1109,1109,fullbook,1868220,338099,2025-08-06 12:58:11.530526
FULLBOOK_111,111,fullbook,3565039,584527,2025-08-06 12:33:57.118452
FULLBOOK_1110,1110,fullbook,1761565,315209,2025-08-06 12:58:12.596049
FULLBOOK_1111,1111,fullbook,1642864,296441,2025-08-06 12:58:13.617485
FULLBOOK_1112,1112,fullbook,1573857,279420,2025-08-06 12:58:14.626971
FULLBOOK_1113,1113,fullbook,2769030,505487,2025-08-06 12:58:15.712887
FULLBOOK_1114,1114,fullbook,4239380,759705,2025-08-06 12:58:17.255041
FULLBOOK_1115,1115,fullbook,1578338,282020,2025-08-06 12:58:18.965209
FULLBOOK_1116,1116,fullbook,1707010,308812,2025-08-06 12:58:20.562597
FULLBOOK_1117,1117,fullbook,2220572,378236,2025-08-06 12:58:21.598707
FULLBOOK_1118,1118,fullbook,2000120,320645,2025-08-06 12:58:22.798374
FULLBOOK_1119,1119,fullbook,2465175,430208,2025-08-06 12:58:23.949994
FULLBOOK_112,112,fullbook,2332678,390098,2025-08-06 12:33:58.702898
FULLBOOK_1120,1120,fullbook,2721413,417359,2025-08-06 12:58:25.278787
FULLBOOK_1121,1121,fullbook,1906249,336565,2025-08-06 12:58:26.58118
FULLBOOK_1122,1122,fullbook,1341928,251322,2025-08-06 12:58:27.636375
FULLBOOK_1123,1123,fullbook,2232694,390057,2025-08-06 12:58:28.612037
FULLBOOK_1124,1124,fullbook,1549292,238221,2025-08-06 12:58:29.749208
FULLBOOK_1125,1125,fullbook,1007024,179259,2025-08-06 12:58:30.666587
FULLBOOK_1127,1127,fullbook,1720319,304788,2025-08-06 12:58:31.499978
FULLBOOK_1128,1128,fullbook,590281,98631,2025-08-06 12:58:32.437084
FULLBOOK_1129,1129,fullbook,1141167,200603,2025-08-06 12:58:33.112942
FULLBOOK_113,113,fullbook,4299731,724168,2025-08-06 12:34:15.719619
FULLBOOK_1130,1130,fullbook,1690029,303652,2025-08-06 12:58:33.982959
FULLBOOK_1131,1131,fullbook,1620083,267540,2025-08-06 12:58:34.980585
FULLBOOK_1132,1132,fullbook,925546,132395,2025-08-06 12:58:35.910603
FULLBOOK_1133,1133,fullbook,1605218,286099,2025-08-06 12:58:36.731249
FULLBOOK_1134,1134,fullbook,2231428,352240,2025-08-06 12:58:37.897639
FULLBOOK_1135,1135,fullbook,917877,164633,2025-08-06 12:58:38.99682
FULLBOOK_1136,1136,fullbook,2320887,330613,2025-08-06 12:58:39.864163
FULLBOOK_1137,1137,fullbook,3387406,606886,2025-08-06 12:58:41.91469
FULLBOOK_1138,1138,fullbook,2399017,336904,2025-08-06 12:58:43.951382
FULLBOOK_1139,1139,fullbook,2595766,430697,2025-08-06 12:58:45.247862
FULLBOOK_114,114,fullbook,1057964,170143,2025-08-06 12:34:17.532598
FULLBOOK_1140,1140,fullbook,1605794,268241,2025-08-06 12:58:46.527464
FULLBOOK_1141,1141,fullbook,1316342,227802,2025-08-06 12:58:47.482898
FULLBOOK_1142,1142,fullbook,1438266,244687,2025-08-06 12:58:48.379333
FULLBOOK_1143,1143,fullbook,2054566,366253,2025-08-06 12:58:49.365347
FULLBOOK_1144,1144,fullbook,1031364,187665,2025-08-06 12:58:50.427328
FULLBOOK_1145,1145,fullbook,2074855,383647,2025-08-06 12:58:51.333767
FULLBOOK_1146,1146,fullbook,780155,118718,2025-08-06 12:58:52.378923
FULLBOOK_1147,1147,fullbook,2140265,386082,2025-08-06 12:58:53.183714
FULLBOOK_1148,1148,fullbook,3317440,609225,2025-08-06 12:58:54.481606
FULLBOOK_1149,1149,fullbook,594537,103041,2025-08-06 12:58:55.846029
FULLBOOK_115,115,fullbook,3039692,522418,2025-08-06 12:34:18.498436
FULLBOOK_1150,1150,fullbook,1272605,208925,2025-08-06 12:58:56.541937
FULLBOOK_1151,1151,fullbook,1906132,281945,2025-08-06 12:58:57.444541
FULLBOOK_1152,1152,fullbook,2140524,335262,2025-08-06 12:58:58.54422
FULLBOOK_1153,1153,fullbook,3025511,557245,2025-08-06 12:58:59.780049
FULLBOOK_1154,1154,fullbook,1683990,316741,2025-08-06 12:59:01.18319
FULLBOOK_1155,1155,fullbook,1964721,325485,2025-08-06 12:59:02.228903
FULLBOOK_1156,1156,fullbook,1373004,257188,2025-08-06 12:59:09.334256
FULLBOOK_1157,1157,fullbook,2223559,360787,2025-08-06 12:59:10.912766
FULLBOOK_1158,1158,fullbook,2100160,385469,2025-08-06 12:59:12.142379
FULLBOOK_1159,1159,fullbook,2589184,470078,2025-08-06 12:59:13.347657
FULLBOOK_116,116,fullbook,1617805,294569,2025-08-06 12:34:22.934644
FULLBOOK_1160,1160,fullbook,1338191,217816,2025-08-06 12:59:14.594313
FULLBOOK_1161,1161,fullbook,3937633,654410,2025-08-06 12:59:15.696174
FULLBOOK_1162,1162,fullbook,2227604,367430,2025-08-06 12:59:17.392138
FULLBOOK_1163,1163,fullbook,2092149,342531,2025-08-06 12:59:18.594162
FULLBOOK_1164,1164,fullbook,1386345,252465,2025-08-06 12:59:19.693838
FULLBOOK_1165,1165,fullbook,1359427,247837,2025-08-06 12:59:20.599179
FULLBOOK_1166,1166,fullbook,1632389,314182,2025-08-06 12:59:21.530281
FULLBOOK_1167,1167,fullbook,19689481,3611321,2025-08-06 12:59:23.980032
FULLBOOK_1168,1168,fullbook,1125619,201941,2025-08-06 12:59:29.928647
FULLBOOK_1169,1169,fullbook,1724595,257646,2025-08-06 12:59:30.781837
FULLBOOK_117,117,fullbook,717766,124628,2025-08-06 12:34:23.840545
FULLBOOK_1170,1170,fullbook,2690493,438403,2025-08-06 12:59:31.858254
FULLBOOK_1171,1171,fullbook,1619766,267564,2025-08-06 12:59:33.129555
FULLBOOK_1172,1172,fullbook,1346375,242120,2025-08-06 12:59:34.077778
FULLBOOK_1173,1173,fullbook,1605283,291632,2025-08-06 12:59:34.978344
FULLBOOK_1174,1174,fullbook,977027,162592,2025-08-06 12:59:35.907559
FULLBOOK_1175,1175,fullbook,11603831,2015896,2025-08-06 12:59:37.479333
FULLBOOK_1176,1176,fullbook,2055228,353417,2025-08-06 12:59:41.446796
FULLBOOK_1177,1177,fullbook,2819350,442686,2025-08-06 12:59:43.228023
FULLBOOK_1178,1178,fullbook,1505560,235815,2025-08-06 12:59:44.589857
FULLBOOK_1179,1179,fullbook,3395674,593002,2025-08-06 12:59:47.139644
FULLBOOK_118,118,fullbook,1423354,220043,2025-08-06 12:34:24.564805
FULLBOOK_1180,1180,fullbook,1742994,323519,2025-08-06 12:59:48.624468
FULLBOOK_1181,1181,fullbook,1674646,277805,2025-08-06 12:59:49.692542
FULLBOOK_1182,1182,fullbook,2802330,419938,2025-08-06 12:59:50.775515
FULLBOOK_1183,1183,fullbook,7528370,1356306,2025-08-06 12:59:52.556715
FULLBOOK_1184,1184,fullbook,1026925,191053,2025-08-06 12:59:55.090689
FULLBOOK_1185,1185,fullbook,2180474,351834,2025-08-06 12:59:55.945446
FULLBOOK_1186,1186,fullbook,1613188,265483,2025-08-06 12:59:57.064922
FULLBOOK_1188,1188,fullbook,2086912,385495,2025-08-06 12:59:58.594437
FULLBOOK_119,119,fullbook,633944,109452,2025-08-06 12:34:25.441526
FULLBOOK_1190,1190,fullbook,1674891,302903,2025-08-06 12:59:59.711113
FULLBOOK_1191,1191,fullbook,1379511,251607,2025-08-06 13:00:00.691973
FULLBOOK_1192,1192,fullbook,1602624,266640,2025-08-06 13:00:01.608995
FULLBOOK_1193,1193,fullbook,1765556,286330,2025-08-06 13:00:02.579395
FULLBOOK_1194,1194,fullbook,2677562,413031,2025-08-06 13:00:03.694128
FULLBOOK_1195,1195,fullbook,1576298,265256,2025-08-06 13:00:04.978416
FULLBOOK_1196,1196,fullbook,1677081,296112,2025-08-06 13:00:05.960253
FULLBOOK_1197,1197,fullbook,1415373,230915,2025-08-06 13:00:06.929416
FULLBOOK_1198,1198,fullbook,4226166,705992,2025-08-06 13:00:08.727001
FULLBOOK_1199,1199,fullbook,3998284,618306,2025-08-06 13:00:10.628981
FULLBOOK_12,12,fullbook,1941197,343544,2025-08-06 03:46:02.556975
FULLBOOK_120,120,fullbook,1165706,198229,2025-08-06 12:34:26.13284
FULLBOOK_1200,1200,fullbook,2782484,431186,2025-08-06 13:00:12.37826
FULLBOOK_1201,1201,fullbook,3092950,534097,2025-08-06 13:00:13.846529
FULLBOOK_1202,1202,fullbook,3208516,519563,2025-08-06 13:00:15.380847
FULLBOOK_1203,1203,fullbook,2070242,330450,2025-08-06 13:00:16.846729
FULLBOOK_1204,1204,fullbook,2022994,353268,2025-08-06 13:00:17.995323
FULLBOOK_1205,1205,fullbook,1574545,261905,2025-08-06 13:00:19.100392
FULLBOOK_1206,1206,fullbook,1568351,278821,2025-08-06 13:00:20.078127
FULLBOOK_1207,1207,fullbook,4283783,692757,2025-08-06 13:00:21.262894
FULLBOOK_1208,1208,fullbook,903989,158347,2025-08-06 13:00:22.88913
FULLBOOK_1209,1209,fullbook,2118025,392408,2025-08-06 13:00:23.725519
FULLBOOK_121,121,fullbook,270095,51333,2025-08-06 12:34:29.961622
FULLBOOK_1210,1210,fullbook,1012452,156236,2025-08-06 13:00:24.793866
FULLBOOK_1211,1211,fullbook,2112056,330887,2025-08-06 13:00:25.661637
FULLBOOK_1212,1212,fullbook,955918,176565,2025-08-06 13:00:26.795551
FULLBOOK_1213,1213,fullbook,3047157,503823,2025-08-06 13:00:27.717821
FULLBOOK_1214,1214,fullbook,1710338,284122,2025-08-06 13:00:29.075999
FULLBOOK_1215,1215,fullbook,1758401,323144,2025-08-06 13:00:30.081772
FULLBOOK_1216,1216,fullbook,1670326,245424,2025-08-06 13:00:31.111283
FULLBOOK_1217,1217,fullbook,3781488,665332,2025-08-06 13:00:32.298148
FULLBOOK_1218,1218,fullbook,2290566,372581,2025-08-06 13:00:34.557496
FULLBOOK_1219,1219,fullbook,2544750,414476,2025-08-06 13:00:37.759424
FULLBOOK_122,122,fullbook,1380262,249666,2025-08-06 12:34:30.597146
FULLBOOK_1220,1220,fullbook,1956296,325731,2025-08-06 13:00:38.976332
FULLBOOK_1221,1221,fullbook,1602606,265071,2025-08-06 13:00:40.060862
FULLBOOK_1222,1222,fullbook,1739613,281442,2025-08-06 13:00:41.067011
FULLBOOK_1223,1223,fullbook,1950502,305247,2025-08-06 13:00:42.248133
FULLBOOK_1224,1224,fullbook,1247204,204877,2025-08-06 13:00:43.312782
FULLBOOK_1225,1225,fullbook,1991572,320472,2025-08-06 13:00:44.230014
FULLBOOK_1226,1226,fullbook,3113964,467758,2025-08-06 13:00:45.479233
FULLBOOK_1227,1227,fullbook,4061734,694318,2025-08-06 13:00:47.278398
FULLBOOK_1228,1228,fullbook,1487102,272256,2025-08-06 13:00:48.9159
FULLBOOK_1229,1229,fullbook,2468720,405866,2025-08-06 13:00:49.930208
FULLBOOK_123,123,fullbook,2310263,365028,2025-08-06 12:34:31.572323
FULLBOOK_1230,1230,fullbook,2176747,348919,2025-08-06 13:00:51.228885
FULLBOOK_1231,1231,fullbook,2043394,333804,2025-08-06 13:00:52.412126
FULLBOOK_1232,1232,fullbook,1518882,258616,2025-08-06 13:00:53.511641
FULLBOOK_1233,1233,fullbook,2096834,376661,2025-08-06 13:00:54.514391
FULLBOOK_1234,1234,fullbook,1890950,290117,2025-08-06 13:00:55.665978
FULLBOOK_1235,1235,fullbook,1326319,229653,2025-08-06 13:00:56.713014
FULLBOOK_1236,1236,fullbook,1369042,252352,2025-08-06 13:00:57.613127
FULLBOOK_1237,1237,fullbook,189477,32522,2025-08-06 13:00:58.436918
FULLBOOK_1238,1238,fullbook,2556168,414306,2025-08-06 13:00:59.74655
FULLBOOK_1239,1239,fullbook,1182075,201448,2025-08-06 13:01:00.977725
FULLBOOK_124,124,fullbook,1050150,197761,2025-08-06 12:34:32.716322
FULLBOOK_1240,1240,fullbook,1348032,226726,2025-08-06 13:01:01.8472
FULLBOOK_1241,1241,fullbook,6944987,1142899,2025-08-06 13:01:03.213952
FULLBOOK_1242,1242,fullbook,1823859,309971,2025-08-06 13:01:05.713979
FULLBOOK_1243,1243,fullbook,91552,16742,2025-08-06 13:01:06.651255
FULLBOOK_1244,1244,fullbook,135133,23860,2025-08-06 13:01:07.096091
FULLBOOK_1247,1247,fullbook,187693,32531,2025-08-06 13:01:08.396453
FULLBOOK_1248,1248,fullbook,751401,129726,2025-08-06 13:01:08.937715
FULLBOOK_1249,1249,fullbook,177981,33542,2025-08-06 13:01:09.574742
FULLBOOK_125,125,fullbook,1190631,210098,2025-08-06 12:34:33.529716
FULLBOOK_1250,1250,fullbook,758015,130724,2025-08-06 13:01:10.116172
FULLBOOK_1251,1251,fullbook,838804,147578,2025-08-06 13:01:10.794133
FULLBOOK_1252,1252,fullbook,1039953,173324,2025-08-06 13:01:11.514863
FULLBOOK_1253,1253,fullbook,109668,19431,2025-08-06 13:01:12.228984
FULLBOOK_1254,1254,fullbook,264259,49381,2025-08-06 13:01:12.698907
FULLBOOK_1255,1255,fullbook,544179,89495,2025-08-06 13:01:13.239299
FULLBOOK_1256,1256,fullbook,696241,126153,2025-08-06 13:01:13.861444
FULLBOOK_1257,1257,fullbook,1070440,197298,2025-08-06 13:01:14.53426
FULLBOOK_1259,1259,fullbook,1185198,210493,2025-08-06 13:01:16.377388
FULLBOOK_126,126,fullbook,1758518,313877,2025-08-06 12:34:37.501991
FULLBOOK_1260,1260,fullbook,775898,143445,2025-08-06 13:01:17.161707
FULLBOOK_1261,1261,fullbook,514341,84741,2025-08-06 13:01:17.837701
FULLBOOK_1262,1262,fullbook,902287,147984,2025-08-06 13:01:18.473442
FULLBOOK_1263,1263,fullbook,835589,135252,2025-08-06 13:01:19.193449
FULLBOOK_1264,1264,fullbook,671023,119128,2025-08-06 13:01:19.897621
FULLBOOK_1265,1265,fullbook,414699,72346,2025-08-06 13:01:20.530434
FULLBOOK_1266,1266,fullbook,797965,144160,2025-08-06 13:01:21.173527
FULLBOOK_1267,1267,fullbook,1233028,216798,2025-08-06 13:01:22.280093
FULLBOOK_1268,1268,fullbook,935992,155823,2025-08-06 13:01:23.128323
FULLBOOK_1269,1269,fullbook,958950,163999,2025-08-06 13:01:23.895679
FULLBOOK_127,127,fullbook,503727,76468,2025-08-06 12:34:38.467204
FULLBOOK_1270,1270,fullbook,813664,143628,2025-08-06 13:01:24.644061
FULLBOOK_1271,1271,fullbook,1159027,213521,2025-08-06 13:01:25.373438
FULLBOOK_1272,1272,fullbook,1753595,301353,2025-08-06 13:01:26.197215
FULLBOOK_1273,1273,fullbook,1378746,252183,2025-08-06 13:01:27.14428
FULLBOOK_1274,1274,fullbook,851871,141044,2025-08-06 13:01:27.960325
FULLBOOK_1275,1275,fullbook,1981916,347031,2025-08-06 13:01:28.710057
FULLBOOK_1277,1277,fullbook,1222984,210680,2025-08-06 13:01:29.708288
FULLBOOK_1278,1278,fullbook,1725988,313147,2025-08-06 13:01:30.573823
FULLBOOK_1279,1279,fullbook,1456309,265349,2025-08-06 13:01:32.138807
FULLBOOK_1280,1280,fullbook,1988120,359484,2025-08-06 13:01:33.116135
FULLBOOK_1281,1281,fullbook,1871779,310642,2025-08-06 13:01:34.231424
FULLBOOK_1282,1282,fullbook,2539631,467815,2025-08-06 13:01:35.34668
FULLBOOK_1283,1283,fullbook,2160797,391114,2025-08-06 13:01:36.592894
FULLBOOK_1284,1284,fullbook,1806807,338703,2025-08-06 13:01:37.729685
FULLBOOK_1285,1285,fullbook,1083749,176600,2025-08-06 13:01:38.70858
FULLBOOK_1286,1286,fullbook,1518645,241241,2025-08-06 13:01:39.52605
FULLBOOK_1287,1287,fullbook,867590,139646,2025-08-06 13:01:47.425928
FULLBOOK_1288,1288,fullbook,1304190,218775,2025-08-06 13:01:48.160422
FULLBOOK_1289,1289,fullbook,1672720,258074,2025-08-06 13:01:49.06552
FULLBOOK_129,129,fullbook,145200,24129,2025-08-06 12:34:39.063218
FULLBOOK_1290,1290,fullbook,1253789,227060,2025-08-06 13:01:50.011386
FULLBOOK_1291,1291,fullbook,2070080,326112,2025-08-06 13:01:50.923661
FULLBOOK_1292,1292,fullbook,2304993,408298,2025-08-06 13:01:52.091851
FULLBOOK_1293,1293,fullbook,2034739,362714,2025-08-06 13:01:53.296759
FULLBOOK_1294,1294,fullbook,2379600,437506,2025-08-06 13:01:54.446415
FULLBOOK_1295,1295,fullbook,2037027,366788,2025-08-06 13:01:55.679464
FULLBOOK_1296,1296,fullbook,1491404,260458,2025-08-06 13:01:56.777728
FULLBOOK_1298,1298,fullbook,2151923,379806,2025-08-06 13:01:57.75965
FULLBOOK_1299,1299,fullbook,1816211,325887,2025-08-06 13:01:58.907014
FULLBOOK_13,13,fullbook,2545650,402517,2025-08-06 03:46:03.689202
FULLBOOK_130,130,fullbook,1584166,285317,2025-08-06 12:34:39.685147
FULLBOOK_1300,1300,fullbook,1504864,259847,2025-08-06 13:02:00.643553
FULLBOOK_1301,1301,fullbook,3000740,555071,2025-08-06 13:02:01.745971
FULLBOOK_1302,1302,fullbook,1455006,258436,2025-08-06 13:02:03.078074
FULLBOOK_1303,1303,fullbook,1803520,330220,2025-08-06 13:02:04.027808
FULLBOOK_1304,1304,fullbook,2369634,417685,2025-08-06 13:02:05.127204
FULLBOOK_1305,1305,fullbook,1543116,252844,2025-08-06 13:02:06.296071
FULLBOOK_1306,1306,fullbook,1937184,337603,2025-08-06 13:02:07.313713
FULLBOOK_1307,1307,fullbook,2322912,417051,2025-08-06 13:02:08.45971
FULLBOOK_1308,1308,fullbook,962371,173526,2025-08-06 13:02:09.592575
FULLBOOK_1309,1309,fullbook,1624067,295951,2025-08-06 13:02:10.409996
FULLBOOK_131,131,fullbook,156744,27775,2025-08-06 12:34:40.55279
FULLBOOK_1310,1310,fullbook,2258878,401049,2025-08-06 13:02:11.476231
FULLBOOK_1311,1311,fullbook,2543760,466105,2025-08-06 13:02:12.730485
FULLBOOK_1312,1312,fullbook,2241004,382747,2025-08-06 13:02:14.058128
FULLBOOK_1313,1313,fullbook,1142358,180858,2025-08-06 13:02:15.210308
FULLBOOK_1314,1314,fullbook,1763646,282804,2025-08-06 13:02:16.080665
FULLBOOK_1315,1315,fullbook,2917812,477730,2025-08-06 13:02:18.85941
FULLBOOK_1316,1316,fullbook,1632170,297291,2025-08-06 13:02:20.19714
FULLBOOK_1317,1317,fullbook,2427766,369512,2025-08-06 13:02:21.273512
FULLBOOK_1318,1318,fullbook,2489253,441725,2025-08-06 13:02:22.559008
FULLBOOK_1319,1319,fullbook,1546387,284394,2025-08-06 13:02:23.763414
FULLBOOK_132,132,fullbook,327963,55372,2025-08-06 12:34:44.096239
FULLBOOK_1320,1320,fullbook,3276993,575069,2025-08-06 13:02:25.427026
FULLBOOK_1321,1321,fullbook,2569520,427955,2025-08-06 13:02:26.941092
FULLBOOK_1322,1322,fullbook,2668897,469379,2025-08-06 13:02:28.260479
FULLBOOK_1323,1323,fullbook,892562,157027,2025-08-06 13:02:29.45979
FULLBOOK_1324,1324,fullbook,1725912,305854,2025-08-06 13:02:30.260272
FULLBOOK_1325,1325,fullbook,1701746,312643,2025-08-06 13:02:31.330409
FULLBOOK_1326,1326,fullbook,2670289,448796,2025-08-06 13:02:32.424428
FULLBOOK_1327,1327,fullbook,614029,109888,2025-08-06 13:02:33.626472
FULLBOOK_1328,1328,fullbook,2195336,397427,2025-08-06 13:02:34.361762
FULLBOOK_1329,1329,fullbook,1987628,347743,2025-08-06 13:02:35.542852
FULLBOOK_133,133,fullbook,502969,91830,2025-08-06 12:34:44.65114
FULLBOOK_1330,1330,fullbook,1724635,284816,2025-08-06 13:02:36.624441
FULLBOOK_1331,1331,fullbook,1940319,300619,2025-08-06 13:02:37.657859
FULLBOOK_1332,1332,fullbook,3466106,581247,2025-08-06 13:02:38.891163
FULLBOOK_1333,1333,fullbook,2024330,333759,2025-08-06 13:02:40.391605
FULLBOOK_1334,1334,fullbook,934084,146677,2025-08-06 13:02:41.410212
FULLBOOK_1335,1335,fullbook,1194138,195825,2025-08-06 13:02:42.164939
FULLBOOK_1336,1336,fullbook,2449851,424073,2025-08-06 13:02:43.079093
FULLBOOK_1337,1337,fullbook,2745997,485288,2025-08-06 13:02:44.388347
FULLBOOK_1338,1338,fullbook,1535658,278770,2025-08-06 13:02:45.659444
FULLBOOK_1339,1339,fullbook,2219081,416557,2025-08-06 13:02:46.689196
FULLBOOK_134,134,fullbook,956340,170645,2025-08-06 12:34:45.283577
FULLBOOK_1340,1340,fullbook,2511223,443545,2025-08-06 13:02:48.58886
FULLBOOK_1341,1341,fullbook,3681066,671040,2025-08-06 13:02:49.960661
FULLBOOK_1342,1342,fullbook,2011029,367937,2025-08-06 13:02:51.525255
FULLBOOK_1343,1343,fullbook,2547160,464068,2025-08-06 13:02:52.676429
FULLBOOK_1344,1344,fullbook,1114236,212315,2025-08-06 13:02:53.859685
FULLBOOK_1345,1345,fullbook,2712921,474637,2025-08-06 13:02:54.805702
FULLBOOK_1346,1346,fullbook,2053709,381715,2025-08-06 13:02:56.141309
FULLBOOK_1347,1347,fullbook,529828,93592,2025-08-06 13:02:57.171903
FULLBOOK_1348,1348,fullbook,2783518,492600,2025-08-06 13:02:57.940335
FULLBOOK_1349,1349,fullbook,1452012,269342,2025-08-06 13:02:59.220315
FULLBOOK_135,135,fullbook,1095118,195802,2025-08-06 12:34:46.054608
FULLBOOK_1350,1350,fullbook,1300113,232303,2025-08-06 13:03:00.121528
FULLBOOK_1352,1352,fullbook,2239113,407148,2025-08-06 13:03:01.046817
FULLBOOK_1353,1353,fullbook,439173,78804,2025-08-06 13:03:02.097272
FULLBOOK_1354,1354,fullbook,1711436,302763,2025-08-06 13:03:02.791382
FULLBOOK_1355,1355,fullbook,1830903,330590,2025-08-06 13:03:03.823584
FULLBOOK_1356,1356,fullbook,1476740,263904,2025-08-06 13:03:04.842888
FULLBOOK_1357,1357,fullbook,1507859,256476,2025-08-06 13:03:05.760534
FULLBOOK_1358,1358,fullbook,4718327,832138,2025-08-06 13:03:06.91278
FULLBOOK_1359,1359,fullbook,2353956,420150,2025-08-06 13:03:08.84169
FULLBOOK_136,136,fullbook,1388494,249689,2025-08-06 12:34:46.895544
FULLBOOK_1360,1360,fullbook,3085232,516753,2025-08-06 13:03:11.513256
FULLBOOK_1361,1361,fullbook,1509186,258599,2025-08-06 13:03:13.515856
FULLBOOK_1362,1362,fullbook,1996838,373881,2025-08-06 13:03:14.528205
FULLBOOK_1363,1363,fullbook,4154220,750359,2025-08-06 13:03:15.829489
FULLBOOK_1364,1364,fullbook,1695745,324913,2025-08-06 13:03:17.509187
FULLBOOK_1365,1365,fullbook,1933102,341068,2025-08-06 13:03:18.543135
FULLBOOK_1366,1366,fullbook,1187025,217255,2025-08-06 13:03:19.573573
FULLBOOK_1367,1367,fullbook,2369238,376774,2025-08-06 13:03:20.532806
FULLBOOK_1368,1368,fullbook,1008053,193585,2025-08-06 13:03:21.679426
FULLBOOK_1369,1369,fullbook,3297503,570951,2025-08-06 13:03:22.664226
FULLBOOK_137,137,fullbook,780764,148052,2025-08-06 12:34:50.831226
FULLBOOK_1370,1370,fullbook,1765183,277206,2025-08-06 13:03:24.128439
FULLBOOK_1371,1371,fullbook,2894745,466925,2025-08-06 13:03:25.276215
FULLBOOK_1372,1372,fullbook,2358961,427402,2025-08-06 13:03:26.645424
FULLBOOK_1373,1373,fullbook,1321118,217732,2025-08-06 13:03:27.794977
FULLBOOK_1374,1374,fullbook,1010874,190276,2025-08-06 13:03:28.629289
FULLBOOK_1375,1375,fullbook,1635095,294461,2025-08-06 13:03:29.447555
FULLBOOK_1376,1376,fullbook,2994882,482812,2025-08-06 13:03:30.565464
FULLBOOK_1377,1377,fullbook,1894651,329113,2025-08-06 13:03:31.945156
FULLBOOK_1378,1378,fullbook,1772479,316898,2025-08-06 13:03:33.02828
FULLBOOK_1379,1379,fullbook,1678029,309571,2025-08-06 13:03:34.163841
FULLBOOK_138,138,fullbook,411547,61011,2025-08-06 12:34:51.538558
FULLBOOK_1380,1380,fullbook,1722159,300952,2025-08-06 13:03:35.1788
FULLBOOK_1381,1381,fullbook,3537403,573854,2025-08-06 13:03:36.978461
FULLBOOK_1382,1382,fullbook,2326406,384744,2025-08-06 13:03:38.560549
FULLBOOK_1383,1383,fullbook,962842,173280,2025-08-06 13:03:39.677348
FULLBOOK_1384,1384,fullbook,5545972,874983,2025-08-06 13:03:40.795874
FULLBOOK_1385,1385,fullbook,1758624,321615,2025-08-06 13:03:42.897674
FULLBOOK_1386,1386,fullbook,2739897,481825,2025-08-06 13:03:44.039489
FULLBOOK_1387,1387,fullbook,2541669,441016,2025-08-06 13:03:45.447246
FULLBOOK_1388,1388,fullbook,969056,169774,2025-08-06 13:03:46.625952
FULLBOOK_1389,1389,fullbook,2785796,512326,2025-08-06 13:03:47.546602
FULLBOOK_139,139,fullbook,1138774,202008,2025-08-06 12:34:52.180656
FULLBOOK_1390,1390,fullbook,1334356,243373,2025-08-06 13:03:48.994384
FULLBOOK_1391,1391,fullbook,2877593,482728,2025-08-06 13:03:50.047298
FULLBOOK_1392,1392,fullbook,1856638,295868,2025-08-06 13:03:51.410858
FULLBOOK_1393,1393,fullbook,777706,121025,2025-08-06 13:03:52.395278
FULLBOOK_1394,1394,fullbook,1244344,219152,2025-08-06 13:03:53.145992
FULLBOOK_1395,1395,fullbook,1708790,301498,2025-08-06 13:03:54.048508
FULLBOOK_1396,1396,fullbook,876502,160394,2025-08-06 13:03:55.012523
FULLBOOK_1397,1397,fullbook,907613,139856,2025-08-06 13:03:55.745345
FULLBOOK_1398,1398,fullbook,1301891,212033,2025-08-06 13:03:56.494729
FULLBOOK_1399,1399,fullbook,3732210,648482,2025-08-06 13:03:57.615367
FULLBOOK_14,14,fullbook,1513857,271843,2025-08-06 03:46:04.889577
FULLBOOK_140,140,fullbook,1564862,263015,2025-08-06 12:34:53.029476
FULLBOOK_1400,1400,fullbook,1403309,265978,2025-08-06 13:03:59.211943
FULLBOOK_1401,1401,fullbook,1625366,279441,2025-08-06 13:04:00.748847
FULLBOOK_1402,1402,fullbook,2401059,437184,2025-08-06 13:04:01.815091
FULLBOOK_1403,1403,fullbook,1819080,328921,2025-08-06 13:04:04.063581
FULLBOOK_1404,1404,fullbook,3493460,554690,2025-08-06 13:04:05.293624
FULLBOOK_1405,1405,fullbook,1917638,343084,2025-08-06 13:04:06.82836
FULLBOOK_1406,1406,fullbook,1377357,257594,2025-08-06 13:04:07.886272
FULLBOOK_1407,1407,fullbook,1589536,290604,2025-08-06 13:04:08.815161
FULLBOOK_1408,1408,fullbook,2522960,390545,2025-08-06 13:04:09.87884
FULLBOOK_1409,1409,fullbook,351959,65511,2025-08-06 13:04:11.036022
FULLBOOK_141,141,fullbook,1707285,307371,2025-08-06 12:34:54.018961
FULLBOOK_1410,1410,fullbook,2581797,402708,2025-08-06 13:04:11.760574
FULLBOOK_1411,1411,fullbook,2232491,403895,2025-08-06 13:04:13.045841
FULLBOOK_1412,1412,fullbook,596751,109541,2025-08-06 13:04:14.133877
FULLBOOK_1413,1413,fullbook,1812292,281927,2025-08-06 13:04:14.873221
FULLBOOK_1414,1414,fullbook,1617973,264253,2025-08-06 13:04:15.927288
FULLBOOK_1415,1415,fullbook,1840886,325801,2025-08-06 13:04:16.977462
FULLBOOK_1416,1416,fullbook,7135257,1316105,2025-08-06 13:04:18.509551
FULLBOOK_1417,1417,fullbook,2137005,375037,2025-08-06 13:04:21.014791
FULLBOOK_1418,1418,fullbook,1806703,324831,2025-08-06 13:04:28.895881
FULLBOOK_1419,1419,fullbook,1769850,277485,2025-08-06 13:04:29.965794
FULLBOOK_142,142,fullbook,1640617,281626,2025-08-06 12:34:58.097953
FULLBOOK_1420,1420,fullbook,2630342,472763,2025-08-06 13:04:31.11447
FULLBOOK_1421,1421,fullbook,1385363,209718,2025-08-06 13:04:33.017174
FULLBOOK_1422,1422,fullbook,3134539,510232,2025-08-06 13:04:34.066174
FULLBOOK_1423,1423,fullbook,1638678,295503,2025-08-06 13:04:35.49872
FULLBOOK_1424,1424,fullbook,2030282,327520,2025-08-06 13:04:36.541224
FULLBOOK_1425,1425,fullbook,1479457,261355,2025-08-06 13:04:37.610629
FULLBOOK_1426,1426,fullbook,1399345,232342,2025-08-06 13:04:38.546459
FULLBOOK_1427,1427,fullbook,1798844,297804,2025-08-06 13:04:39.493251
FULLBOOK_1428,1428,fullbook,3585688,627299,2025-08-06 13:04:40.708033
FULLBOOK_1429,1429,fullbook,6877345,1125373,2025-08-06 13:04:42.651568
FULLBOOK_143,143,fullbook,1660052,304600,2025-08-06 12:34:59.219651
FULLBOOK_1430,1430,fullbook,789068,140649,2025-08-06 13:04:45.011527
FULLBOOK_1431,1431,fullbook,1223821,205345,2025-08-06 13:04:45.723348
FULLBOOK_1432,1432,fullbook,1279712,235516,2025-08-06 13:04:46.926792
FULLBOOK_1433,1433,fullbook,2498287,445723,2025-08-06 13:04:47.907904
FULLBOOK_1434,1434,fullbook,3265527,586952,2025-08-06 13:04:49.407984
FULLBOOK_1435,1435,fullbook,2436667,442457,2025-08-06 13:04:50.899818
FULLBOOK_1436,1436,fullbook,1173540,219062,2025-08-06 13:04:52.059943
FULLBOOK_1437,1437,fullbook,2227913,392592,2025-08-06 13:04:52.966568
FULLBOOK_1438,1438,fullbook,2271327,404369,2025-08-06 13:04:54.296521
FULLBOOK_1439,1439,fullbook,2621589,440711,2025-08-06 13:04:55.559193
FULLBOOK_144,144,fullbook,1273270,226259,2025-08-06 12:35:00.201134
FULLBOOK_1440,1440,fullbook,103334,19123,2025-08-06 13:04:56.715251
FULLBOOK_1441,1441,fullbook,2332667,392604,2025-08-06 13:04:57.943159
FULLBOOK_1442,1442,fullbook,2557263,469043,2025-08-06 13:04:59.225341
FULLBOOK_1443,1443,fullbook,1402384,258502,2025-08-06 13:05:00.462955
FULLBOOK_1444,1444,fullbook,1078645,200818,2025-08-06 13:05:01.343461
FULLBOOK_1445,1445,fullbook,2934679,542020,2025-08-06 13:05:04.643237
FULLBOOK_1446,1446,fullbook,1765781,264655,2025-08-06 13:05:06.224509
FULLBOOK_1447,1447,fullbook,2760727,443220,2025-08-06 13:05:07.373106
FULLBOOK_1448,1448,fullbook,2613831,426352,2025-08-06 13:05:08.728972
FULLBOOK_145,145,fullbook,1179867,209534,2025-08-06 12:35:01.082621
FULLBOOK_1450,1450,fullbook,1659417,268913,2025-08-06 13:05:10.009329
FULLBOOK_1451,1451,fullbook,2307089,413776,2025-08-06 13:05:11.075612
FULLBOOK_1452,1452,fullbook,1014892,189691,2025-08-06 13:05:12.205792
FULLBOOK_1453,1453,fullbook,1201069,203127,2025-08-06 13:05:12.991771
FULLBOOK_1454,1454,fullbook,6766781,1167201,2025-08-06 13:05:14.291615
FULLBOOK_1455,1455,fullbook,2555250,414211,2025-08-06 13:05:16.77103
FULLBOOK_1456,1456,fullbook,2438948,406439,2025-08-06 13:05:18.076326
FULLBOOK_1457,1457,fullbook,2102982,344213,2025-08-06 13:05:19.308981
FULLBOOK_1458,1458,fullbook,2936976,507252,2025-08-06 13:05:20.546164
FULLBOOK_1459,1459,fullbook,1715641,281659,2025-08-06 13:05:21.90928
FULLBOOK_146,146,fullbook,1199311,216222,2025-08-06 12:35:01.917225
FULLBOOK_1460,1460,fullbook,2337552,395722,2025-08-06 13:05:22.976622
FULLBOOK_1461,1461,fullbook,2966666,500377,2025-08-06 13:05:24.255417
FULLBOOK_1462,1462,fullbook,2205169,400251,2025-08-06 13:05:26.357011
FULLBOOK_1463,1463,fullbook,2832511,519945,2025-08-06 13:05:27.62146
FULLBOOK_1464,1464,fullbook,1857217,293240,2025-08-06 13:05:28.924598
FULLBOOK_1465,1465,fullbook,1140774,182150,2025-08-06 13:05:29.973801
FULLBOOK_1466,1466,fullbook,1488970,266189,2025-08-06 13:05:30.842107
FULLBOOK_1467,1467,fullbook,4760016,854632,2025-08-06 13:05:32.041836
FULLBOOK_1468,1468,fullbook,3898523,710956,2025-08-06 13:05:34.061049
FULLBOOK_1469,1469,fullbook,3025570,480141,2025-08-06 13:05:35.768657
FULLBOOK_147,147,fullbook,1893588,321722,2025-08-06 12:35:41.12093
FULLBOOK_1470,1470,fullbook,1237275,220909,2025-08-06 13:05:37.091596
FULLBOOK_1471,1471,fullbook,2167292,371029,2025-08-06 13:05:38.026438
FULLBOOK_1472,1472,fullbook,1527276,246690,2025-08-06 13:05:39.16036
FULLBOOK_1473,1473,fullbook,2196222,360481,2025-08-06 13:05:40.176591
FULLBOOK_1474,1474,fullbook,1925433,349394,2025-08-06 13:05:41.360801
FULLBOOK_1475,1475,fullbook,2124687,337808,2025-08-06 13:05:42.492596
FULLBOOK_1476,1476,fullbook,963336,172604,2025-08-06 13:05:43.559438
FULLBOOK_1477,1477,fullbook,2199803,382026,2025-08-06 13:05:44.446124
FULLBOOK_1478,1478,fullbook,2489018,435946,2025-08-06 13:05:45.677921
FULLBOOK_1479,1479,fullbook,5437827,980865,2025-08-06 13:05:47.212785
FULLBOOK_148,148,fullbook,3019358,560148,2025-08-06 12:35:42.333971
FULLBOOK_1480,1480,fullbook,1988720,352842,2025-08-06 13:05:49.42973
FULLBOOK_1481,1481,fullbook,1850650,352506,2025-08-06 13:05:50.541065
FULLBOOK_1482,1482,fullbook,2431663,424476,2025-08-06 13:05:52.310488
FULLBOOK_1483,1483,fullbook,2258682,358533,2025-08-06 13:05:53.59968
FULLBOOK_1484,1484,fullbook,7803338,1302734,2025-08-06 13:05:55.323774
FULLBOOK_1485,1485,fullbook,1988815,350452,2025-08-06 13:05:57.928422
FULLBOOK_1486,1486,fullbook,2513024,456714,2025-08-06 13:05:59.096051
FULLBOOK_1487,1487,fullbook,1961468,354611,2025-08-06 13:06:00.377704
FULLBOOK_1488,1488,fullbook,1442992,219548,2025-08-06 13:06:03.358465
FULLBOOK_1489,1489,fullbook,822313,131380,2025-08-06 13:06:04.213088
FULLBOOK_149,149,fullbook,2006234,359846,2025-08-06 12:35:43.809746
FULLBOOK_1490,1490,fullbook,1517054,275296,2025-08-06 13:06:05.011485
FULLBOOK_1491,1491,fullbook,1721936,307323,2025-08-06 13:06:06.025136
FULLBOOK_1492,1492,fullbook,2685093,441924,2025-08-06 13:06:07.159438
FULLBOOK_1493,1493,fullbook,922901,156185,2025-08-06 13:06:08.406297
FULLBOOK_1494,1494,fullbook,3470363,630427,2025-08-06 13:06:09.357607
FULLBOOK_1495,1495,fullbook,1056260,190218,2025-08-06 13:06:10.791435
FULLBOOK_1496,1496,fullbook,846763,151887,2025-08-06 13:06:11.562586
FULLBOOK_1497,1497,fullbook,2018761,366195,2025-08-06 13:06:12.37944
FULLBOOK_1498,1498,fullbook,2172433,376125,2025-08-06 13:06:13.54183
FULLBOOK_1499,1499,fullbook,551517,102573,2025-08-06 13:06:14.576034
FULLBOOK_15,15,fullbook,1751101,269764,2025-08-06 03:46:05.840044
FULLBOOK_150,150,fullbook,2798411,502922,2025-08-06 12:35:44.999058
FULLBOOK_1500,1500,fullbook,1441388,269618,2025-08-06 13:06:15.262497
FULLBOOK_1501,1501,fullbook,1787854,345736,2025-08-06 13:06:16.474616
FULLBOOK_1502,1502,fullbook,1941224,343170,2025-08-06 13:06:18.174155
FULLBOOK_1503,1503,fullbook,1456967,262431,2025-08-06 13:06:19.259733
FULLBOOK_1504,1504,fullbook,1894177,340344,2025-08-06 13:06:20.22832
FULLBOOK_1505,1505,fullbook,2010808,349089,2025-08-06 13:06:21.325181
FULLBOOK_1506,1506,fullbook,822910,147433,2025-08-06 13:06:22.343119
FULLBOOK_1507,1507,fullbook,3963109,772003,2025-08-06 13:06:23.307616
FULLBOOK_1508,1508,fullbook,5399992,888119,2025-08-06 13:06:25.209666
FULLBOOK_1509,1509,fullbook,3512925,564564,2025-08-06 13:06:27.424261
FULLBOOK_151,151,fullbook,1824118,322221,2025-08-06 12:35:46.35326
FULLBOOK_1510,1510,fullbook,2497552,406038,2025-08-06 13:06:28.996893
FULLBOOK_1511,1511,fullbook,1703192,306860,2025-08-06 13:06:30.242861
FULLBOOK_1512,1512,fullbook,2357803,417303,2025-08-06 13:06:31.324142
FULLBOOK_1513,1513,fullbook,3289158,595005,2025-08-06 13:06:32.675593
FULLBOOK_1514,1514,fullbook,2338422,373485,2025-08-06 13:06:34.192569
FULLBOOK_1515,1515,fullbook,1961221,310042,2025-08-06 13:06:35.410372
FULLBOOK_1516,1516,fullbook,816867,148650,2025-08-06 13:06:36.425274
FULLBOOK_1517,1517,fullbook,5408258,972643,2025-08-06 13:06:37.542955
FULLBOOK_1518,1518,fullbook,3414729,569880,2025-08-06 13:06:39.676317
FULLBOOK_1519,1519,fullbook,2242802,359251,2025-08-06 13:06:41.227683
FULLBOOK_152,152,fullbook,1655774,288383,2025-08-06 12:35:50.447974
FULLBOOK_1520,1520,fullbook,1856657,288973,2025-08-06 13:06:42.392125
FULLBOOK_1521,1521,fullbook,5828351,1055748,2025-08-06 13:06:43.8598
FULLBOOK_1522,1522,fullbook,1255535,238374,2025-08-06 13:06:46.575445
FULLBOOK_1523,1523,fullbook,1032700,188036,2025-08-06 13:06:47.425529
FULLBOOK_1524,1524,fullbook,872241,138149,2025-08-06 13:06:48.189424
FULLBOOK_1525,1525,fullbook,618620,100959,2025-08-06 13:06:48.893176
FULLBOOK_1526,1526,fullbook,2168953,358422,2025-08-06 13:06:49.776292
FULLBOOK_1527,1527,fullbook,598540,108393,2025-08-06 13:06:50.844048
FULLBOOK_1528,1528,fullbook,840472,128713,2025-08-06 13:06:51.493989
FULLBOOK_1529,1529,fullbook,1484255,267689,2025-08-06 13:06:52.275807
FULLBOOK_153,153,fullbook,1682844,300401,2025-08-06 12:35:51.449957
FULLBOOK_1530,1530,fullbook,1763081,334882,2025-08-06 13:06:53.259238
FULLBOOK_1531,1531,fullbook,2639917,455957,2025-08-06 13:06:54.393157
FULLBOOK_1532,1532,fullbook,2046051,360557,2025-08-06 13:06:56.059904
FULLBOOK_1533,1533,fullbook,1984348,358070,2025-08-06 13:06:57.226041
FULLBOOK_1534,1534,fullbook,3434966,549701,2025-08-06 13:06:58.476578
FULLBOOK_1535,1535,fullbook,1765786,267106,2025-08-06 13:06:59.958524
FULLBOOK_1536,1536,fullbook,4396788,780183,2025-08-06 13:07:01.261667
FULLBOOK_1537,1537,fullbook,1643948,276933,2025-08-06 13:07:03.033221
FULLBOOK_1538,1538,fullbook,2340383,407686,2025-08-06 13:07:04.109613
FULLBOOK_1539,1539,fullbook,794141,128983,2025-08-06 13:07:05.225017
FULLBOOK_154,154,fullbook,2131094,364256,2025-08-06 12:35:52.534701
FULLBOOK_1540,1540,fullbook,1251393,223714,2025-08-06 13:07:05.974184
FULLBOOK_1541,1541,fullbook,1333555,228288,2025-08-06 13:07:06.856571
FULLBOOK_1542,1542,fullbook,1555090,260669,2025-08-06 13:07:08.395489
FULLBOOK_1543,1543,fullbook,1701237,307503,2025-08-06 13:07:09.404492
FULLBOOK_1544,1544,fullbook,214988,39891,2025-08-06 13:07:10.295372
FULLBOOK_1545,1545,fullbook,1483823,270645,2025-08-06 13:07:10.908861
FULLBOOK_1546,1546,fullbook,5257537,939462,2025-08-06 13:07:12.173504
FULLBOOK_1547,1547,fullbook,1476043,243400,2025-08-06 13:07:14.126573
FULLBOOK_1548,1548,fullbook,3123573,557537,2025-08-06 13:07:22.941306
FULLBOOK_1549,1549,fullbook,1546724,277241,2025-08-06 13:07:24.346694
FULLBOOK_155,155,fullbook,848419,157451,2025-08-06 12:35:53.597885
FULLBOOK_1550,1550,fullbook,4489304,710005,2025-08-06 13:07:25.558654
FULLBOOK_1551,1551,fullbook,715292,111797,2025-08-06 13:07:27.252742
FULLBOOK_1552,1552,fullbook,792601,132142,2025-08-06 13:07:27.915676
FULLBOOK_1553,1553,fullbook,1183040,210581,2025-08-06 13:07:28.589098
FULLBOOK_1554,1554,fullbook,2525064,395850,2025-08-06 13:07:29.48994
FULLBOOK_1555,1555,fullbook,1693909,311430,2025-08-06 13:07:30.723715
FULLBOOK_1556,1556,fullbook,668199,108007,2025-08-06 13:07:31.612789
FULLBOOK_1557,1557,fullbook,2487356,390673,2025-08-06 13:07:32.376105
FULLBOOK_1558,1558,fullbook,1638876,278943,2025-08-06 13:07:33.574414
FULLBOOK_1559,1559,fullbook,1940617,359815,2025-08-06 13:07:34.59295
FULLBOOK_156,156,fullbook,1076653,192656,2025-08-06 12:35:54.330469
FULLBOOK_1560,1560,fullbook,1657392,316277,2025-08-06 13:07:35.673703
FULLBOOK_1561,1561,fullbook,1296472,235532,2025-08-06 13:07:36.641269
FULLBOOK_1562,1562,fullbook,1043888,192815,2025-08-06 13:07:38.139026
FULLBOOK_1563,1563,fullbook,1684198,282722,2025-08-06 13:07:38.981915
FULLBOOK_1564,1564,fullbook,2835715,495923,2025-08-06 13:07:40.109249
FULLBOOK_1565,1565,fullbook,1686175,307498,2025-08-06 13:07:41.425878
FULLBOOK_1566,1566,fullbook,1987346,348177,2025-08-06 13:07:42.461462
FULLBOOK_1567,1567,fullbook,2627106,477294,2025-08-06 13:07:43.628115
FULLBOOK_1568,1568,fullbook,2061107,383354,2025-08-06 13:07:44.913014
FULLBOOK_1569,1569,fullbook,1901383,352354,2025-08-06 13:07:46.075086
FULLBOOK_157,157,fullbook,1704927,309993,2025-08-06 12:35:58.22949
FULLBOOK_1570,1570,fullbook,1497879,240836,2025-08-06 13:07:47.126006
FULLBOOK_1571,1571,fullbook,2041175,363325,2025-08-06 13:07:48.140957
FULLBOOK_1572,1572,fullbook,3270642,536022,2025-08-06 13:07:49.376084
FULLBOOK_1573,1573,fullbook,1890107,328366,2025-08-06 13:07:50.94325
FULLBOOK_1574,1574,fullbook,1565789,268348,2025-08-06 13:07:52.007557
FULLBOOK_1575,1575,fullbook,2922117,451983,2025-08-06 13:07:55.105271
FULLBOOK_1576,1576,fullbook,2057854,335660,2025-08-06 13:07:56.458439
FULLBOOK_1577,1577,fullbook,1214533,186439,2025-08-06 13:07:57.556913
FULLBOOK_1578,1578,fullbook,2065968,368158,2025-08-06 13:07:58.477422
FULLBOOK_1579,1579,fullbook,5841414,982702,2025-08-06 13:07:59.91072
FULLBOOK_158,158,fullbook,2473543,444366,2025-08-06 12:35:59.368823
FULLBOOK_1580,1580,fullbook,3541528,633003,2025-08-06 13:08:02.225837
FULLBOOK_1581,1581,fullbook,6073714,1066934,2025-08-06 13:08:04.124698
FULLBOOK_1582,1582,fullbook,2270644,405135,2025-08-06 13:08:07.02826
FULLBOOK_1583,1583,fullbook,2231064,353160,2025-08-06 13:08:08.24546
FULLBOOK_1584,1584,fullbook,735903,112695,2025-08-06 13:08:09.326111
FULLBOOK_1585,1585,fullbook,564174,103196,2025-08-06 13:08:09.977592
FULLBOOK_1586,1586,fullbook,1987519,302759,2025-08-06 13:08:10.710292
FULLBOOK_1587,1587,fullbook,7138828,1175939,2025-08-06 13:08:12.306923
FULLBOOK_1588,1588,fullbook,1285942,239096,2025-08-06 13:08:14.772993
FULLBOOK_1589,1589,fullbook,5612682,959374,2025-08-06 13:08:15.990897
FULLBOOK_159,159,fullbook,1315254,244223,2025-08-06 12:36:00.581072
FULLBOOK_1590,1590,fullbook,3526860,643462,2025-08-06 13:08:18.278868
FULLBOOK_1591,1591,fullbook,2390883,406800,2025-08-06 13:08:19.828901
FULLBOOK_1592,1592,fullbook,2255716,408142,2025-08-06 13:08:21.092308
FULLBOOK_1593,1593,fullbook,2241402,375466,2025-08-06 13:08:22.274875
FULLBOOK_1594,1594,fullbook,2073021,337213,2025-08-06 13:08:23.456369
FULLBOOK_1595,1595,fullbook,2066693,353401,2025-08-06 13:08:24.593699
FULLBOOK_1596,1596,fullbook,2120367,374542,2025-08-06 13:08:25.760395
FULLBOOK_1597,1597,fullbook,2117029,375877,2025-08-06 13:08:26.960432
FULLBOOK_1598,1598,fullbook,2183835,354150,2025-08-06 13:08:28.161443
FULLBOOK_1599,1599,fullbook,3329660,570563,2025-08-06 13:08:29.445308
FULLBOOK_16,16,fullbook,1402292,220890,2025-08-06 03:46:06.858462
FULLBOOK_160,160,fullbook,1159181,175371,2025-08-06 12:36:01.444889
FULLBOOK_1600,1600,fullbook,1630178,268463,2025-08-06 13:08:30.892399
FULLBOOK_1601,1601,fullbook,826202,151215,2025-08-06 13:08:31.838208
FULLBOOK_1602,1602,fullbook,2993898,519292,2025-08-06 13:08:33.471544
FULLBOOK_1603,1603,fullbook,2048145,374783,2025-08-06 13:08:34.858147
FULLBOOK_1604,1604,fullbook,573847,108071,2025-08-06 13:08:35.905097
FULLBOOK_1605,1605,fullbook,1434401,272636,2025-08-06 13:08:36.614012
FULLBOOK_1606,1606,fullbook,1974119,315141,2025-08-06 13:08:37.577959
FULLBOOK_1607,1607,fullbook,2340231,397340,2025-08-06 13:08:38.724148
FULLBOOK_1608,1608,fullbook,533203,88732,2025-08-06 13:08:39.834165
FULLBOOK_1609,1609,fullbook,2012966,330225,2025-08-06 13:08:40.574656
FULLBOOK_161,161,fullbook,1681030,300666,2025-08-06 12:36:03.647734
FULLBOOK_1610,1610,fullbook,746763,124151,2025-08-06 13:08:41.593046
FULLBOOK_1611,1611,fullbook,2735735,489559,2025-08-06 13:08:42.458478
FULLBOOK_1612,1612,fullbook,2577860,422737,2025-08-06 13:08:43.81
FULLBOOK_1613,1613,fullbook,2466840,410762,2025-08-06 13:08:45.142106
FULLBOOK_1614,1614,fullbook,4752894,845050,2025-08-06 13:08:46.657757
FULLBOOK_1615,1615,fullbook,1877526,282976,2025-08-06 13:08:48.524682
FULLBOOK_1616,1616,fullbook,3354486,499593,2025-08-06 13:08:51.29041
FULLBOOK_1617,1617,fullbook,1048656,187685,2025-08-06 13:08:52.737181
FULLBOOK_1618,1618,fullbook,4832708,749206,2025-08-06 13:08:53.805738
FULLBOOK_1619,1619,fullbook,1686172,283749,2025-08-06 13:08:55.657752
FULLBOOK_162,162,fullbook,2600420,414103,2025-08-06 12:36:07.779117
FULLBOOK_1620,1620,fullbook,1427998,241185,2025-08-06 13:08:56.677154
FULLBOOK_1621,1621,fullbook,1517341,275651,2025-08-06 13:08:57.6257
FULLBOOK_1622,1622,fullbook,2824314,506746,2025-08-06 13:08:59.327568
FULLBOOK_1623,1623,fullbook,2301656,386844,2025-08-06 13:09:00.69691
FULLBOOK_1624,1624,fullbook,4133402,650984,2025-08-06 13:09:02.059335
FULLBOOK_1625,1625,fullbook,1569981,267769,2025-08-06 13:09:03.724306
FULLBOOK_1626,1626,fullbook,2007644,324106,2025-08-06 13:09:04.758569
FULLBOOK_1627,1627,fullbook,2870396,435098,2025-08-06 13:09:05.975431
FULLBOOK_1628,1628,fullbook,1560975,255728,2025-08-06 13:09:07.318711
FULLBOOK_1629,1629,fullbook,3146627,522891,2025-08-06 13:09:08.425795
FULLBOOK_163,163,fullbook,1422257,260663,2025-08-06 12:36:09.038983
FULLBOOK_1630,1630,fullbook,1942872,310247,2025-08-06 13:09:09.861203
FULLBOOK_1631,1631,fullbook,2270229,367592,2025-08-06 13:09:11.006628
FULLBOOK_1632,1632,fullbook,2660694,444227,2025-08-06 13:09:12.290689
FULLBOOK_1633,1633,fullbook,2041153,360515,2025-08-06 13:09:13.608599
FULLBOOK_1634,1634,fullbook,499759,89921,2025-08-06 13:09:14.643807
FULLBOOK_1635,1635,fullbook,2353794,390245,2025-08-06 13:09:15.391086
FULLBOOK_1636,1636,fullbook,500112,91480,2025-08-06 13:09:16.559954
FULLBOOK_1637,1637,fullbook,2851949,460454,2025-08-06 13:09:17.356998
FULLBOOK_1638,1638,fullbook,8099807,1411320,2025-08-06 13:09:19.254945
FULLBOOK_1639,1639,fullbook,2224337,354862,2025-08-06 13:09:22.077969
FULLBOOK_164,164,fullbook,1492899,272047,2025-08-06 12:36:09.965877
FULLBOOK_1640,1640,fullbook,2737263,425633,2025-08-06 13:09:23.324606
FULLBOOK_1641,1641,fullbook,3021977,488696,2025-08-06 13:09:24.74446
FULLBOOK_1642,1642,fullbook,2524189,462736,2025-08-06 13:09:26.824533
FULLBOOK_1643,1643,fullbook,1512626,256794,2025-08-06 13:09:28.073262
FULLBOOK_1644,1644,fullbook,3716718,549575,2025-08-06 13:09:29.207965
FULLBOOK_1645,1645,fullbook,1488923,273364,2025-08-06 13:09:30.806143
FULLBOOK_1646,1646,fullbook,1767273,295227,2025-08-06 13:09:31.769064
FULLBOOK_1647,1647,fullbook,3568797,562389,2025-08-06 13:09:32.943432
FULLBOOK_1649,1649,fullbook,1822618,323661,2025-08-06 13:09:34.498746
FULLBOOK_165,165,fullbook,2217440,400471,2025-08-06 12:36:10.9621
FULLBOOK_1650,1650,fullbook,3496005,574580,2025-08-06 13:09:35.713187
FULLBOOK_1651,1651,fullbook,1751579,291011,2025-08-06 13:09:37.226502
FULLBOOK_1652,1652,fullbook,1566181,265037,2025-08-06 13:09:38.277347
FULLBOOK_1653,1653,fullbook,945038,161699,2025-08-06 13:09:39.220157
FULLBOOK_1654,1654,fullbook,1334224,224862,2025-08-06 13:09:40.007578
FULLBOOK_1655,1655,fullbook,1807803,306700,2025-08-06 13:09:41.821878
FULLBOOK_1656,1656,fullbook,872109,146526,2025-08-06 13:09:42.793375
FULLBOOK_1657,1657,fullbook,5830004,1015033,2025-08-06 13:09:43.95884
FULLBOOK_1658,1658,fullbook,1812421,314142,2025-08-06 13:09:46.608376
FULLBOOK_1659,1659,fullbook,760170,136683,2025-08-06 13:09:47.590091
FULLBOOK_166,166,fullbook,2948158,477916,2025-08-06 12:36:12.215027
FULLBOOK_1660,1660,fullbook,847111,158630,2025-08-06 13:09:48.310262
FULLBOOK_1661,1661,fullbook,3898161,623835,2025-08-06 13:09:49.30472
FULLBOOK_1662,1662,fullbook,1608289,258798,2025-08-06 13:09:50.925416
FULLBOOK_1663,1663,fullbook,3718717,628477,2025-08-06 13:09:52.8263
FULLBOOK_1664,1664,fullbook,4434319,700396,2025-08-06 13:09:54.640046
FULLBOOK_1665,1665,fullbook,2169402,386822,2025-08-06 13:09:56.491855
FULLBOOK_1667,1667,fullbook,218531,40058,2025-08-06 13:09:58.025633
FULLBOOK_1668,1668,fullbook,674120,121888,2025-08-06 13:09:58.585753
FULLBOOK_1669,1669,fullbook,1097222,177641,2025-08-06 13:09:59.269952
FULLBOOK_167,167,fullbook,1885101,349413,2025-08-06 12:36:16.666623
FULLBOOK_1670,1670,fullbook,518812,89041,2025-08-06 13:10:00.030945
FULLBOOK_1671,1671,fullbook,1136958,203643,2025-08-06 13:10:00.677229
FULLBOOK_1672,1672,fullbook,779280,132878,2025-08-06 13:10:01.502132
FULLBOOK_1673,1673,fullbook,962285,169251,2025-08-06 13:10:02.221664
FULLBOOK_1674,1674,fullbook,1470245,265550,2025-08-06 13:10:03.006709
FULLBOOK_1675,1675,fullbook,1374733,250804,2025-08-06 13:10:03.940042
FULLBOOK_1676,1676,fullbook,1335613,243792,2025-08-06 13:10:04.856882
FULLBOOK_1677,1677,fullbook,1146513,201439,2025-08-06 13:10:05.722789
FULLBOOK_1678,1678,fullbook,1292473,236399,2025-08-06 13:10:14.305579
FULLBOOK_1679,1679,fullbook,218902,38106,2025-08-06 13:10:15.087911
FULLBOOK_168,168,fullbook,1211872,211456,2025-08-06 12:36:17.698753
FULLBOOK_1680,1680,fullbook,1128514,203274,2025-08-06 13:10:15.677619
FULLBOOK_1681,1681,fullbook,771797,137289,2025-08-06 13:10:16.625479
FULLBOOK_1682,1682,fullbook,1197498,211409,2025-08-06 13:10:17.355964
FULLBOOK_1683,1683,fullbook,1148273,203600,2025-08-06 13:10:18.803806
FULLBOOK_1684,1684,fullbook,1368560,221596,2025-08-06 13:10:19.651634
FULLBOOK_1685,1685,fullbook,1570545,285628,2025-08-06 13:10:20.556759
FULLBOOK_1686,1686,fullbook,705516,117860,2025-08-06 13:10:21.440721
FULLBOOK_1687,1687,fullbook,1691275,310190,2025-08-06 13:10:22.189022
FULLBOOK_1688,1688,fullbook,1411388,254619,2025-08-06 13:10:23.171533
FULLBOOK_1689,1689,fullbook,1619881,278819,2025-08-06 13:10:24.089696
FULLBOOK_169,169,fullbook,2518302,455542,2025-08-06 12:36:18.66604
FULLBOOK_1690,1690,fullbook,1138992,197922,2025-08-06 13:10:25.037938
FULLBOOK_1691,1691,fullbook,1159362,212629,2025-08-06 13:10:25.857391
FULLBOOK_1692,1692,fullbook,1805595,304733,2025-08-06 13:10:26.725906
FULLBOOK_1693,1693,fullbook,1695348,310516,2025-08-06 13:10:27.737329
FULLBOOK_1694,1694,fullbook,1926406,326401,2025-08-06 13:10:28.758006
FULLBOOK_1695,1695,fullbook,1434410,247865,2025-08-06 13:10:29.820587
FULLBOOK_1696,1696,fullbook,530196,97974,2025-08-06 13:10:30.667665
FULLBOOK_1697,1697,fullbook,1998545,363949,2025-08-06 13:10:31.386075
FULLBOOK_1698,1698,fullbook,940988,154777,2025-08-06 13:10:32.42196
FULLBOOK_1699,1699,fullbook,1506892,264248,2025-08-06 13:10:33.207888
FULLBOOK_17,17,fullbook,3761042,631972,2025-08-06 03:46:07.922179
FULLBOOK_170,170,fullbook,1243442,229495,2025-08-06 12:36:19.882597
FULLBOOK_1700,1700,fullbook,2167703,400063,2025-08-06 13:10:34.239972
FULLBOOK_1701,1701,fullbook,1439669,217375,2025-08-06 13:10:37.302124
FULLBOOK_1702,1702,fullbook,1687606,290798,2025-08-06 13:10:38.240816
FULLBOOK_1703,1703,fullbook,1530167,267038,2025-08-06 13:10:39.877055
FULLBOOK_1704,1704,fullbook,1478081,254081,2025-08-06 13:10:40.823652
FULLBOOK_1705,1705,fullbook,2037050,343942,2025-08-06 13:10:41.806378
FULLBOOK_1706,1706,fullbook,1394863,254676,2025-08-06 13:10:42.874466
FULLBOOK_1708,1708,fullbook,705721,119437,2025-08-06 13:10:43.735381
FULLBOOK_1709,1709,fullbook,1561609,253440,2025-08-06 13:10:44.471761
FULLBOOK_171,171,fullbook,1365634,257567,2025-08-06 12:36:20.731378
FULLBOOK_1710,1710,fullbook,1304736,240813,2025-08-06 13:10:45.403005
FULLBOOK_1711,1711,fullbook,1488114,242080,2025-08-06 13:10:46.438443
FULLBOOK_1712,1712,fullbook,2073366,332534,2025-08-06 13:10:47.421175
FULLBOOK_1713,1713,fullbook,2572182,472041,2025-08-06 13:10:48.603789
FULLBOOK_1714,1714,fullbook,1355224,200629,2025-08-06 13:10:49.791199
FULLBOOK_1715,1715,fullbook,1375755,227561,2025-08-06 13:10:50.692285
FULLBOOK_1716,1716,fullbook,660727,123607,2025-08-06 13:10:51.539833
FULLBOOK_1717,1717,fullbook,1815459,300481,2025-08-06 13:10:52.421159
FULLBOOK_1718,1718,fullbook,1741671,314495,2025-08-06 13:10:53.505872
FULLBOOK_1719,1719,fullbook,1651197,286640,2025-08-06 13:10:54.540952
FULLBOOK_172,172,fullbook,983544,183060,2025-08-06 12:36:24.64985
FULLBOOK_1720,1720,fullbook,1391876,225624,2025-08-06 13:10:55.539429
FULLBOOK_1721,1721,fullbook,1032998,182546,2025-08-06 13:10:56.422484
FULLBOOK_1722,1722,fullbook,1271515,231534,2025-08-06 13:10:57.239233
FULLBOOK_1723,1723,fullbook,634851,115109,2025-08-06 13:10:58.053645
FULLBOOK_1724,1724,fullbook,2128660,349553,2025-08-06 13:10:59.441588
FULLBOOK_1725,1725,fullbook,1024451,189402,2025-08-06 13:11:00.539979
FULLBOOK_1726,1726,fullbook,1587992,244753,2025-08-06 13:11:01.370058
FULLBOOK_1727,1727,fullbook,1819242,295063,2025-08-06 13:11:02.374784
FULLBOOK_1728,1728,fullbook,1564873,294075,2025-08-06 13:11:03.420241
FULLBOOK_1729,1729,fullbook,745174,133867,2025-08-06 13:11:04.336783
FULLBOOK_173,173,fullbook,1130570,207952,2025-08-06 12:36:25.416174
FULLBOOK_1730,1730,fullbook,1762866,279916,2025-08-06 13:11:05.105216
FULLBOOK_1731,1731,fullbook,2251718,361474,2025-08-06 13:11:06.209693
FULLBOOK_1732,1732,fullbook,1685478,281363,2025-08-06 13:11:07.374175
FULLBOOK_1733,1733,fullbook,1345944,211599,2025-08-06 13:11:08.354921
FULLBOOK_1734,1734,fullbook,1221740,189167,2025-08-06 13:11:09.256421
FULLBOOK_1735,1735,fullbook,997472,187110,2025-08-06 13:11:10.104574
FULLBOOK_1736,1736,fullbook,880482,154636,2025-08-06 13:11:10.887058
FULLBOOK_1737,1737,fullbook,529689,98444,2025-08-06 13:11:11.588749
FULLBOOK_1738,1738,fullbook,1517759,277366,2025-08-06 13:11:12.276187
FULLBOOK_1739,1739,fullbook,2625588,419640,2025-08-06 13:11:13.323073
FULLBOOK_174,174,fullbook,1413936,243375,2025-08-06 12:36:26.270743
FULLBOOK_1740,1740,fullbook,958070,145914,2025-08-06 13:11:14.521975
FULLBOOK_1742,1742,fullbook,1174349,206452,2025-08-06 13:11:15.317637
FULLBOOK_1743,1743,fullbook,965408,169264,2025-08-06 13:11:16.123572
FULLBOOK_1744,1744,fullbook,1863385,335725,2025-08-06 13:11:16.974701
FULLBOOK_1745,1745,fullbook,971570,180371,2025-08-06 13:11:18.638334
FULLBOOK_1746,1746,fullbook,2357434,385865,2025-08-06 13:11:19.891747
FULLBOOK_1747,1747,fullbook,2405134,420958,2025-08-06 13:11:21.172362
FULLBOOK_1748,1748,fullbook,1134941,202692,2025-08-06 13:11:22.359254
FULLBOOK_1749,1749,fullbook,1162946,205973,2025-08-06 13:11:23.192434
FULLBOOK_175,175,fullbook,2884775,517319,2025-08-06 12:36:27.31409
FULLBOOK_1750,1750,fullbook,3132462,529576,2025-08-06 13:11:24.174557
FULLBOOK_1751,1751,fullbook,1231592,211100,2025-08-06 13:11:25.557406
FULLBOOK_1752,1752,fullbook,1774210,292951,2025-08-06 13:11:26.458662
FULLBOOK_1753,1753,fullbook,3121692,567309,2025-08-06 13:11:27.640794
FULLBOOK_1754,1754,fullbook,1190883,197353,2025-08-06 13:11:29.020308
FULLBOOK_1755,1755,fullbook,3176288,521096,2025-08-06 13:11:30.028213
FULLBOOK_1756,1756,fullbook,2806674,486209,2025-08-06 13:11:31.558931
FULLBOOK_1757,1757,fullbook,3314048,526668,2025-08-06 13:11:33.005358
FULLBOOK_1758,1758,fullbook,2158988,381315,2025-08-06 13:11:34.457661
FULLBOOK_1759,1759,fullbook,1894977,346863,2025-08-06 13:11:35.638045
FULLBOOK_176,176,fullbook,1665542,296468,2025-08-06 12:36:28.686767
FULLBOOK_1760,1760,fullbook,1448728,240732,2025-08-06 13:11:36.868945
FULLBOOK_1761,1761,fullbook,2049055,366688,2025-08-06 13:11:37.82485
FULLBOOK_1762,1762,fullbook,1025442,189479,2025-08-06 13:11:38.871202
FULLBOOK_1763,1763,fullbook,2726350,455089,2025-08-06 13:11:39.739
FULLBOOK_1764,1764,fullbook,2321294,389786,2025-08-06 13:11:41.093064
FULLBOOK_1765,1765,fullbook,708789,125457,2025-08-06 13:11:42.927302
FULLBOOK_1766,1766,fullbook,1750990,308383,2025-08-06 13:11:43.659875
FULLBOOK_1767,1767,fullbook,1426765,260103,2025-08-06 13:11:44.653077
FULLBOOK_1768,1768,fullbook,1284059,217912,2025-08-06 13:11:45.552199
FULLBOOK_1769,1769,fullbook,1869136,339251,2025-08-06 13:11:46.452551
FULLBOOK_177,177,fullbook,1954510,358541,2025-08-06 12:36:32.783706
FULLBOOK_1770,1770,fullbook,3006264,524895,2025-08-06 13:11:47.572895
FULLBOOK_1771,1771,fullbook,2936933,491906,2025-08-06 13:11:49.059473
FULLBOOK_1772,1772,fullbook,1438121,230240,2025-08-06 13:11:50.520514
FULLBOOK_1773,1773,fullbook,6541570,1169082,2025-08-06 13:11:51.906706
FULLBOOK_1774,1774,fullbook,2160104,405125,2025-08-06 13:11:54.452419
FULLBOOK_1775,1775,fullbook,346956,60040,2025-08-06 13:11:55.469042
FULLBOOK_1776,1776,fullbook,5898822,1034152,2025-08-06 13:11:56.553784
FULLBOOK_1777,1777,fullbook,3700363,612548,2025-08-06 13:11:58.920289
FULLBOOK_1778,1778,fullbook,899359,167517,2025-08-06 13:12:00.419265
FULLBOOK_1779,1779,fullbook,3311350,516477,2025-08-06 13:12:01.370682
FULLBOOK_178,178,fullbook,1797696,311302,2025-08-06 12:36:33.881387
FULLBOOK_1780,1780,fullbook,3517182,561783,2025-08-06 13:12:03.002405
FULLBOOK_1781,1781,fullbook,3083976,555486,2025-08-06 13:12:04.689148
FULLBOOK_1782,1782,fullbook,2002789,357360,2025-08-06 13:12:06.107436
FULLBOOK_1783,1783,fullbook,1793866,266539,2025-08-06 13:12:07.222614
FULLBOOK_1784,1784,fullbook,1595967,285700,2025-08-06 13:12:08.275215
FULLBOOK_1785,1785,fullbook,2468739,367670,2025-08-06 13:12:09.974559
FULLBOOK_1786,1786,fullbook,3327717,579656,2025-08-06 13:12:11.301367
FULLBOOK_1787,1787,fullbook,3161611,497004,2025-08-06 13:12:12.868704
FULLBOOK_1788,1788,fullbook,1996303,332036,2025-08-06 13:12:16.272398
FULLBOOK_1789,1789,fullbook,2673656,477337,2025-08-06 13:12:17.521582
FULLBOOK_179,179,fullbook,1439274,268410,2025-08-06 12:36:34.916013
FULLBOOK_1790,1790,fullbook,3533889,596774,2025-08-06 13:12:18.941359
FULLBOOK_1791,1791,fullbook,1532059,250618,2025-08-06 13:12:20.418952
FULLBOOK_1792,1792,fullbook,1774159,281200,2025-08-06 13:12:21.386892
FULLBOOK_1793,1793,fullbook,1470765,278660,2025-08-06 13:12:22.377026
FULLBOOK_1794,1794,fullbook,4341681,806099,2025-08-06 13:12:23.522174
FULLBOOK_1795,1795,fullbook,1024667,182635,2025-08-06 13:12:25.272888
FULLBOOK_1796,1796,fullbook,483026,79107,2025-08-06 13:12:26.054315
FULLBOOK_1797,1797,fullbook,2889599,433454,2025-08-06 13:12:26.825661
FULLBOOK_1798,1798,fullbook,2065845,365026,2025-08-06 13:12:28.205946
FULLBOOK_1799,1799,fullbook,1700829,289939,2025-08-06 13:12:29.304026
FULLBOOK_18,18,fullbook,4065755,712039,2025-08-06 03:46:09.676761
FULLBOOK_180,180,fullbook,1181093,207979,2025-08-06 12:36:35.829334
FULLBOOK_1800,1800,fullbook,2620069,466637,2025-08-06 13:12:30.388795
FULLBOOK_1801,1801,fullbook,1352919,245640,2025-08-06 13:12:31.619257
FULLBOOK_1802,1802,fullbook,3050665,547580,2025-08-06 13:12:32.65844
FULLBOOK_1803,1803,fullbook,2087204,374924,2025-08-06 13:12:34.073059
FULLBOOK_1804,1804,fullbook,2740034,479346,2025-08-06 13:12:35.272426
FULLBOOK_1805,1805,fullbook,2336041,366843,2025-08-06 13:12:37.251691
FULLBOOK_1806,1806,fullbook,1366991,237791,2025-08-06 13:12:38.455546
FULLBOOK_1807,1807,fullbook,2082648,373454,2025-08-06 13:12:39.438612
FULLBOOK_1808,1808,fullbook,1501970,268477,2025-08-06 13:12:40.540138
FULLBOOK_1809,1809,fullbook,1884247,322730,2025-08-06 13:12:49.650795
FULLBOOK_181,181,fullbook,3579033,568210,2025-08-06 12:36:36.865856
FULLBOOK_1810,1810,fullbook,1752805,328013,2025-08-06 13:12:50.704035
FULLBOOK_1811,1811,fullbook,1553265,244890,2025-08-06 13:12:51.70385
FULLBOOK_1812,1812,fullbook,3259615,600223,2025-08-06 13:12:52.802877
FULLBOOK_1813,1813,fullbook,2558974,386323,2025-08-06 13:12:54.287083
FULLBOOK_1815,1815,fullbook,1016677,168838,2025-08-06 13:12:55.604079
FULLBOOK_1816,1816,fullbook,1317226,226923,2025-08-06 13:12:56.406121
FULLBOOK_1817,1817,fullbook,3207246,529130,2025-08-06 13:12:57.46185
FULLBOOK_1818,1818,fullbook,3818643,575459,2025-08-06 13:12:59.088301
FULLBOOK_1819,1819,fullbook,1725506,266951,2025-08-06 13:13:00.669109
FULLBOOK_182,182,fullbook,2083715,380989,2025-08-06 12:36:41.528702
FULLBOOK_1820,1820,fullbook,392483,69898,2025-08-06 13:13:01.577968
FULLBOOK_1821,1821,fullbook,1708644,272083,2025-08-06 13:13:02.236159
FULLBOOK_1822,1822,fullbook,1313231,229929,2025-08-06 13:13:03.221283
FULLBOOK_1823,1823,fullbook,1554853,264428,2025-08-06 13:13:04.089711
FULLBOOK_1824,1824,fullbook,1086320,168447,2025-08-06 13:13:05.017904
FULLBOOK_1825,1825,fullbook,1297598,214898,2025-08-06 13:13:05.836005
FULLBOOK_1826,1826,fullbook,1439455,265904,2025-08-06 13:13:07.368143
FULLBOOK_1827,1827,fullbook,2719395,487206,2025-08-06 13:13:08.371398
FULLBOOK_1828,1828,fullbook,1393730,256001,2025-08-06 13:13:09.636348
FULLBOOK_1829,1829,fullbook,1058070,199900,2025-08-06 13:13:10.502336
FULLBOOK_183,183,fullbook,2475712,459960,2025-08-06 12:36:42.88584
FULLBOOK_1831,1831,fullbook,1989187,317073,2025-08-06 13:13:13.270427
FULLBOOK_1832,1832,fullbook,6241444,1043069,2025-08-06 13:13:14.705205
FULLBOOK_1833,1833,fullbook,2068815,316686,2025-08-06 13:13:16.971247
FULLBOOK_1834,1834,fullbook,2420679,405074,2025-08-06 13:13:18.123099
FULLBOOK_1835,1835,fullbook,3328821,588486,2025-08-06 13:13:19.752856
FULLBOOK_1836,1836,fullbook,739453,117997,2025-08-06 13:13:21.158019
FULLBOOK_1837,1837,fullbook,1469815,234844,2025-08-06 13:13:21.891355
FULLBOOK_1838,1838,fullbook,1441916,267056,2025-08-06 13:13:22.83931
FULLBOOK_1839,1839,fullbook,910306,162860,2025-08-06 13:13:23.753657
FULLBOOK_184,184,fullbook,888617,157499,2025-08-06 12:36:44.069239
FULLBOOK_1840,1840,fullbook,1032156,174146,2025-08-06 13:13:24.469714
FULLBOOK_1841,1841,fullbook,782137,121094,2025-08-06 13:13:25.222126
FULLBOOK_1842,1842,fullbook,1335754,234232,2025-08-06 13:13:25.972283
FULLBOOK_1843,1843,fullbook,1218138,217858,2025-08-06 13:13:26.836372
FULLBOOK_1844,1844,fullbook,1625359,274855,2025-08-06 13:13:27.719503
FULLBOOK_1845,1845,fullbook,2527644,422025,2025-08-06 13:13:28.771761
FULLBOOK_1846,1846,fullbook,729781,120150,2025-08-06 13:13:29.953564
FULLBOOK_1847,1847,fullbook,4821834,808384,2025-08-06 13:13:31.569697
FULLBOOK_1848,1848,fullbook,1502398,248925,2025-08-06 13:13:33.420434
FULLBOOK_1849,1849,fullbook,1704693,316701,2025-08-06 13:13:34.387336
FULLBOOK_185,185,fullbook,964401,174496,2025-08-06 12:36:44.818773
FULLBOOK_1850,1850,fullbook,3120065,492089,2025-08-06 13:13:35.572687
FULLBOOK_1851,1851,fullbook,2460144,420826,2025-08-06 13:13:37.05646
FULLBOOK_1852,1852,fullbook,1589970,253483,2025-08-06 13:13:38.2887
FULLBOOK_1853,1853,fullbook,7502945,1385956,2025-08-06 13:13:39.736526
FULLBOOK_1854,1854,fullbook,711734,118799,2025-08-06 13:13:42.168649
FULLBOOK_1855,1855,fullbook,1537882,282729,2025-08-06 13:13:42.92421
FULLBOOK_1856,1856,fullbook,595739,101346,2025-08-06 13:13:43.790151
FULLBOOK_1857,1857,fullbook,1584245,260303,2025-08-06 13:13:44.52295
FULLBOOK_1858,1858,fullbook,4229737,679850,2025-08-06 13:13:45.787856
FULLBOOK_1859,1859,fullbook,1271460,220887,2025-08-06 13:13:47.516453
FULLBOOK_186,186,fullbook,1130778,207397,2025-08-06 12:36:45.612406
FULLBOOK_1860,1860,fullbook,1246205,188502,2025-08-06 13:13:48.404525
FULLBOOK_1861,1861,fullbook,1609396,281656,2025-08-06 13:13:49.301998
FULLBOOK_1862,1862,fullbook,2391512,355266,2025-08-06 13:13:50.356269
FULLBOOK_1863,1863,fullbook,1523597,261715,2025-08-06 13:13:51.555971
FULLBOOK_1864,1864,fullbook,2092633,341688,2025-08-06 13:13:52.572531
FULLBOOK_1865,1865,fullbook,1951611,357895,2025-08-06 13:13:53.725957
FULLBOOK_1867,1867,fullbook,2472170,431644,2025-08-06 13:13:55.817478
FULLBOOK_1868,1868,fullbook,1214875,199193,2025-08-06 13:13:57.124252
FULLBOOK_1869,1869,fullbook,5746285,1018837,2025-08-06 13:13:58.341171
FULLBOOK_187,187,fullbook,2508701,435398,2025-08-06 12:39:24.566655
FULLBOOK_1870,1870,fullbook,4097969,713996,2025-08-06 13:14:00.672241
FULLBOOK_1871,1871,fullbook,1450418,241770,2025-08-06 13:14:02.35465
FULLBOOK_1872,1872,fullbook,4983444,894411,2025-08-06 13:14:03.587301
FULLBOOK_1873,1873,fullbook,3511598,567075,2025-08-06 13:14:05.658093
FULLBOOK_1874,1874,fullbook,1769856,291573,2025-08-06 13:14:07.657644
FULLBOOK_1875,1875,fullbook,996735,187996,2025-08-06 13:14:08.66955
FULLBOOK_1876,1876,fullbook,1779016,321142,2025-08-06 13:14:09.523819
FULLBOOK_1877,1877,fullbook,2300801,407850,2025-08-06 13:14:10.622277
FULLBOOK_1878,1878,fullbook,1890355,334047,2025-08-06 13:14:11.823075
FULLBOOK_1879,1879,fullbook,2891307,449520,2025-08-06 13:14:13.0078
FULLBOOK_188,188,fullbook,1113374,198373,2025-08-06 12:39:25.797688
FULLBOOK_1880,1880,fullbook,3280939,579159,2025-08-06 13:14:14.506665
FULLBOOK_1881,1881,fullbook,881445,155585,2025-08-06 13:14:15.887195
FULLBOOK_1882,1882,fullbook,1467310,235981,2025-08-06 13:14:16.68934
FULLBOOK_1883,1883,fullbook,2357517,402175,2025-08-06 13:14:17.703621
FULLBOOK_1884,1884,fullbook,2170615,388168,2025-08-06 13:14:18.954336
FULLBOOK_1885,1885,fullbook,1414899,257536,2025-08-06 13:14:20.090492
FULLBOOK_1886,1886,fullbook,2595935,416691,2025-08-06 13:14:21.089626
FULLBOOK_1887,1887,fullbook,1535398,273292,2025-08-06 13:14:22.989601
FULLBOOK_1888,1888,fullbook,2884331,470882,2025-08-06 13:14:24.071787
FULLBOOK_1889,1889,fullbook,1153124,206195,2025-08-06 13:14:25.368289
FULLBOOK_189,189,fullbook,691804,124991,2025-08-06 12:39:26.583841
FULLBOOK_1890,1890,fullbook,1917510,313659,2025-08-06 13:14:26.305474
FULLBOOK_1891,1891,fullbook,2238528,374293,2025-08-06 13:14:27.422105
FULLBOOK_1892,1892,fullbook,1325983,207246,2025-08-06 13:14:28.552041
FULLBOOK_1893,1893,fullbook,1727329,280310,2025-08-06 13:14:29.474353
FULLBOOK_1894,1894,fullbook,1697226,276940,2025-08-06 13:14:30.503367
FULLBOOK_1895,1895,fullbook,1353350,208847,2025-08-06 13:14:31.49077
FULLBOOK_1896,1896,fullbook,831225,137256,2025-08-06 13:14:32.401883
FULLBOOK_1897,1897,fullbook,437408,73732,2025-08-06 13:14:33.082749
FULLBOOK_1898,1898,fullbook,1239158,189931,2025-08-06 13:14:33.68646
FULLBOOK_1899,1899,fullbook,1676251,269160,2025-08-06 13:14:34.573993
FULLBOOK_19,19,fullbook,4298558,716311,2025-08-06 03:46:11.525059
FULLBOOK_190,190,fullbook,5767419,1002692,2025-08-06 12:39:27.677385
FULLBOOK_1900,1900,fullbook,1922963,315103,2025-08-06 13:14:35.621139
FULLBOOK_1901,1901,fullbook,1484455,271069,2025-08-06 13:14:36.722456
FULLBOOK_1902,1902,fullbook,1537033,238120,2025-08-06 13:14:37.674756
FULLBOOK_1903,1903,fullbook,1244635,222609,2025-08-06 13:14:38.638258
FULLBOOK_1904,1904,fullbook,1715089,315060,2025-08-06 13:14:39.555621
FULLBOOK_1905,1905,fullbook,1978939,308420,2025-08-06 13:14:40.621455
FULLBOOK_1906,1906,fullbook,2831889,508395,2025-08-06 13:14:41.803711
FULLBOOK_1907,1907,fullbook,2487797,445438,2025-08-06 13:14:43.95789
FULLBOOK_1908,1908,fullbook,940847,170325,2025-08-06 13:14:45.121172
FULLBOOK_1909,1909,fullbook,1749228,281399,2025-08-06 13:14:45.95479
FULLBOOK_191,191,fullbook,2553609,388915,2025-08-06 12:39:29.879183
FULLBOOK_1910,1910,fullbook,2246204,377036,2025-08-06 13:14:47.039939
FULLBOOK_1911,1911,fullbook,1539895,274243,2025-08-06 13:14:48.214213
FULLBOOK_1912,1912,fullbook,2182801,416759,2025-08-06 13:14:49.257764
FULLBOOK_1913,1913,fullbook,1961897,347683,2025-08-06 13:14:50.437821
FULLBOOK_1914,1914,fullbook,1407885,239592,2025-08-06 13:14:51.558538
FULLBOOK_1916,1916,fullbook,1147704,197438,2025-08-06 13:14:52.469689
FULLBOOK_1917,1917,fullbook,1367875,212921,2025-08-06 13:14:53.320715
FULLBOOK_1918,1918,fullbook,2220051,363792,2025-08-06 13:14:54.656639
FULLBOOK_1919,1919,fullbook,1263947,235972,2025-08-06 13:14:55.807611
FULLBOOK_192,192,fullbook,2281064,362089,2025-08-06 12:39:34.215919
FULLBOOK_1920,1920,fullbook,2062577,350446,2025-08-06 13:14:56.770189
FULLBOOK_1921,1921,fullbook,2563611,404524,2025-08-06 13:14:58.102738
FULLBOOK_1922,1922,fullbook,807840,150139,2025-08-06 13:14:59.2684
FULLBOOK_1923,1923,fullbook,2055939,331653,2025-08-06 13:15:00.08578
FULLBOOK_1924,1924,fullbook,1312167,231307,2025-08-06 13:15:01.189774
FULLBOOK_1925,1925,fullbook,3944265,653429,2025-08-06 13:15:02.302257
FULLBOOK_1926,1926,fullbook,1511881,244140,2025-08-06 13:15:03.939652
FULLBOOK_1927,1927,fullbook,2247413,354331,2025-08-06 13:15:04.958626
FULLBOOK_1928,1928,fullbook,2641038,430340,2025-08-06 13:15:06.854201
FULLBOOK_1929,1929,fullbook,1213709,223351,2025-08-06 13:15:08.084148
FULLBOOK_193,193,fullbook,1646383,256849,2025-08-06 12:39:35.402099
FULLBOOK_1930,1930,fullbook,2498538,392179,2025-08-06 13:15:09.020818
FULLBOOK_1931,1931,fullbook,2487834,398398,2025-08-06 13:15:10.339857
FULLBOOK_1932,1932,fullbook,1185919,221254,2025-08-06 13:15:11.554672
FULLBOOK_1933,1933,fullbook,1527819,254204,2025-08-06 13:15:12.421996
FULLBOOK_1934,1934,fullbook,864642,136736,2025-08-06 13:15:13.321223
FULLBOOK_1935,1935,fullbook,966361,180218,2025-08-06 13:15:14.052453
FULLBOOK_1936,1936,fullbook,3031322,493307,2025-08-06 13:15:14.985982
FULLBOOK_1937,1937,fullbook,1789495,317272,2025-08-06 13:15:16.37176
FULLBOOK_1938,1938,fullbook,2091320,341538,2025-08-06 13:15:17.472686
FULLBOOK_1939,1939,fullbook,3474518,553125,2025-08-06 13:15:18.755927
FULLBOOK_1940,1940,fullbook,1210125,215102,2025-08-06 13:15:20.236505
FULLBOOK_1941,1941,fullbook,537168,99105,2025-08-06 13:15:28.380533
FULLBOOK_1942,1942,fullbook,721777,123164,2025-08-06 13:15:28.939026
FULLBOOK_1943,1943,fullbook,1465272,258728,2025-08-06 13:15:29.683072
FULLBOOK_1944,1944,fullbook,2293199,357618,2025-08-06 13:15:30.702921
FULLBOOK_1945,1945,fullbook,614749,111580,2025-08-06 13:15:31.77259
FULLBOOK_1946,1946,fullbook,5029521,821100,2025-08-06 13:15:32.753441
FULLBOOK_1947,1947,fullbook,1201058,220797,2025-08-06 13:15:34.68916
FULLBOOK_1948,1948,fullbook,2220918,331916,2025-08-06 13:15:36.252484
FULLBOOK_1949,1949,fullbook,1132370,196310,2025-08-06 13:15:37.40087
FULLBOOK_195,195,fullbook,2024135,358000,2025-08-06 12:39:36.448133
FULLBOOK_1950,1950,fullbook,2213179,337419,2025-08-06 13:15:38.300748
FULLBOOK_1951,1951,fullbook,1614654,275065,2025-08-06 13:15:39.422782
FULLBOOK_1953,1953,fullbook,1380401,230295,2025-08-06 13:15:40.859795
FULLBOOK_1954,1954,fullbook,3604300,593412,2025-08-06 13:15:41.940587
FULLBOOK_1955,1955,fullbook,2081301,350597,2025-08-06 13:15:43.503421
FULLBOOK_1956,1956,fullbook,2184553,393866,2025-08-06 13:15:44.67359
FULLBOOK_1958,1958,fullbook,2670076,454899,2025-08-06 13:15:45.937146
FULLBOOK_1959,1959,fullbook,2232251,371238,2025-08-06 13:15:47.355666
FULLBOOK_196,196,fullbook,1433201,235771,2025-08-06 12:39:37.531944
FULLBOOK_1960,1960,fullbook,2138207,367226,2025-08-06 13:15:48.558925
FULLBOOK_1961,1961,fullbook,1324915,229821,2025-08-06 13:15:51.435344
FULLBOOK_1962,1962,fullbook,6562313,1045600,2025-08-06 13:15:52.737839
FULLBOOK_1963,1963,fullbook,1695669,321288,2025-08-06 13:15:55.135668
FULLBOOK_1964,1964,fullbook,1764546,325001,2025-08-06 13:15:56.171288
FULLBOOK_1965,1965,fullbook,1039273,185610,2025-08-06 13:15:57.168698
FULLBOOK_1966,1966,fullbook,1225349,217027,2025-08-06 13:15:58.10692
FULLBOOK_1967,1967,fullbook,4431083,731616,2025-08-06 13:15:59.206248
FULLBOOK_1968,1968,fullbook,2274651,350245,2025-08-06 13:16:01.00925
FULLBOOK_1969,1969,fullbook,4376141,670432,2025-08-06 13:16:03.038365
FULLBOOK_197,197,fullbook,1227108,220387,2025-08-06 12:39:38.431708
FULLBOOK_1970,1970,fullbook,2823565,433605,2025-08-06 13:16:04.857562
FULLBOOK_1971,1971,fullbook,3133439,495726,2025-08-06 13:16:06.286905
FULLBOOK_1972,1972,fullbook,1413807,261739,2025-08-06 13:16:07.688496
FULLBOOK_1973,1973,fullbook,1854351,317641,2025-08-06 13:16:08.655966
FULLBOOK_1974,1974,fullbook,320938,56608,2025-08-06 13:16:09.618441
FULLBOOK_1975,1975,fullbook,821282,144619,2025-08-06 13:16:10.190183
FULLBOOK_1976,1976,fullbook,1830177,329205,2025-08-06 13:16:10.985937
FULLBOOK_1977,1977,fullbook,2861373,512198,2025-08-06 13:16:12.158053
FULLBOOK_1978,1978,fullbook,2137906,384179,2025-08-06 13:16:13.537106
FULLBOOK_1979,1979,fullbook,2513241,393192,2025-08-06 13:16:14.734546
FULLBOOK_198,198,fullbook,1255226,227710,2025-08-06 12:39:42.343731
FULLBOOK_1980,1980,fullbook,2411014,377247,2025-08-06 13:16:16.033203
FULLBOOK_1981,1981,fullbook,3512772,587435,2025-08-06 13:16:17.405261
FULLBOOK_1982,1982,fullbook,758850,138380,2025-08-06 13:16:18.852113
FULLBOOK_1983,1983,fullbook,2080113,327869,2025-08-06 13:16:19.635891
FULLBOOK_1984,1984,fullbook,2920825,512019,2025-08-06 13:16:20.872453
FULLBOOK_1985,1985,fullbook,1805488,311802,2025-08-06 13:16:22.223675
FULLBOOK_1986,1986,fullbook,2224840,358440,2025-08-06 13:16:23.309026
FULLBOOK_1987,1987,fullbook,1690900,264722,2025-08-06 13:16:24.473033
FULLBOOK_1988,1988,fullbook,1475804,261682,2025-08-06 13:16:25.485667
FULLBOOK_1989,1989,fullbook,948760,178547,2025-08-06 13:16:27.036753
FULLBOOK_199,199,fullbook,895313,145639,2025-08-06 12:39:43.244877
FULLBOOK_1990,1990,fullbook,1083703,198972,2025-08-06 13:16:27.827936
FULLBOOK_1991,1991,fullbook,1502589,242282,2025-08-06 13:16:28.667146
FULLBOOK_1992,1992,fullbook,1781617,283670,2025-08-06 13:16:29.652334
FULLBOOK_1993,1993,fullbook,2141680,345156,2025-08-06 13:16:30.751932
FULLBOOK_1994,1994,fullbook,1553838,284752,2025-08-06 13:16:31.890567
FULLBOOK_1995,1995,fullbook,2196778,337132,2025-08-06 13:16:32.887626
FULLBOOK_1996,1996,fullbook,1743900,320009,2025-08-06 13:16:34.056327
FULLBOOK_1997,1997,fullbook,845426,156145,2025-08-06 13:16:35.018423
FULLBOOK_1998,1998,fullbook,1996945,321055,2025-08-06 13:16:35.837366
FULLBOOK_1999,1999,fullbook,1420610,266972,2025-08-06 13:16:36.93634
FULLBOOK_2,2,fullbook,596539,105065,2025-08-06 03:45:52.138681
FULLBOOK_20,20,fullbook,1756539,271076,2025-08-06 03:46:13.17361
FULLBOOK_200,200,fullbook,3698318,638636,2025-08-06 12:39:44.198407
FULLBOOK_2000,2000,fullbook,3281164,507273,2025-08-06 13:16:38.009642
FULLBOOK_2001,2001,fullbook,654520,100930,2025-08-06 13:16:39.356418
FULLBOOK_2002,2002,fullbook,3171344,510071,2025-08-06 13:16:41.054646
FULLBOOK_2003,2003,fullbook,1213440,212165,2025-08-06 13:16:42.436379
FULLBOOK_2004,2004,fullbook,2633152,476589,2025-08-06 13:16:43.422544
FULLBOOK_2005,2005,fullbook,2290811,341266,2025-08-06 13:16:44.883706
FULLBOOK_2006,2006,fullbook,2137857,328850,2025-08-06 13:16:46.153231
FULLBOOK_2007,2007,fullbook,1653460,300748,2025-08-06 13:16:47.300137
FULLBOOK_2008,2008,fullbook,938695,171297,2025-08-06 13:16:48.236227
FULLBOOK_2009,2009,fullbook,1216511,206344,2025-08-06 13:16:49.658452
FULLBOOK_201,201,fullbook,2057672,328899,2025-08-06 12:39:45.814945
FULLBOOK_2010,2010,fullbook,1802267,300164,2025-08-06 13:16:50.572228
FULLBOOK_2011,2011,fullbook,4441379,807939,2025-08-06 13:16:51.857319
FULLBOOK_2012,2012,fullbook,3581065,589185,2025-08-06 13:16:53.756118
FULLBOOK_2013,2013,fullbook,1379115,218458,2025-08-06 13:16:55.289336
FULLBOOK_2014,2014,fullbook,3324136,501651,2025-08-06 13:16:56.356074
FULLBOOK_2015,2015,fullbook,230126,40000,2025-08-06 13:16:57.717131
FULLBOOK_2016,2016,fullbook,1665506,294406,2025-08-06 13:16:58.483949
FULLBOOK_2017,2017,fullbook,2814421,488426,2025-08-06 13:16:59.589332
FULLBOOK_2018,2018,fullbook,734955,138074,2025-08-06 13:17:00.820018
FULLBOOK_2019,2019,fullbook,9470657,1520426,2025-08-06 13:17:02.205689
FULLBOOK_202,202,fullbook,1578115,275041,2025-08-06 12:39:46.929725
FULLBOOK_2020,2020,fullbook,2657881,484573,2025-08-06 13:17:05.422783
FULLBOOK_2021,2021,fullbook,1361165,222379,2025-08-06 13:17:06.686933
FULLBOOK_2022,2022,fullbook,2068664,303236,2025-08-06 13:17:07.65742
FULLBOOK_2023,2023,fullbook,646766,102128,2025-08-06 13:17:08.703972
FULLBOOK_2024,2024,fullbook,2799333,511867,2025-08-06 13:17:09.554886
FULLBOOK_2025,2025,fullbook,2204837,396993,2025-08-06 13:17:10.939936
FULLBOOK_2026,2026,fullbook,1891389,304754,2025-08-06 13:17:12.137336
FULLBOOK_2027,2027,fullbook,3327364,537060,2025-08-06 13:17:13.371066
FULLBOOK_2028,2028,fullbook,2770532,465185,2025-08-06 13:17:14.934966
FULLBOOK_2029,2029,fullbook,630159,114592,2025-08-06 13:17:16.886297
FULLBOOK_203,203,fullbook,2002849,365144,2025-08-06 12:39:50.997636
FULLBOOK_2030,2030,fullbook,3640406,573211,2025-08-06 13:17:17.787901
FULLBOOK_2031,2031,fullbook,2862801,504817,2025-08-06 13:17:19.458699
FULLBOOK_2032,2032,fullbook,1479938,224271,2025-08-06 13:17:20.799946
FULLBOOK_2033,2033,fullbook,1918243,346721,2025-08-06 13:17:21.771733
FULLBOOK_2034,2034,fullbook,886084,139123,2025-08-06 13:17:22.786378
FULLBOOK_2035,2035,fullbook,2339379,396182,2025-08-06 13:17:23.651479
FULLBOOK_2036,2036,fullbook,1027101,187053,2025-08-06 13:17:24.818921
FULLBOOK_2037,2037,fullbook,1040500,181035,2025-08-06 13:17:25.600776
FULLBOOK_2038,2038,fullbook,1702032,298654,2025-08-06 13:17:26.453058
FULLBOOK_2039,2039,fullbook,2289789,404438,2025-08-06 13:17:27.521791
FULLBOOK_204,204,fullbook,2613848,423481,2025-08-06 12:39:52.182962
FULLBOOK_2040,2040,fullbook,2430691,450076,2025-08-06 13:17:28.799603
FULLBOOK_2041,2041,fullbook,6653477,1062139,2025-08-06 13:17:30.454149
FULLBOOK_2042,2042,fullbook,2743965,483156,2025-08-06 13:17:33.309276
FULLBOOK_2043,2043,fullbook,1823107,333335,2025-08-06 13:17:34.602753
FULLBOOK_2044,2044,fullbook,2231752,413543,2025-08-06 13:17:35.702555
FULLBOOK_2045,2045,fullbook,4226327,668901,2025-08-06 13:17:37.101675
FULLBOOK_2046,2046,fullbook,1135046,179215,2025-08-06 13:17:38.7538
FULLBOOK_2047,2047,fullbook,2842147,466093,2025-08-06 13:17:39.708891
FULLBOOK_2048,2048,fullbook,3542027,691141,2025-08-06 13:17:41.235802
FULLBOOK_2049,2049,fullbook,1911355,353265,2025-08-06 13:17:43.408392
FULLBOOK_205,205,fullbook,4201993,679241,2025-08-06 12:39:55.379168
FULLBOOK_2050,2050,fullbook,1767435,284908,2025-08-06 13:17:44.534568
FULLBOOK_2051,2051,fullbook,1706601,265696,2025-08-06 13:17:45.600834
FULLBOOK_2052,2052,fullbook,2253422,350692,2025-08-06 13:17:46.707535
FULLBOOK_2053,2053,fullbook,2236858,381895,2025-08-06 13:17:47.938917
FULLBOOK_2054,2054,fullbook,1600473,240012,2025-08-06 13:17:49.1059
FULLBOOK_2055,2055,fullbook,2895529,461074,2025-08-06 13:17:50.205121
FULLBOOK_2056,2056,fullbook,1502020,250206,2025-08-06 13:17:51.517508
FULLBOOK_2057,2057,fullbook,158298,26036,2025-08-06 13:17:52.385593
FULLBOOK_2058,2058,fullbook,2320393,398456,2025-08-06 13:17:53.051003
FULLBOOK_2059,2059,fullbook,2840031,484126,2025-08-06 13:17:54.336476
FULLBOOK_206,206,fullbook,2239306,397865,2025-08-06 12:39:57.168767
FULLBOOK_2060,2060,fullbook,1275932,192601,2025-08-06 13:17:55.605381
FULLBOOK_2061,2061,fullbook,2118520,339938,2025-08-06 13:17:56.551609
FULLBOOK_2062,2062,fullbook,650200,110129,2025-08-06 13:17:57.601861
FULLBOOK_2063,2063,fullbook,1268827,221961,2025-08-06 13:17:58.435755
FULLBOOK_2064,2064,fullbook,2045001,352056,2025-08-06 13:17:59.358685
FULLBOOK_2065,2065,fullbook,2229284,351126,2025-08-06 13:18:00.534875
FULLBOOK_2066,2066,fullbook,2147554,378269,2025-08-06 13:18:01.75396
FULLBOOK_2067,2067,fullbook,4588663,748947,2025-08-06 13:18:03.187907
FULLBOOK_2068,2068,fullbook,1433357,246433,2025-08-06 13:18:05.020451
FULLBOOK_2069,2069,fullbook,2498920,411903,2025-08-06 13:18:06.789053
FULLBOOK_207,207,fullbook,7237835,1289946,2025-08-06 12:39:58.780152
FULLBOOK_2070,2070,fullbook,2273428,419135,2025-08-06 13:18:08.101614
FULLBOOK_2071,2071,fullbook,1015198,176659,2025-08-06 13:18:17.599409
FULLBOOK_2072,2072,fullbook,245630,45711,2025-08-06 13:18:18.353036
FULLBOOK_2073,2073,fullbook,589258,103106,2025-08-06 13:18:18.865314
FULLBOOK_2074,2074,fullbook,307672,56888,2025-08-06 13:18:19.471912
FULLBOOK_2075,2075,fullbook,468091,82852,2025-08-06 13:18:19.996776
FULLBOOK_2076,2076,fullbook,761733,132538,2025-08-06 13:18:20.585925
FULLBOOK_2077,2077,fullbook,1105852,210344,2025-08-06 13:18:21.349156
FULLBOOK_2078,2078,fullbook,1042656,181940,2025-08-06 13:18:22.163649
FULLBOOK_2079,2079,fullbook,546589,99257,2025-08-06 13:18:22.923411
FULLBOOK_208,208,fullbook,930794,168815,2025-08-06 12:40:04.379823
FULLBOOK_2081,2081,fullbook,809108,142590,2025-08-06 13:18:23.998899
FULLBOOK_2082,2082,fullbook,556480,98253,2025-08-06 13:18:24.678434
FULLBOOK_2083,2083,fullbook,421302,69639,2025-08-06 13:18:25.286
FULLBOOK_2084,2084,fullbook,1089939,215425,2025-08-06 13:18:25.917073
FULLBOOK_2085,2085,fullbook,987282,193344,2025-08-06 13:18:26.700209
FULLBOOK_2086,2086,fullbook,365933,67900,2025-08-06 13:18:27.434547
FULLBOOK_2087,2087,fullbook,1045834,183267,2025-08-06 13:18:29.200385
FULLBOOK_2088,2088,fullbook,362252,67205,2025-08-06 13:18:29.929604
FULLBOOK_2089,2089,fullbook,110009,18035,2025-08-06 13:18:31.193658
FULLBOOK_209,209,fullbook,3529807,624254,2025-08-06 12:40:05.364312
FULLBOOK_2090,2090,fullbook,1094806,199705,2025-08-06 13:18:31.725501
FULLBOOK_2091,2091,fullbook,816203,135440,2025-08-06 13:18:32.502394
FULLBOOK_2092,2092,fullbook,929085,145639,2025-08-06 13:18:33.225561
FULLBOOK_2093,2093,fullbook,1272021,231818,2025-08-06 13:18:34.002712
FULLBOOK_2094,2094,fullbook,827686,150547,2025-08-06 13:18:34.834953
FULLBOOK_2095,2095,fullbook,1220023,221805,2025-08-06 13:18:35.59671
FULLBOOK_2096,2096,fullbook,1125937,200141,2025-08-06 13:18:36.44897
FULLBOOK_2097,2097,fullbook,1494984,245380,2025-08-06 13:18:37.306702
FULLBOOK_2098,2098,fullbook,148835,26131,2025-08-06 13:18:38.163909
FULLBOOK_2099,2099,fullbook,2012555,366533,2025-08-06 13:18:38.823343
FULLBOOK_21,21,fullbook,1425091,262159,2025-08-06 03:46:14.175761
FULLBOOK_210,210,fullbook,400882,68229,2025-08-06 12:40:06.789183
FULLBOOK_2100,2100,fullbook,1433210,229144,2025-08-06 13:18:39.901271
FULLBOOK_2101,2101,fullbook,1470449,245066,2025-08-06 13:18:40.851338
FULLBOOK_2102,2102,fullbook,1832104,331199,2025-08-06 13:18:41.833905
FULLBOOK_2103,2103,fullbook,1389109,250982,2025-08-06 13:18:42.884877
FULLBOOK_2104,2104,fullbook,673840,126241,2025-08-06 13:18:43.734074
FULLBOOK_2105,2105,fullbook,1180229,183391,2025-08-06 13:18:44.46002
FULLBOOK_2106,2106,fullbook,806697,148262,2025-08-06 13:18:45.255085
FULLBOOK_2107,2107,fullbook,1742745,310261,2025-08-06 13:18:46.072961
FULLBOOK_2108,2108,fullbook,1429293,257007,2025-08-06 13:18:47.085258
FULLBOOK_2109,2109,fullbook,1352541,257822,2025-08-06 13:18:48.657709
FULLBOOK_211,211,fullbook,1870077,320657,2025-08-06 12:40:07.463808
FULLBOOK_2110,2110,fullbook,1225435,218322,2025-08-06 13:18:49.55181
FULLBOOK_2111,2111,fullbook,651198,111024,2025-08-06 13:18:50.365835
FULLBOOK_2112,2112,fullbook,1235407,223987,2025-08-06 13:18:51.067823
FULLBOOK_2113,2113,fullbook,1444726,251851,2025-08-06 13:18:51.951297
FULLBOOK_2114,2114,fullbook,1333368,246622,2025-08-06 13:18:52.887131
FULLBOOK_2115,2115,fullbook,1507353,270910,2025-08-06 13:18:53.788451
FULLBOOK_2116,2116,fullbook,2381672,422164,2025-08-06 13:18:54.800053
FULLBOOK_2117,2117,fullbook,1199778,216630,2025-08-06 13:18:55.955257
FULLBOOK_2118,2118,fullbook,1911754,336410,2025-08-06 13:18:56.856228
FULLBOOK_2119,2119,fullbook,1809442,310683,2025-08-06 13:18:57.952685
FULLBOOK_212,212,fullbook,2079463,353219,2025-08-06 12:40:08.589789
FULLBOOK_2120,2120,fullbook,1676203,284386,2025-08-06 13:18:59.13363
FULLBOOK_2121,2121,fullbook,1185380,208587,2025-08-06 13:19:00.101953
FULLBOOK_2122,2122,fullbook,1744412,313322,2025-08-06 13:19:00.985317
FULLBOOK_2123,2123,fullbook,1159777,221323,2025-08-06 13:19:01.971686
FULLBOOK_2124,2124,fullbook,1389232,252328,2025-08-06 13:19:02.819583
FULLBOOK_2125,2125,fullbook,1380918,235597,2025-08-06 13:19:03.734707
FULLBOOK_2126,2126,fullbook,344041,63221,2025-08-06 13:19:04.574212
FULLBOOK_2127,2127,fullbook,517838,93483,2025-08-06 13:19:05.12213
FULLBOOK_2128,2128,fullbook,1711788,288993,2025-08-06 13:19:05.865902
FULLBOOK_2129,2129,fullbook,800282,135609,2025-08-06 13:19:07.468747
FULLBOOK_213,213,fullbook,2024568,369973,2025-08-06 12:40:12.864929
FULLBOOK_2130,2130,fullbook,1449340,267977,2025-08-06 13:19:08.236353
FULLBOOK_2131,2131,fullbook,1472752,280030,2025-08-06 13:19:09.155096
FULLBOOK_2132,2132,fullbook,2041641,336335,2025-08-06 13:19:10.153955
FULLBOOK_2133,2133,fullbook,1120080,194110,2025-08-06 13:19:11.204428
FULLBOOK_2134,2134,fullbook,946476,153596,2025-08-06 13:19:12.0011
FULLBOOK_2135,2135,fullbook,581469,105740,2025-08-06 13:19:12.748885
FULLBOOK_2136,2136,fullbook,1403034,254216,2025-08-06 13:19:13.462156
FULLBOOK_2137,2137,fullbook,989606,175361,2025-08-06 13:19:16.349073
FULLBOOK_2138,2138,fullbook,576621,102711,2025-08-06 13:19:17.118729
FULLBOOK_214,214,fullbook,2591326,418017,2025-08-06 12:40:14.036219
FULLBOOK_2140,2140,fullbook,1146411,196184,2025-08-06 13:19:17.798288
FULLBOOK_2141,2141,fullbook,1625268,292246,2025-08-06 13:19:18.688544
FULLBOOK_2142,2142,fullbook,1304869,210338,2025-08-06 13:19:19.659522
FULLBOOK_2143,2143,fullbook,2341946,411744,2025-08-06 13:19:20.614376
FULLBOOK_2144,2144,fullbook,1917474,304301,2025-08-06 13:19:21.808021
FULLBOOK_2145,2145,fullbook,517262,94619,2025-08-06 13:19:22.789426
FULLBOOK_2146,2146,fullbook,2763551,487951,2025-08-06 13:19:23.562943
FULLBOOK_2147,2147,fullbook,2312338,410404,2025-08-06 13:19:24.944258
FULLBOOK_2148,2148,fullbook,774058,138883,2025-08-06 13:19:26.059952
FULLBOOK_2149,2149,fullbook,1094162,211047,2025-08-06 13:19:26.822962
FULLBOOK_215,215,fullbook,2221460,373660,2025-08-06 12:40:15.40443
FULLBOOK_2150,2150,fullbook,1472774,199525,2025-08-06 13:19:28.371699
FULLBOOK_2151,2151,fullbook,2294429,402407,2025-08-06 13:19:29.417761
FULLBOOK_2152,2152,fullbook,1743580,305141,2025-08-06 13:19:30.600353
FULLBOOK_2153,2153,fullbook,1919783,323985,2025-08-06 13:19:31.650483
FULLBOOK_2154,2154,fullbook,1735094,310043,2025-08-06 13:19:32.717722
FULLBOOK_2155,2155,fullbook,630534,112919,2025-08-06 13:19:33.668723
FULLBOOK_2156,2156,fullbook,2259640,394521,2025-08-06 13:19:34.466559
FULLBOOK_2157,2157,fullbook,680850,123758,2025-08-06 13:19:35.55167
FULLBOOK_2158,2158,fullbook,1757035,311503,2025-08-06 13:19:36.333386
FULLBOOK_2159,2159,fullbook,1622078,260608,2025-08-06 13:19:37.372946
FULLBOOK_216,216,fullbook,1762633,319049,2025-08-06 12:40:16.61941
FULLBOOK_2160,2160,fullbook,1268738,219639,2025-08-06 13:19:38.352069
FULLBOOK_2161,2161,fullbook,2386332,380288,2025-08-06 13:19:39.320393
FULLBOOK_2162,2162,fullbook,1611593,284479,2025-08-06 13:19:40.522874
FULLBOOK_2163,2163,fullbook,1855320,344620,2025-08-06 13:19:41.523568
FULLBOOK_2164,2164,fullbook,970232,156942,2025-08-06 13:19:42.517455
FULLBOOK_2165,2165,fullbook,98201,16629,2025-08-06 13:19:43.237046
FULLBOOK_2166,2166,fullbook,2755133,530765,2025-08-06 13:19:43.950871
FULLBOOK_2167,2167,fullbook,3068798,548294,2025-08-06 13:19:45.371608
FULLBOOK_2168,2168,fullbook,1878374,322154,2025-08-06 13:19:46.805281
FULLBOOK_2169,2169,fullbook,2505124,436825,2025-08-06 13:19:47.95435
FULLBOOK_217,217,fullbook,984255,177925,2025-08-06 12:40:17.61559
FULLBOOK_2170,2170,fullbook,2478967,449013,2025-08-06 13:19:49.906523
FULLBOOK_2171,2171,fullbook,1038552,188618,2025-08-06 13:19:51.071657
FULLBOOK_2172,2172,fullbook,1867387,333925,2025-08-06 13:19:51.928046
FULLBOOK_2173,2173,fullbook,2418897,447256,2025-08-06 13:19:53.056798
FULLBOOK_2174,2174,fullbook,1278484,224381,2025-08-06 13:19:54.227969
FULLBOOK_2175,2175,fullbook,1953411,344517,2025-08-06 13:19:55.175876
FULLBOOK_2176,2176,fullbook,2013101,376696,2025-08-06 13:19:56.322431
FULLBOOK_2177,2177,fullbook,1391779,226216,2025-08-06 13:19:57.409081
FULLBOOK_2178,2178,fullbook,958998,174970,2025-08-06 13:19:58.30466
FULLBOOK_2179,2179,fullbook,1154068,209602,2025-08-06 13:19:59.205471
FULLBOOK_218,218,fullbook,3327947,568657,2025-08-06 12:40:21.649161
FULLBOOK_2180,2180,fullbook,2135678,352009,2025-08-06 13:20:00.108321
FULLBOOK_2181,2181,fullbook,1895727,323109,2025-08-06 13:20:01.322299
FULLBOOK_2182,2182,fullbook,2297823,408050,2025-08-06 13:20:02.474395
FULLBOOK_2183,2183,fullbook,3167585,505012,2025-08-06 13:20:03.758425
FULLBOOK_2184,2184,fullbook,1710103,303830,2025-08-06 13:20:05.507607
FULLBOOK_2185,2185,fullbook,2415160,439210,2025-08-06 13:20:06.594006
FULLBOOK_2186,2186,fullbook,2098585,378371,2025-08-06 13:20:07.860383
FULLBOOK_2187,2187,fullbook,1801733,317638,2025-08-06 13:20:09.024813
FULLBOOK_2188,2188,fullbook,1322455,237148,2025-08-06 13:20:10.057103
FULLBOOK_2189,2189,fullbook,1986063,357116,2025-08-06 13:20:10.99316
FULLBOOK_219,219,fullbook,2006578,347870,2025-08-06 12:40:23.184991
FULLBOOK_2190,2190,fullbook,1918134,298480,2025-08-06 13:20:12.778059
FULLBOOK_2191,2191,fullbook,2024091,364559,2025-08-06 13:20:13.876523
FULLBOOK_2192,2192,fullbook,1489930,272063,2025-08-06 13:20:14.960645
FULLBOOK_2193,2193,fullbook,1955730,350366,2025-08-06 13:20:15.974144
FULLBOOK_2194,2194,fullbook,1342120,224888,2025-08-06 13:20:17.02682
FULLBOOK_2195,2195,fullbook,1647912,297948,2025-08-06 13:20:17.942382
FULLBOOK_2196,2196,fullbook,2952679,514181,2025-08-06 13:20:19.058003
FULLBOOK_2197,2197,fullbook,1642885,290810,2025-08-06 13:20:20.426588
FULLBOOK_2198,2198,fullbook,1850245,295774,2025-08-06 13:20:21.459943
FULLBOOK_2199,2199,fullbook,707024,127133,2025-08-06 13:20:22.42692
FULLBOOK_22,22,fullbook,602594,104363,2025-08-06 03:46:15.027989
FULLBOOK_220,220,fullbook,2407249,441005,2025-08-06 12:40:24.382664
FULLBOOK_2200,2200,fullbook,979749,147961,2025-08-06 13:20:23.134229
FULLBOOK_2202,2202,fullbook,2720717,495486,2025-08-06 13:20:31.655877
FULLBOOK_2203,2203,fullbook,1730871,321370,2025-08-06 13:20:32.952285
FULLBOOK_2204,2204,fullbook,1032261,172900,2025-08-06 13:20:33.920339
FULLBOOK_2205,2205,fullbook,1903101,342326,2025-08-06 13:20:34.756215
FULLBOOK_2206,2206,fullbook,1349475,205197,2025-08-06 13:20:35.7773
FULLBOOK_2207,2207,fullbook,1506468,244437,2025-08-06 13:20:36.674908
FULLBOOK_2208,2208,fullbook,2276072,414910,2025-08-06 13:20:37.710345
FULLBOOK_2209,2209,fullbook,800061,133345,2025-08-06 13:20:38.809612
FULLBOOK_221,221,fullbook,2924532,509572,2025-08-06 12:40:25.851658
FULLBOOK_2210,2210,fullbook,1842787,331693,2025-08-06 13:20:39.611148
FULLBOOK_2211,2211,fullbook,1090216,183691,2025-08-06 13:20:41.255522
FULLBOOK_2213,2213,fullbook,749031,140566,2025-08-06 13:20:42.034847
FULLBOOK_2214,2214,fullbook,4221521,722067,2025-08-06 13:20:43.023181
FULLBOOK_2215,2215,fullbook,5085772,799443,2025-08-06 13:20:45.010941
FULLBOOK_2216,2216,fullbook,1608693,258312,2025-08-06 13:20:47.060224
FULLBOOK_2217,2217,fullbook,1431357,255593,2025-08-06 13:20:48.057528
FULLBOOK_2218,2218,fullbook,986425,163517,2025-08-06 13:20:48.940473
FULLBOOK_2219,2219,fullbook,1931861,309999,2025-08-06 13:20:49.777307
FULLBOOK_222,222,fullbook,1905462,339329,2025-08-06 12:40:27.265219
FULLBOOK_2220,2220,fullbook,2291081,403474,2025-08-06 13:20:50.92799
FULLBOOK_2221,2221,fullbook,1487579,275296,2025-08-06 13:20:52.109079
FULLBOOK_2222,2222,fullbook,4535580,747695,2025-08-06 13:20:53.358349
FULLBOOK_2223,2223,fullbook,1645585,300879,2025-08-06 13:20:55.144832
FULLBOOK_2224,2224,fullbook,1555726,280522,2025-08-06 13:20:56.143642
FULLBOOK_2225,2225,fullbook,2858706,432859,2025-08-06 13:20:57.257765
FULLBOOK_2226,2226,fullbook,1738432,312995,2025-08-06 13:20:58.607592
FULLBOOK_2227,2227,fullbook,1384296,248401,2025-08-06 13:20:59.725326
FULLBOOK_2228,2228,fullbook,5496566,974742,2025-08-06 13:21:00.992881
FULLBOOK_2229,2229,fullbook,247222,41943,2025-08-06 13:21:02.89924
FULLBOOK_223,223,fullbook,1720857,267181,2025-08-06 12:40:30.817252
FULLBOOK_2230,2230,fullbook,522887,97500,2025-08-06 13:21:05.43509
FULLBOOK_2231,2231,fullbook,933813,165858,2025-08-06 13:21:06.025589
FULLBOOK_2232,2232,fullbook,1215606,202027,2025-08-06 13:21:07.54125
FULLBOOK_2233,2233,fullbook,3976687,671239,2025-08-06 13:21:08.644038
FULLBOOK_2234,2234,fullbook,2207623,358559,2025-08-06 13:21:10.310322
FULLBOOK_2235,2235,fullbook,1946927,332410,2025-08-06 13:21:11.480485
FULLBOOK_2236,2236,fullbook,1407196,248718,2025-08-06 13:21:12.544186
FULLBOOK_2237,2237,fullbook,2180743,394409,2025-08-06 13:21:13.529607
FULLBOOK_2238,2238,fullbook,1742905,315487,2025-08-06 13:21:14.692215
FULLBOOK_2239,2239,fullbook,334650,62537,2025-08-06 13:21:15.61815
FULLBOOK_224,224,fullbook,2491377,411519,2025-08-06 12:40:31.919263
FULLBOOK_2240,2240,fullbook,1769253,308345,2025-08-06 13:21:16.333547
FULLBOOK_2241,2241,fullbook,1866097,339300,2025-08-06 13:21:17.379175
FULLBOOK_2242,2242,fullbook,1305345,222183,2025-08-06 13:21:18.410792
FULLBOOK_2243,2243,fullbook,1568507,283774,2025-08-06 13:21:19.327763
FULLBOOK_2244,2244,fullbook,2687348,424310,2025-08-06 13:21:20.423306
FULLBOOK_2245,2245,fullbook,1219427,201767,2025-08-06 13:21:21.678686
FULLBOOK_2246,2246,fullbook,4544844,795902,2025-08-06 13:21:22.809555
FULLBOOK_2247,2247,fullbook,3723148,672527,2025-08-06 13:21:24.775998
FULLBOOK_2248,2248,fullbook,1609619,286984,2025-08-06 13:21:26.344808
FULLBOOK_2249,2249,fullbook,3661158,642341,2025-08-06 13:21:27.510309
FULLBOOK_225,225,fullbook,2076500,347789,2025-08-06 12:40:33.217153
FULLBOOK_2250,2250,fullbook,1861849,330144,2025-08-06 13:21:29.077642
FULLBOOK_2251,2251,fullbook,909544,167676,2025-08-06 13:21:30.074275
FULLBOOK_2252,2252,fullbook,2125448,373461,2025-08-06 13:21:31.576159
FULLBOOK_2253,2253,fullbook,585701,109816,2025-08-06 13:21:32.60929
FULLBOOK_2254,2254,fullbook,1280248,238735,2025-08-06 13:21:33.287228
FULLBOOK_2255,2255,fullbook,1936600,331960,2025-08-06 13:21:34.227274
FULLBOOK_2256,2256,fullbook,1153781,223195,2025-08-06 13:21:35.275839
FULLBOOK_2257,2257,fullbook,363919,62810,2025-08-06 13:21:36.091695
FULLBOOK_2258,2258,fullbook,525383,90727,2025-08-06 13:21:36.628924
FULLBOOK_2259,2259,fullbook,803399,150515,2025-08-06 13:21:37.249156
FULLBOOK_226,226,fullbook,2007510,310872,2025-08-06 12:40:34.3812
FULLBOOK_2260,2260,fullbook,1658105,303058,2025-08-06 13:21:38.029243
FULLBOOK_2261,2261,fullbook,1095570,195624,2025-08-06 13:21:39.00732
FULLBOOK_2262,2262,fullbook,1913756,336232,2025-08-06 13:21:39.881061
FULLBOOK_2263,2263,fullbook,1512900,252986,2025-08-06 13:21:40.97347
FULLBOOK_2264,2264,fullbook,1931730,314766,2025-08-06 13:21:41.973482
FULLBOOK_2265,2265,fullbook,1584945,248438,2025-08-06 13:21:43.056707
FULLBOOK_2266,2266,fullbook,1032490,177596,2025-08-06 13:21:43.97808
FULLBOOK_2267,2267,fullbook,2443207,427447,2025-08-06 13:21:44.892251
FULLBOOK_2268,2268,fullbook,1143032,210945,2025-08-06 13:21:46.072322
FULLBOOK_2269,2269,fullbook,4984439,863322,2025-08-06 13:21:47.227502
FULLBOOK_227,227,fullbook,2856905,523915,2025-08-06 12:40:35.621573
FULLBOOK_2270,2270,fullbook,2349661,432685,2025-08-06 13:21:49.208653
FULLBOOK_2271,2271,fullbook,1091682,197851,2025-08-06 13:21:50.340912
FULLBOOK_2272,2272,fullbook,4363697,783419,2025-08-06 13:21:52.075292
FULLBOOK_2273,2273,fullbook,1311261,234441,2025-08-06 13:21:53.778669
FULLBOOK_2274,2274,fullbook,244668,43276,2025-08-06 13:21:54.617259
FULLBOOK_2275,2275,fullbook,2163372,400239,2025-08-06 13:21:55.308052
FULLBOOK_2276,2276,fullbook,3229124,570604,2025-08-06 13:21:56.593624
FULLBOOK_2277,2277,fullbook,1338104,210471,2025-08-06 13:21:58.357206
FULLBOOK_2278,2278,fullbook,1143263,217429,2025-08-06 13:21:59.224035
FULLBOOK_2279,2279,fullbook,1930127,359934,2025-08-06 13:22:00.227059
FULLBOOK_228,228,fullbook,1542677,273723,2025-08-06 12:40:36.963529
FULLBOOK_2280,2280,fullbook,2864405,467199,2025-08-06 13:22:01.42313
FULLBOOK_2281,2281,fullbook,1909507,354006,2025-08-06 13:22:02.778525
FULLBOOK_2282,2282,fullbook,1059461,173196,2025-08-06 13:22:03.804446
FULLBOOK_2283,2283,fullbook,8897048,1537071,2025-08-06 13:22:05.202731
FULLBOOK_2284,2284,fullbook,1072872,192992,2025-08-06 13:22:08.158339
FULLBOOK_2285,2285,fullbook,1466482,281225,2025-08-06 13:22:08.980489
FULLBOOK_2286,2286,fullbook,5212000,964222,2025-08-06 13:22:10.25939
FULLBOOK_2287,2287,fullbook,1645926,294322,2025-08-06 13:22:12.225136
FULLBOOK_2288,2288,fullbook,1034416,182309,2025-08-06 13:22:13.191087
FULLBOOK_2289,2289,fullbook,1764173,342373,2025-08-06 13:22:14.030721
FULLBOOK_229,229,fullbook,1082947,200879,2025-08-06 12:40:37.899043
FULLBOOK_2290,2290,fullbook,5121994,911421,2025-08-06 13:22:15.37734
FULLBOOK_2292,2292,fullbook,5232578,928533,2025-08-06 13:22:17.60903
FULLBOOK_2293,2293,fullbook,1771840,269193,2025-08-06 13:22:20.231259
FULLBOOK_2294,2294,fullbook,2043812,372440,2025-08-06 13:22:21.306333
FULLBOOK_2295,2295,fullbook,2165427,329421,2025-08-06 13:22:22.459542
FULLBOOK_2296,2296,fullbook,1147229,208574,2025-08-06 13:22:23.574257
FULLBOOK_2297,2297,fullbook,603289,109482,2025-08-06 13:22:24.413619
FULLBOOK_2298,2298,fullbook,8641724,1559472,2025-08-06 13:22:25.709807
FULLBOOK_2299,2299,fullbook,1370992,237934,2025-08-06 13:22:28.625729
FULLBOOK_23,23,fullbook,1468092,266014,2025-08-06 03:46:15.728003
FULLBOOK_230,230,fullbook,193174,35589,2025-08-06 12:40:41.092011
FULLBOOK_2300,2300,fullbook,3181363,511534,2025-08-06 13:22:29.677862
FULLBOOK_2301,2301,fullbook,3169043,509692,2025-08-06 13:22:31.256557
FULLBOOK_2302,2302,fullbook,1149019,188717,2025-08-06 13:22:32.64079
FULLBOOK_2303,2303,fullbook,2656413,459071,2025-08-06 13:22:33.579719
FULLBOOK_2304,2304,fullbook,1597769,244586,2025-08-06 13:22:34.860027
FULLBOOK_2305,2305,fullbook,2547612,400656,2025-08-06 13:22:35.926163
FULLBOOK_2306,2306,fullbook,1802265,343023,2025-08-06 13:22:37.210624
FULLBOOK_2307,2307,fullbook,651206,110346,2025-08-06 13:22:38.172199
FULLBOOK_2308,2308,fullbook,6991777,1276980,2025-08-06 13:22:39.375246
FULLBOOK_2309,2309,fullbook,1781087,282700,2025-08-06 13:22:41.908766
FULLBOOK_231,231,fullbook,924646,157933,2025-08-06 12:40:41.634665
FULLBOOK_2310,2310,fullbook,658379,125377,2025-08-06 13:22:42.867835
FULLBOOK_2311,2311,fullbook,1177928,209655,2025-08-06 13:22:43.553639
FULLBOOK_2312,2312,fullbook,1094298,205113,2025-08-06 13:22:44.374813
FULLBOOK_2313,2313,fullbook,1303877,221006,2025-08-06 13:22:45.874897
FULLBOOK_2314,2314,fullbook,2223397,355980,2025-08-06 13:22:46.830136
FULLBOOK_2315,2315,fullbook,1198554,212015,2025-08-06 13:22:47.959406
FULLBOOK_2316,2316,fullbook,1887313,335850,2025-08-06 13:22:48.880502
FULLBOOK_2317,2317,fullbook,1964177,342248,2025-08-06 13:22:49.991358
FULLBOOK_2318,2318,fullbook,1096011,184307,2025-08-06 13:22:51.045123
FULLBOOK_2319,2319,fullbook,2817067,443918,2025-08-06 13:22:52.006484
FULLBOOK_232,232,fullbook,1076865,182599,2025-08-06 12:40:42.377031
FULLBOOK_2320,2320,fullbook,1851032,271619,2025-08-06 13:22:55.208941
FULLBOOK_2321,2321,fullbook,1305472,246673,2025-08-06 13:22:56.209406
FULLBOOK_2322,2322,fullbook,596452,105645,2025-08-06 13:22:57.041066
FULLBOOK_2323,2323,fullbook,2843175,484150,2025-08-06 13:22:57.907483
FULLBOOK_2324,2324,fullbook,1086871,190162,2025-08-06 13:22:59.204369
FULLBOOK_2325,2325,fullbook,2090256,382701,2025-08-06 13:23:00.093673
FULLBOOK_2326,2326,fullbook,1708221,312169,2025-08-06 13:23:01.374381
FULLBOOK_2327,2327,fullbook,1681674,295178,2025-08-06 13:23:02.393859
FULLBOOK_2328,2328,fullbook,5221347,829286,2025-08-06 13:23:03.709944
FULLBOOK_2329,2329,fullbook,2785802,489398,2025-08-06 13:23:05.792979
FULLBOOK_233,233,fullbook,490236,89097,2025-08-06 12:40:43.084939
FULLBOOK_2330,2330,fullbook,634282,109246,2025-08-06 13:23:07.006105
FULLBOOK_2331,2331,fullbook,2639695,477772,2025-08-06 13:23:07.827507
FULLBOOK_2332,2332,fullbook,1329828,216900,2025-08-06 13:23:09.075982
FULLBOOK_2333,2333,fullbook,2056715,340640,2025-08-06 13:23:18.379468
FULLBOOK_2334,2334,fullbook,1061439,192712,2025-08-06 13:23:19.423781
FULLBOOK_2335,2335,fullbook,2216869,395523,2025-08-06 13:23:20.32356
FULLBOOK_2336,2336,fullbook,2363898,376369,2025-08-06 13:23:21.559218
FULLBOOK_2337,2337,fullbook,992655,165253,2025-08-06 13:23:22.722556
FULLBOOK_2338,2338,fullbook,1455483,259422,2025-08-06 13:23:23.524998
FULLBOOK_2339,2339,fullbook,3616496,583716,2025-08-06 13:23:24.629197
FULLBOOK_234,234,fullbook,734127,138599,2025-08-06 12:40:43.697306
FULLBOOK_2340,2340,fullbook,1496298,249076,2025-08-06 13:23:26.159859
FULLBOOK_2341,2341,fullbook,1606673,257410,2025-08-06 13:23:27.106906
FULLBOOK_2342,2342,fullbook,1488672,261214,2025-08-06 13:23:28.107303
FULLBOOK_2343,2343,fullbook,1498314,265021,2025-08-06 13:23:29.072487
FULLBOOK_2344,2344,fullbook,624624,108174,2025-08-06 13:23:29.955919
FULLBOOK_2345,2345,fullbook,739182,128998,2025-08-06 13:23:30.593821
FULLBOOK_2346,2346,fullbook,1654869,267496,2025-08-06 13:23:31.329109
FULLBOOK_2347,2347,fullbook,1501133,269205,2025-08-06 13:23:32.32693
FULLBOOK_2348,2348,fullbook,1586015,278682,2025-08-06 13:23:33.304155
FULLBOOK_2349,2349,fullbook,2548673,455213,2025-08-06 13:23:34.373755
FULLBOOK_235,235,fullbook,680879,116825,2025-08-06 12:40:44.379903
FULLBOOK_2350,2350,fullbook,2265750,395021,2025-08-06 13:23:35.708498
FULLBOOK_2351,2351,fullbook,2962119,528504,2025-08-06 13:23:37.005839
FULLBOOK_2352,2352,fullbook,1374225,254008,2025-08-06 13:23:38.359672
FULLBOOK_2353,2353,fullbook,766518,134077,2025-08-06 13:23:39.891889
FULLBOOK_2354,2354,fullbook,149599,27065,2025-08-06 13:23:40.548331
FULLBOOK_2355,2355,fullbook,1886761,319781,2025-08-06 13:23:41.1597
FULLBOOK_2356,2356,fullbook,1517991,264019,2025-08-06 13:23:42.209314
FULLBOOK_2357,2357,fullbook,1998416,357750,2025-08-06 13:23:43.207217
FULLBOOK_2358,2358,fullbook,1632734,244515,2025-08-06 13:23:44.306902
FULLBOOK_2359,2359,fullbook,1155669,215339,2025-08-06 13:23:45.273709
FULLBOOK_236,236,fullbook,700282,129025,2025-08-06 12:40:45.036169
FULLBOOK_2360,2360,fullbook,1584331,286472,2025-08-06 13:23:46.142219
FULLBOOK_2361,2361,fullbook,1347681,236004,2025-08-06 13:23:47.110903
FULLBOOK_2362,2362,fullbook,462687,75088,2025-08-06 13:23:47.93457
FULLBOOK_2363,2363,fullbook,4811060,833128,2025-08-06 13:23:48.877259
FULLBOOK_2364,2364,fullbook,2015771,383313,2025-08-06 13:23:53.021512
FULLBOOK_2365,2365,fullbook,909924,156166,2025-08-06 13:23:54.040801
FULLBOOK_2366,2366,fullbook,1297977,240466,2025-08-06 13:23:54.852078
FULLBOOK_2367,2367,fullbook,729899,129543,2025-08-06 13:23:55.673932
FULLBOOK_2368,2368,fullbook,1297586,236888,2025-08-06 13:23:56.422161
FULLBOOK_2369,2369,fullbook,955555,171988,2025-08-06 13:23:57.272327
FULLBOOK_2370,2370,fullbook,1819717,303363,2025-08-06 13:23:58.107583
FULLBOOK_2371,2371,fullbook,2279175,362629,2025-08-06 13:23:59.226733
FULLBOOK_2372,2372,fullbook,1413693,262192,2025-08-06 13:24:00.393944
FULLBOOK_2373,2373,fullbook,690926,131503,2025-08-06 13:24:02.023825
FULLBOOK_2374,2374,fullbook,1142598,204163,2025-08-06 13:24:02.743018
FULLBOOK_2375,2375,fullbook,2254185,352177,2025-08-06 13:24:03.67167
FULLBOOK_2376,2376,fullbook,2199670,404064,2025-08-06 13:24:04.907942
FULLBOOK_2377,2377,fullbook,1129330,205197,2025-08-06 13:24:06.023714
FULLBOOK_2378,2378,fullbook,875040,164962,2025-08-06 13:24:06.825164
FULLBOOK_2379,2379,fullbook,1012525,161706,2025-08-06 13:24:07.562183
FULLBOOK_238,238,fullbook,65459,11105,2025-08-06 12:40:48.115675
FULLBOOK_2380,2380,fullbook,3220770,553571,2025-08-06 13:24:08.52875
FULLBOOK_2381,2381,fullbook,1223456,207222,2025-08-06 13:24:09.908269
FULLBOOK_2382,2382,fullbook,1176429,212071,2025-08-06 13:24:10.726938
FULLBOOK_2383,2383,fullbook,4261313,759514,2025-08-06 13:24:11.824803
FULLBOOK_2384,2384,fullbook,2620455,506760,2025-08-06 13:24:13.642798
FULLBOOK_2385,2385,fullbook,1876530,326816,2025-08-06 13:24:14.927957
FULLBOOK_2386,2386,fullbook,1647171,275171,2025-08-06 13:24:16.006542
FULLBOOK_2387,2387,fullbook,1239001,205583,2025-08-06 13:24:17.255979
FULLBOOK_2389,2389,fullbook,2139890,384375,2025-08-06 13:24:18.690506
FULLBOOK_239,239,fullbook,1120894,201798,2025-08-06 12:40:48.667735
FULLBOOK_2390,2390,fullbook,2630836,476223,2025-08-06 13:24:19.924721
FULLBOOK_2391,2391,fullbook,1231584,216178,2025-08-06 13:24:21.156966
FULLBOOK_2392,2392,fullbook,1936415,354685,2025-08-06 13:24:22.078641
FULLBOOK_2393,2393,fullbook,2013361,374046,2025-08-06 13:24:23.976658
FULLBOOK_2394,2394,fullbook,1774495,291739,2025-08-06 13:24:25.093563
FULLBOOK_2395,2395,fullbook,545589,82164,2025-08-06 13:24:26.029393
FULLBOOK_2396,2396,fullbook,1071154,197799,2025-08-06 13:24:26.690918
FULLBOOK_2397,2397,fullbook,2580719,400775,2025-08-06 13:24:27.622334
FULLBOOK_2398,2398,fullbook,7049462,1273226,2025-08-06 13:24:29.355791
FULLBOOK_2399,2399,fullbook,1381918,262196,2025-08-06 13:24:31.80701
FULLBOOK_24,24,fullbook,532675,97811,2025-08-06 03:46:16.600297
FULLBOOK_240,240,fullbook,736649,134698,2025-08-06 12:40:49.447197
FULLBOOK_2400,2400,fullbook,2257737,413082,2025-08-06 13:24:32.779505
FULLBOOK_2401,2401,fullbook,653874,124497,2025-08-06 13:24:33.872014
FULLBOOK_2402,2402,fullbook,3750363,620068,2025-08-06 13:24:34.776463
FULLBOOK_2403,2403,fullbook,2439111,457119,2025-08-06 13:24:36.427329
FULLBOOK_2404,2404,fullbook,1412754,264063,2025-08-06 13:24:37.622951
FULLBOOK_2405,2405,fullbook,2789104,457791,2025-08-06 13:24:38.673704
FULLBOOK_2406,2406,fullbook,1675156,276031,2025-08-06 13:24:39.977461
FULLBOOK_2407,2407,fullbook,1775572,324250,2025-08-06 13:24:41.423841
FULLBOOK_2408,2408,fullbook,2805589,438569,2025-08-06 13:24:42.559466
FULLBOOK_2409,2409,fullbook,3522658,562759,2025-08-06 13:24:44.061097
FULLBOOK_241,241,fullbook,752342,133930,2025-08-06 12:40:50.121374
FULLBOOK_2410,2410,fullbook,2719436,465829,2025-08-06 13:24:45.680995
FULLBOOK_2411,2411,fullbook,1829750,329893,2025-08-06 13:24:47.00294
FULLBOOK_2412,2412,fullbook,1607806,286256,2025-08-06 13:24:48.056027
FULLBOOK_2413,2413,fullbook,1854454,329347,2025-08-06 13:24:49.726202
FULLBOOK_2414,2414,fullbook,1642438,288687,2025-08-06 13:24:50.806523
FULLBOOK_2415,2415,fullbook,1638396,278731,2025-08-06 13:24:51.810903
FULLBOOK_2416,2416,fullbook,2097414,383539,2025-08-06 13:24:52.874629
FULLBOOK_2417,2417,fullbook,1806101,321811,2025-08-06 13:24:54.023201
FULLBOOK_2418,2418,fullbook,9990209,1758332,2025-08-06 13:24:55.754464
FULLBOOK_2419,2419,fullbook,4041063,728194,2025-08-06 13:24:59.174787
FULLBOOK_242,242,fullbook,616141,110462,2025-08-06 12:40:50.799207
FULLBOOK_2420,2420,fullbook,1634733,281796,2025-08-06 13:25:00.810208
FULLBOOK_2421,2421,fullbook,2598360,392783,2025-08-06 13:25:02.009485
FULLBOOK_2422,2422,fullbook,1466552,249946,2025-08-06 13:25:03.257573
FULLBOOK_2423,2423,fullbook,1475072,239809,2025-08-06 13:25:04.178423
FULLBOOK_2424,2424,fullbook,3108180,508259,2025-08-06 13:25:05.272085
FULLBOOK_2425,2425,fullbook,1274061,235211,2025-08-06 13:25:06.675247
FULLBOOK_2426,2426,fullbook,1630294,299273,2025-08-06 13:25:07.580612
FULLBOOK_2427,2427,fullbook,16659758,2995613,2025-08-06 13:25:09.805363
FULLBOOK_2428,2428,fullbook,979950,185236,2025-08-06 13:25:14.77932
FULLBOOK_2429,2429,fullbook,2242577,441110,2025-08-06 13:25:15.660717
FULLBOOK_243,243,fullbook,1429972,260718,2025-08-06 12:40:51.497788
FULLBOOK_2430,2430,fullbook,4558338,839373,2025-08-06 13:25:17.057676
FULLBOOK_2431,2431,fullbook,1550111,271815,2025-08-06 13:25:18.855168
FULLBOOK_2432,2432,fullbook,2822353,463790,2025-08-06 13:25:19.930954
FULLBOOK_2433,2433,fullbook,1736828,302401,2025-08-06 13:25:21.930759
FULLBOOK_2434,2434,fullbook,918272,160819,2025-08-06 13:25:22.904059
FULLBOOK_2435,2435,fullbook,1228809,224204,2025-08-06 13:25:23.710387
FULLBOOK_2436,2436,fullbook,1621950,275730,2025-08-06 13:25:24.606887
FULLBOOK_2437,2437,fullbook,1843373,294949,2025-08-06 13:25:25.625574
FULLBOOK_2438,2438,fullbook,1848584,314552,2025-08-06 13:25:26.677922
FULLBOOK_2439,2439,fullbook,1486834,266422,2025-08-06 13:25:27.72255
FULLBOOK_244,244,fullbook,909422,162598,2025-08-06 12:40:52.364641
FULLBOOK_2440,2440,fullbook,1579054,286856,2025-08-06 13:25:28.706014
FULLBOOK_2441,2441,fullbook,2507073,415591,2025-08-06 13:25:29.77566
FULLBOOK_2442,2442,fullbook,688598,122871,2025-08-06 13:25:30.956405
FULLBOOK_2443,2443,fullbook,1886238,331520,2025-08-06 13:25:31.753767
FULLBOOK_2444,2444,fullbook,1023950,177192,2025-08-06 13:25:32.771742
FULLBOOK_2445,2445,fullbook,2283266,407917,2025-08-06 13:25:33.677476
FULLBOOK_2446,2446,fullbook,796571,132294,2025-08-06 13:25:34.775728
FULLBOOK_2447,2447,fullbook,24020186,4181051,2025-08-06 13:25:37.494741
FULLBOOK_2448,2448,fullbook,310777,56571,2025-08-06 13:25:44.962195
FULLBOOK_2449,2449,fullbook,1947972,342458,2025-08-06 13:25:45.622866
FULLBOOK_245,245,fullbook,940898,158595,2025-08-06 12:41:07.264237
FULLBOOK_2450,2450,fullbook,2565163,442055,2025-08-06 13:25:46.778318
FULLBOOK_2451,2451,fullbook,2814612,498643,2025-08-06 13:25:48.158262
FULLBOOK_2452,2452,fullbook,700969,132131,2025-08-06 13:25:49.397814
FULLBOOK_2453,2453,fullbook,1507252,280538,2025-08-06 13:25:50.80504
FULLBOOK_2454,2454,fullbook,2249974,389285,2025-08-06 13:25:51.858004
FULLBOOK_2455,2455,fullbook,2352648,431233,2025-08-06 13:25:53.106449
FULLBOOK_2456,2456,fullbook,2486977,371801,2025-08-06 13:25:54.355167
FULLBOOK_2457,2457,fullbook,2217064,394969,2025-08-06 13:25:55.619723
FULLBOOK_2458,2458,fullbook,2309131,417319,2025-08-06 13:25:56.822315
FULLBOOK_2459,2459,fullbook,2660269,468537,2025-08-06 13:25:58.06927
FULLBOOK_246,246,fullbook,1002886,175622,2025-08-06 12:41:08.028756
FULLBOOK_2460,2460,fullbook,1380663,211990,2025-08-06 13:25:59.300895
FULLBOOK_2461,2461,fullbook,1531108,291456,2025-08-06 13:26:00.199578
FULLBOOK_2462,2462,fullbook,921790,164920,2025-08-06 13:26:07.872777
FULLBOOK_2463,2463,fullbook,1884818,334282,2025-08-06 13:26:08.673112
FULLBOOK_2464,2464,fullbook,1451031,229568,2025-08-06 13:26:09.702873
FULLBOOK_2465,2465,fullbook,2804253,447928,2025-08-06 13:26:10.7193
FULLBOOK_2466,2466,fullbook,639586,104667,2025-08-06 13:26:11.922567
FULLBOOK_2467,2467,fullbook,1465249,226320,2025-08-06 13:26:12.591409
FULLBOOK_2468,2468,fullbook,2014003,365069,2025-08-06 13:26:13.518846
FULLBOOK_2469,2469,fullbook,2000315,314773,2025-08-06 13:26:14.585412
FULLBOOK_247,247,fullbook,864296,157840,2025-08-06 12:41:08.79787
FULLBOOK_2470,2470,fullbook,3387615,533770,2025-08-06 13:26:15.77327
FULLBOOK_2471,2471,fullbook,792257,112511,2025-08-06 13:26:17.163671
FULLBOOK_2472,2472,fullbook,1693166,271047,2025-08-06 13:26:17.894812
FULLBOOK_2473,2473,fullbook,2485936,432026,2025-08-06 13:26:19.568602
FULLBOOK_2474,2474,fullbook,1348490,232423,2025-08-06 13:26:20.735403
FULLBOOK_2475,2475,fullbook,1035727,170823,2025-08-06 13:26:21.551378
FULLBOOK_2476,2476,fullbook,10962642,1899374,2025-08-06 13:26:23.055751
FULLBOOK_2477,2477,fullbook,5114711,939138,2025-08-06 13:26:26.973485
FULLBOOK_2478,2478,fullbook,2089109,358014,2025-08-06 13:26:29.023839
FULLBOOK_2479,2479,fullbook,1128672,192355,2025-08-06 13:26:30.120144
FULLBOOK_248,248,fullbook,636612,108210,2025-08-06 12:41:09.513446
FULLBOOK_2480,2480,fullbook,2158621,370419,2025-08-06 13:26:31.058295
FULLBOOK_2481,2481,fullbook,4442526,785545,2025-08-06 13:26:32.469961
FULLBOOK_2482,2482,fullbook,804883,148104,2025-08-06 13:26:34.124309
FULLBOOK_2483,2483,fullbook,3252271,533163,2025-08-06 13:26:34.988286
FULLBOOK_2484,2484,fullbook,1251508,202564,2025-08-06 13:26:36.325371
FULLBOOK_2485,2485,fullbook,2084493,346466,2025-08-06 13:26:37.319641
FULLBOOK_2486,2486,fullbook,2430292,455380,2025-08-06 13:26:38.451492
FULLBOOK_2487,2487,fullbook,2132359,372767,2025-08-06 13:26:39.636676
FULLBOOK_2488,2488,fullbook,1257236,190531,2025-08-06 13:26:40.719731
FULLBOOK_2489,2489,fullbook,1055471,162280,2025-08-06 13:26:41.530475
FULLBOOK_249,249,fullbook,629760,115487,2025-08-06 12:41:10.149561
FULLBOOK_2490,2490,fullbook,1126328,201815,2025-08-06 13:26:44.419031
FULLBOOK_2491,2491,fullbook,2202147,378177,2025-08-06 13:26:45.285711
FULLBOOK_2492,2492,fullbook,2381201,432536,2025-08-06 13:26:46.617476
FULLBOOK_2493,2493,fullbook,2170964,369001,2025-08-06 13:26:48.436886
FULLBOOK_2494,2494,fullbook,979223,174712,2025-08-06 13:26:49.473527
FULLBOOK_2495,2495,fullbook,218283,39141,2025-08-06 13:26:50.168365
FULLBOOK_2496,2496,fullbook,173059,31447,2025-08-06 13:26:50.630678
FULLBOOK_2497,2497,fullbook,461354,85764,2025-08-06 13:26:51.093228
FULLBOOK_2498,2498,fullbook,562771,103356,2025-08-06 13:26:51.628546
FULLBOOK_25,25,fullbook,1069080,177877,2025-08-06 03:46:17.25824
FULLBOOK_250,250,fullbook,1038236,177012,2025-08-06 12:41:10.829926
FULLBOOK_2500,2500,fullbook,487377,89448,2025-08-06 13:26:52.606224
FULLBOOK_2501,2501,fullbook,80357,15140,2025-08-06 13:26:53.16267
FULLBOOK_2502,2502,fullbook,442494,82222,2025-08-06 13:26:53.609402
FULLBOOK_2503,2503,fullbook,81942,15119,2025-08-06 13:26:54.130948
FULLBOOK_2504,2504,fullbook,101624,17183,2025-08-06 13:26:54.550438
FULLBOOK_2505,2505,fullbook,432771,78547,2025-08-06 13:26:55.00302
FULLBOOK_2506,2506,fullbook,299462,50139,2025-08-06 13:26:55.525424
FULLBOOK_2507,2507,fullbook,166911,30890,2025-08-06 13:26:55.995403
FULLBOOK_2508,2508,fullbook,88479,16374,2025-08-06 13:26:56.429563
FULLBOOK_2509,2509,fullbook,543056,101380,2025-08-06 13:26:56.856209
FULLBOOK_251,251,fullbook,1228410,218393,2025-08-06 12:41:11.64665
FULLBOOK_2510,2510,fullbook,796498,152337,2025-08-06 13:26:57.470311
FULLBOOK_2511,2511,fullbook,96022,17635,2025-08-06 13:26:58.097695
FULLBOOK_2512,2512,fullbook,296982,49681,2025-08-06 13:26:58.519207
FULLBOOK_2513,2513,fullbook,483699,78725,2025-08-06 13:26:59.652644
FULLBOOK_2514,2514,fullbook,814900,148769,2025-08-06 13:27:00.184087
FULLBOOK_2516,2516,fullbook,2017271,359392,2025-08-06 13:27:01.068329
FULLBOOK_2517,2517,fullbook,5553690,1004665,2025-08-06 13:27:02.468749
FULLBOOK_2518,2518,fullbook,1777410,330256,2025-08-06 13:27:04.569746
FULLBOOK_2519,2519,fullbook,5565735,1006933,2025-08-06 13:27:05.871551
FULLBOOK_252,252,fullbook,463000,72380,2025-08-06 12:41:17.067886
FULLBOOK_2520,2520,fullbook,5550675,1004179,2025-08-06 13:27:08.404525
FULLBOOK_2521,2521,fullbook,5553692,1004687,2025-08-06 13:27:10.871342
FULLBOOK_2522,2522,fullbook,9596676,1594656,2025-08-06 13:27:13.802068
FULLBOOK_2523,2523,fullbook,9590654,1593583,2025-08-06 13:27:17.799172
FULLBOOK_2524,2524,fullbook,3975358,717335,2025-08-06 13:27:21.252173
FULLBOOK_2526,2526,fullbook,9605712,1596048,2025-08-06 13:27:24.002045
FULLBOOK_2527,2527,fullbook,5582650,1009906,2025-08-06 13:27:27.600966
FULLBOOK_253,253,fullbook,1158168,195247,2025-08-06 12:41:17.72718
FULLBOOK_2536,2536,fullbook,1054088,170491,2025-08-06 13:27:32.52501
FULLBOOK_2537,2537,fullbook,116162,19506,2025-08-06 13:27:33.301499
FULLBOOK_2539,2539,fullbook,182621,28777,2025-08-06 13:27:33.916201
FULLBOOK_254,254,fullbook,1207235,204533,2025-08-06 12:41:18.566217
FULLBOOK_255,255,fullbook,1489968,257157,2025-08-06 12:41:19.46505
FULLBOOK_256,256,fullbook,621051,114684,2025-08-06 12:41:20.38327
FULLBOOK_2560,2560,fullbook,103820,18422,2025-08-07 23:11:25.851419
FULLBOOK_2562,2562,fullbook,5705399,1034697,2025-08-07 23:11:26.742263
FULLBOOK_2563,2563,fullbook,5556700,1005267,2025-08-07 23:11:29.138251
FULLBOOK_2564,2564,fullbook,5680220,1025905,2025-08-07 23:11:38.310461
FULLBOOK_2565,2565,fullbook,5559712,1005849,2025-08-07 23:11:40.696131
FULLBOOK_2566,2566,fullbook,1780284,328898,2025-08-07 23:11:42.776792
FULLBOOK_2567,2567,fullbook,469822,84500,2025-08-07 23:11:43.703919
FULLBOOK_2568,2568,fullbook,87341,16081,2025-08-07 23:11:51.129877
FULLBOOK_257,257,fullbook,510030,89918,2025-08-06 12:41:21.025389
FULLBOOK_2572,2572,fullbook,2698990,457786,2025-08-07 23:11:59.063279
FULLBOOK_2573,2573,fullbook,1158891,213185,2025-08-07 23:12:00.312988
FULLBOOK_2574,2574,fullbook,2508508,414228,2025-08-07 23:12:01.213072
FULLBOOK_2575,2575,fullbook,1273873,206681,2025-08-07 23:12:02.396658
FULLBOOK_2576,2576,fullbook,3706699,597634,2025-08-07 23:12:10.245993
FULLBOOK_2577,2577,fullbook,2320687,382263,2025-08-07 23:12:11.857947
FULLBOOK_2578,2578,fullbook,2627993,469435,2025-08-07 23:12:13.079128
FULLBOOK_2579,2579,fullbook,811206,142785,2025-08-07 23:12:14.240929
FULLBOOK_258,258,fullbook,960706,169279,2025-08-06 12:41:21.680177
FULLBOOK_2580,2580,fullbook,1552915,275837,2025-08-07 23:12:14.989355
FULLBOOK_2581,2581,fullbook,1840030,311200,2025-08-07 23:12:22.791827
FULLBOOK_2582,2582,fullbook,1696620,301638,2025-08-07 23:12:23.955885
FULLBOOK_2583,2583,fullbook,1221269,233199,2025-08-07 23:12:24.92618
FULLBOOK_2584,2584,fullbook,1658060,305126,2025-08-07 23:12:25.761724
FULLBOOK_2585,2585,fullbook,5621619,1011580,2025-08-07 23:12:27.01149
FULLBOOK_2586,2586,fullbook,1582560,281261,2025-08-07 23:12:35.453205
FULLBOOK_2587,2587,fullbook,2069821,367890,2025-08-07 23:12:36.442152
FULLBOOK_2588,2588,fullbook,1409089,254337,2025-08-07 23:12:37.528185
FULLBOOK_2589,2589,fullbook,762918,145576,2025-08-07 23:12:38.358149
FULLBOOK_259,259,fullbook,1299297,205538,2025-08-06 12:41:24.962339
FULLBOOK_2590,2590,fullbook,3139161,556351,2025-08-07 23:12:39.188306
FULLBOOK_2591,2591,fullbook,2020948,363520,2025-08-07 23:12:40.576118
FULLBOOK_2592,2592,fullbook,2612733,457462,2025-08-07 23:12:41.727318
FULLBOOK_2593,2593,fullbook,1842102,320505,2025-08-07 23:12:49.308967
FULLBOOK_2594,2594,fullbook,6625105,1227800,2025-08-07 23:12:50.691876
FULLBOOK_2595,2595,fullbook,1648332,297121,2025-08-07 23:12:53.023347
FULLBOOK_2596,2596,fullbook,1822766,336709,2025-08-07 23:12:54.011894
FULLBOOK_2597,2597,fullbook,3138719,589204,2025-08-07 23:12:55.12859
FULLBOOK_2598,2598,fullbook,2120197,390570,2025-08-07 23:12:56.528902
FULLBOOK_2599,2599,fullbook,2252036,383546,2025-08-07 23:12:57.661801
FULLBOOK_26,26,fullbook,2199894,378215,2025-08-06 03:46:18.127409
FULLBOOK_260,260,fullbook,847575,154490,2025-08-06 12:41:25.948331
FULLBOOK_2600,2600,fullbook,1513876,260191,2025-08-07 23:13:05.144067
FULLBOOK_2601,2601,fullbook,1322931,237122,2025-08-07 23:13:06.09168
FULLBOOK_2602,2602,fullbook,1305767,210028,2025-08-07 23:13:06.959148
FULLBOOK_2603,2603,fullbook,1381909,241857,2025-08-07 23:13:07.826655
FULLBOOK_2604,2604,fullbook,1403826,236634,2025-08-07 23:13:08.731894
FULLBOOK_2605,2605,fullbook,2762676,482876,2025-08-07 23:13:09.725839
FULLBOOK_2606,2606,fullbook,5789829,1009416,2025-08-07 23:13:11.295203
FULLBOOK_2607,2607,fullbook,1123060,195610,2025-08-07 23:13:19.807354
FULLBOOK_2608,2608,fullbook,2996517,454564,2025-08-07 23:13:20.754443
FULLBOOK_2609,2609,fullbook,1730556,302639,2025-08-07 23:13:22.109034
FULLBOOK_261,261,fullbook,1460310,260130,2025-08-06 12:41:26.733086
FULLBOOK_2610,2610,fullbook,1227026,228912,2025-08-07 23:13:23.056957
FULLBOOK_2611,2611,fullbook,1483030,270965,2025-08-07 23:13:23.993132
FULLBOOK_2612,2612,fullbook,1989975,359839,2025-08-07 23:13:24.940448
FULLBOOK_2613,2613,fullbook,2627365,465009,2025-08-07 23:13:26.706332
FULLBOOK_2614,2614,fullbook,9876057,1613893,2025-08-07 23:13:34.704965
FULLBOOK_2615,2615,fullbook,3397246,598096,2025-08-07 23:13:38.275523
FULLBOOK_2616,2616,fullbook,1030279,186515,2025-08-07 23:13:39.707422
FULLBOOK_2617,2617,fullbook,3620255,636627,2025-08-07 23:13:40.659071
FULLBOOK_2618,2618,fullbook,2907865,501458,2025-08-07 23:13:56.426183
FULLBOOK_2619,2619,fullbook,3090726,550212,2025-08-07 23:13:57.930249
FULLBOOK_262,262,fullbook,1958714,360749,2025-08-06 12:41:27.770105
FULLBOOK_2620,2620,fullbook,2335603,384987,2025-08-07 23:13:59.394094
FULLBOOK_2621,2621,fullbook,2515671,435698,2025-08-07 23:14:00.67333
FULLBOOK_2622,2622,fullbook,2233901,386959,2025-08-07 23:14:01.975471
FULLBOOK_2623,2623,fullbook,2659929,451531,2025-08-07 23:14:09.407672
FULLBOOK_2624,2624,fullbook,1257232,208800,2025-08-07 23:14:10.67452
FULLBOOK_2625,2625,fullbook,2108342,375009,2025-08-07 23:14:11.622465
FULLBOOK_2626,2626,fullbook,666750,128438,2025-08-07 23:14:12.660395
FULLBOOK_2627,2627,fullbook,1483767,262635,2025-08-07 23:14:13.377292
FULLBOOK_2628,2628,fullbook,2275593,400956,2025-08-07 23:14:14.420427
FULLBOOK_2629,2629,fullbook,3009452,500295,2025-08-07 23:14:15.730083
FULLBOOK_263,263,fullbook,1247032,224763,2025-08-06 12:41:28.847961
FULLBOOK_2630,2630,fullbook,2433412,398943,2025-08-07 23:14:17.173125
FULLBOOK_2631,2631,fullbook,2175410,382833,2025-08-07 23:14:18.457076
FULLBOOK_2632,2632,fullbook,937154,156381,2025-08-07 23:14:25.805779
FULLBOOK_2633,2633,fullbook,2590297,440001,2025-08-07 23:14:26.82463
FULLBOOK_2634,2634,fullbook,2280025,404546,2025-08-07 23:14:28.142332
FULLBOOK_2635,2635,fullbook,2178849,353274,2025-08-07 23:14:29.311185
FULLBOOK_2636,2636,fullbook,718900,124821,2025-08-07 23:14:30.375454
FULLBOOK_2637,2637,fullbook,1494438,268489,2025-08-07 23:14:31.107436
FULLBOOK_2638,2638,fullbook,1439567,250916,2025-08-07 23:14:32.055179
FULLBOOK_2639,2639,fullbook,1931661,351497,2025-08-07 23:14:33.008361
FULLBOOK_264,264,fullbook,1319320,247005,2025-08-06 12:41:29.745182
FULLBOOK_2640,2640,fullbook,1611787,285074,2025-08-07 23:14:34.097314
FULLBOOK_2641,2641,fullbook,1808841,326211,2025-08-07 23:14:40.951657
FULLBOOK_2642,2642,fullbook,4291857,664491,2025-08-07 23:14:42.216581
FULLBOOK_2643,2643,fullbook,1520485,272502,2025-08-07 23:14:43.932641
FULLBOOK_2644,2644,fullbook,1480792,263991,2025-08-07 23:14:44.88219
FULLBOOK_2645,2645,fullbook,1896371,299965,2025-08-07 23:14:45.830235
FULLBOOK_2646,2646,fullbook,1313570,257326,2025-08-07 23:14:46.844214
FULLBOOK_2647,2647,fullbook,2087471,372059,2025-08-07 23:14:47.762119
FULLBOOK_2648,2648,fullbook,4445944,795586,2025-08-07 23:14:49.080338
FULLBOOK_2649,2649,fullbook,1851569,351883,2025-08-07 23:14:50.778602
FULLBOOK_265,265,fullbook,1341850,232385,2025-08-06 12:41:30.669509
FULLBOOK_2650,2650,fullbook,9698238,1715715,2025-08-07 23:14:52.427031
FULLBOOK_2651,2651,fullbook,1354367,212890,2025-08-07 23:14:55.55896
FULLBOOK_2652,2652,fullbook,1665396,279130,2025-08-07 23:15:02.422312
FULLBOOK_2653,2653,fullbook,1663546,300065,2025-08-07 23:15:03.406931
FULLBOOK_2654,2654,fullbook,2264887,399069,2025-08-07 23:15:06.1725
FULLBOOK_2655,2655,fullbook,1813922,315563,2025-08-07 23:15:07.289791
FULLBOOK_2656,2656,fullbook,1150886,202633,2025-08-07 23:15:08.223714
FULLBOOK_2657,2657,fullbook,1963069,322307,2025-08-07 23:15:09.057494
FULLBOOK_2658,2658,fullbook,772645,126554,2025-08-07 23:15:10.037952
FULLBOOK_2659,2659,fullbook,2758796,492641,2025-08-07 23:15:10.875008
FULLBOOK_266,266,fullbook,1272793,216333,2025-08-06 12:41:33.562258
FULLBOOK_2660,2660,fullbook,1819384,333688,2025-08-07 23:15:12.174744
FULLBOOK_2661,2661,fullbook,5272855,841258,2025-08-07 23:15:13.486177
FULLBOOK_2662,2662,fullbook,5176560,824489,2025-08-07 23:15:15.70663
FULLBOOK_2663,2663,fullbook,4746420,862342,2025-08-07 23:15:30.438527
FULLBOOK_2664,2664,fullbook,5089474,877673,2025-08-07 23:15:32.606163
FULLBOOK_2665,2665,fullbook,3122871,510220,2025-08-07 23:15:34.7122
FULLBOOK_2666,2666,fullbook,2194587,389664,2025-08-07 23:15:36.11972
FULLBOOK_2667,2667,fullbook,4249485,664724,2025-08-07 23:15:37.474709
FULLBOOK_2668,2668,fullbook,1619927,273341,2025-08-07 23:15:39.167958
FULLBOOK_2669,2669,fullbook,1106452,189761,2025-08-07 23:15:40.118937
FULLBOOK_267,267,fullbook,1158582,209687,2025-08-06 12:41:34.447719
FULLBOOK_2670,2670,fullbook,1379275,234588,2025-08-07 23:15:40.956299
FULLBOOK_2671,2671,fullbook,1622447,266734,2025-08-07 23:15:41.87177
FULLBOOK_2672,2672,fullbook,4611775,823663,2025-08-07 23:15:43.122746
FULLBOOK_2673,2673,fullbook,1336975,255245,2025-08-07 23:15:44.899632
FULLBOOK_2674,2674,fullbook,2132202,378887,2025-08-07 23:15:45.85485
FULLBOOK_2675,2675,fullbook,2761366,475088,2025-08-07 23:15:47.073771
FULLBOOK_2676,2676,fullbook,1781769,311916,2025-08-07 23:15:48.373028
FULLBOOK_2677,2677,fullbook,2346822,416641,2025-08-07 23:15:49.47301
FULLBOOK_2678,2678,fullbook,1920884,306687,2025-08-07 23:15:56.191559
FULLBOOK_2679,2679,fullbook,1041647,186298,2025-08-07 23:15:57.209234
FULLBOOK_268,268,fullbook,1013409,166760,2025-08-06 12:41:35.281703
FULLBOOK_2680,2680,fullbook,2912461,517667,2025-08-07 23:15:58.140464
FULLBOOK_2681,2681,fullbook,1755853,307628,2025-08-07 23:15:59.487516
FULLBOOK_2682,2682,fullbook,989608,184677,2025-08-07 23:16:00.47191
FULLBOOK_2683,2683,fullbook,2120788,341349,2025-08-07 23:16:01.318423
FULLBOOK_2684,2684,fullbook,2646834,480875,2025-08-07 23:16:02.487413
FULLBOOK_2685,2685,fullbook,1646852,284071,2025-08-07 23:16:03.706526
FULLBOOK_2686,2686,fullbook,4550109,752876,2025-08-07 23:16:04.920395
FULLBOOK_2687,2687,fullbook,2358839,370271,2025-08-07 23:16:06.699228
FULLBOOK_2688,2688,fullbook,2067447,321650,2025-08-07 23:16:07.871258
FULLBOOK_269,269,fullbook,1174564,225249,2025-08-06 12:41:36.084487
FULLBOOK_2690,2690,fullbook,3717117,550280,2025-08-07 23:16:09.584991
FULLBOOK_2691,2691,fullbook,1224512,183472,2025-08-07 23:16:11.087759
FULLBOOK_2692,2692,fullbook,1836440,323196,2025-08-07 23:16:11.956996
FULLBOOK_2693,2693,fullbook,1793170,311048,2025-08-07 23:16:18.638641
FULLBOOK_2694,2694,fullbook,2865083,487972,2025-08-07 23:16:19.758471
FULLBOOK_2695,2695,fullbook,1369352,223310,2025-08-07 23:16:22.838557
FULLBOOK_2696,2696,fullbook,1612566,247198,2025-08-07 23:16:23.720233
FULLBOOK_2697,2697,fullbook,1517919,272396,2025-08-07 23:16:24.687073
FULLBOOK_2698,2698,fullbook,4234434,681078,2025-08-07 23:16:25.873248
FULLBOOK_2699,2699,fullbook,260434,45856,2025-08-07 23:16:27.627752
FULLBOOK_27,27,fullbook,1335484,224822,2025-08-06 03:46:19.258628
FULLBOOK_270,270,fullbook,1452128,238657,2025-08-06 12:41:36.932279
FULLBOOK_2700,2700,fullbook,557418,96203,2025-08-07 23:16:28.157644
FULLBOOK_2701,2701,fullbook,2553909,385439,2025-08-07 23:16:28.921198
FULLBOOK_2702,2702,fullbook,2658808,437098,2025-08-07 23:16:30.237233
FULLBOOK_2703,2703,fullbook,98958,16732,2025-08-07 23:16:31.419829
FULLBOOK_2704,2704,fullbook,2324653,426060,2025-08-07 23:16:32.060089
FULLBOOK_2705,2705,fullbook,1634028,263186,2025-08-07 23:16:33.239695
FULLBOOK_2706,2706,fullbook,2623553,452191,2025-08-07 23:16:34.321524
FULLBOOK_2707,2707,fullbook,2829551,444186,2025-08-07 23:16:35.703518
FULLBOOK_2708,2708,fullbook,5600721,921694,2025-08-07 23:16:42.938475
FULLBOOK_2709,2709,fullbook,4049222,729475,2025-08-07 23:16:45.173917
FULLBOOK_271,271,fullbook,1107914,177493,2025-08-06 12:41:38.877283
FULLBOOK_2710,2710,fullbook,3811883,640206,2025-08-07 23:16:46.95265
FULLBOOK_2711,2711,fullbook,3630665,597301,2025-08-07 23:16:48.653937
FULLBOOK_2712,2712,fullbook,2089912,389402,2025-08-07 23:16:50.20197
FULLBOOK_2713,2713,fullbook,2407890,409961,2025-08-07 23:16:51.368945
FULLBOOK_2714,2714,fullbook,980618,155627,2025-08-07 23:16:52.518085
FULLBOOK_2715,2715,fullbook,4138186,652632,2025-08-07 23:16:53.485171
FULLBOOK_2716,2716,fullbook,1931872,340404,2025-08-07 23:16:55.172182
FULLBOOK_2717,2717,fullbook,1407769,223409,2025-08-07 23:16:56.201776
FULLBOOK_2718,2718,fullbook,1169085,204180,2025-08-07 23:16:57.074798
FULLBOOK_2719,2719,fullbook,7142703,1316483,2025-08-07 23:16:58.354272
FULLBOOK_272,272,fullbook,1373379,242277,2025-08-06 12:41:39.713468
FULLBOOK_2720,2720,fullbook,1426886,220864,2025-08-07 23:17:00.801931
FULLBOOK_2721,2721,fullbook,871914,125735,2025-08-07 23:17:01.65231
FULLBOOK_2722,2722,fullbook,1878759,302263,2025-08-07 23:17:02.423111
FULLBOOK_2723,2723,fullbook,1699645,310886,2025-08-07 23:17:03.503444
FULLBOOK_2724,2724,fullbook,250715,43268,2025-08-07 23:17:04.402972
FULLBOOK_2725,2725,fullbook,1786607,328048,2025-08-07 23:17:10.653352
FULLBOOK_2726,2726,fullbook,3023758,472319,2025-08-07 23:17:11.789219
FULLBOOK_2727,2727,fullbook,2125299,349276,2025-08-07 23:17:13.170315
FULLBOOK_2728,2728,fullbook,3277497,536789,2025-08-07 23:17:14.415815
FULLBOOK_2729,2729,fullbook,2089141,336618,2025-08-07 23:17:15.87071
FULLBOOK_273,273,fullbook,1154648,203884,2025-08-06 12:41:40.629231
FULLBOOK_2730,2730,fullbook,2157542,390502,2025-08-07 23:17:17.023762
FULLBOOK_2731,2731,fullbook,1311368,239369,2025-08-07 23:17:18.099419
FULLBOOK_2732,2732,fullbook,1921694,336354,2025-08-07 23:17:19.014884
FULLBOOK_2733,2733,fullbook,1753649,269564,2025-08-07 23:17:20.069085
FULLBOOK_2734,2734,fullbook,537765,100097,2025-08-07 23:17:21.642895
FULLBOOK_2735,2735,fullbook,1540541,240575,2025-08-07 23:17:22.306496
FULLBOOK_2736,2736,fullbook,828929,122703,2025-08-07 23:17:23.202314
FULLBOOK_2737,2737,fullbook,1662128,255084,2025-08-07 23:17:23.965694
FULLBOOK_2738,2738,fullbook,1843515,297162,2025-08-07 23:17:24.965202
FULLBOOK_2739,2739,fullbook,1605055,246411,2025-08-07 23:17:25.984605
FULLBOOK_274,274,fullbook,1557032,256794,2025-08-06 12:41:41.511816
FULLBOOK_2740,2740,fullbook,1700837,285262,2025-08-07 23:17:26.952924
FULLBOOK_2741,2741,fullbook,1155104,212018,2025-08-07 23:17:28.034501
FULLBOOK_2742,2742,fullbook,3299075,531273,2025-08-07 23:17:34.602288
FULLBOOK_2743,2743,fullbook,1406857,226082,2025-08-07 23:17:36.036874
FULLBOOK_2744,2744,fullbook,4224498,668642,2025-08-07 23:17:37.136896
FULLBOOK_2745,2745,fullbook,1471256,199319,2025-08-07 23:17:38.871978
FULLBOOK_2746,2746,fullbook,2758333,487039,2025-08-07 23:17:39.90298
FULLBOOK_2747,2747,fullbook,1350578,205490,2025-08-07 23:17:52.532547
FULLBOOK_2748,2748,fullbook,674714,109197,2025-08-07 23:17:53.335087
FULLBOOK_2749,2749,fullbook,1656462,272892,2025-08-07 23:17:54.052459
FULLBOOK_275,275,fullbook,1478179,263717,2025-08-06 12:41:44.514893
FULLBOOK_2750,2750,fullbook,1778156,286789,2025-08-07 23:17:55.066071
FULLBOOK_2751,2751,fullbook,1820255,282042,2025-08-07 23:17:56.102296
FULLBOOK_2752,2752,fullbook,3406269,537297,2025-08-07 23:17:57.285153
FULLBOOK_2753,2753,fullbook,629232,115344,2025-08-07 23:17:58.698605
FULLBOOK_2754,2754,fullbook,2264843,368182,2025-08-07 23:17:59.448106
FULLBOOK_2755,2755,fullbook,2528667,451713,2025-08-07 23:18:00.701466
FULLBOOK_2756,2756,fullbook,7080646,1272163,2025-08-07 23:18:02.412983
FULLBOOK_2757,2757,fullbook,1050908,156939,2025-08-07 23:18:04.998879
FULLBOOK_2758,2758,fullbook,1743079,313017,2025-08-07 23:18:05.799063
FULLBOOK_2759,2759,fullbook,1650677,272319,2025-08-07 23:18:06.814191
FULLBOOK_276,276,fullbook,818247,147352,2025-08-06 12:41:45.415946
FULLBOOK_2760,2760,fullbook,1012811,156323,2025-08-07 23:18:07.715747
FULLBOOK_2761,2761,fullbook,3769868,645836,2025-08-07 23:18:14.979904
FULLBOOK_2762,2762,fullbook,801209,154306,2025-08-07 23:18:16.54922
FULLBOOK_2763,2763,fullbook,549553,100737,2025-08-07 23:18:17.199156
FULLBOOK_2764,2764,fullbook,2140913,386333,2025-08-07 23:18:17.895719
FULLBOOK_2765,2765,fullbook,1326598,240551,2025-08-07 23:18:18.983043
FULLBOOK_2766,2766,fullbook,607485,105025,2025-08-07 23:18:19.767758
FULLBOOK_2767,2767,fullbook,1932220,352024,2025-08-07 23:18:20.44113
FULLBOOK_2768,2768,fullbook,1427593,258525,2025-08-07 23:18:21.447749
FULLBOOK_2769,2769,fullbook,1287432,212640,2025-08-07 23:18:22.331038
FULLBOOK_277,277,fullbook,1202848,220106,2025-08-06 12:41:46.178679
FULLBOOK_2770,2770,fullbook,1279924,228722,2025-08-07 23:18:23.165891
FULLBOOK_2771,2771,fullbook,2456917,407626,2025-08-07 23:18:24.111543
FULLBOOK_2772,2772,fullbook,1614468,258997,2025-08-07 23:18:25.317039
FULLBOOK_2773,2773,fullbook,1122891,178944,2025-08-07 23:18:26.252628
FULLBOOK_2774,2774,fullbook,2260233,371510,2025-08-07 23:18:27.151597
FULLBOOK_2775,2775,fullbook,1565987,258031,2025-08-07 23:18:29.932276
FULLBOOK_2776,2776,fullbook,181444,31445,2025-08-07 23:18:30.767574
FULLBOOK_2777,2777,fullbook,2492945,415368,2025-08-07 23:18:31.415475
FULLBOOK_2778,2778,fullbook,2298912,366987,2025-08-07 23:18:32.703645
FULLBOOK_2779,2779,fullbook,2185106,363478,2025-08-07 23:18:33.938034
FULLBOOK_278,278,fullbook,598225,101974,2025-08-06 12:41:46.980618
FULLBOOK_2780,2780,fullbook,1294769,197891,2025-08-07 23:18:40.814871
FULLBOOK_2781,2781,fullbook,1750726,259439,2025-08-07 23:18:41.702661
FULLBOOK_2782,2782,fullbook,2248655,341317,2025-08-07 23:18:42.783248
FULLBOOK_2783,2783,fullbook,2218687,340502,2025-08-07 23:18:43.987997
FULLBOOK_2784,2784,fullbook,1203695,214305,2025-08-07 23:18:45.103984
FULLBOOK_2785,2785,fullbook,2466350,456578,2025-08-07 23:18:46.205697
FULLBOOK_2786,2786,fullbook,3558204,584394,2025-08-07 23:18:47.57195
FULLBOOK_2787,2787,fullbook,3585891,589834,2025-08-07 23:18:49.247467
FULLBOOK_2788,2788,fullbook,1814522,302274,2025-08-07 23:18:50.767854
FULLBOOK_2789,2789,fullbook,1507295,228556,2025-08-07 23:18:51.784042
FULLBOOK_279,279,fullbook,1323009,235674,2025-08-06 12:41:47.694814
FULLBOOK_2790,2790,fullbook,2737053,490652,2025-08-07 23:18:52.819093
FULLBOOK_2791,2791,fullbook,1423124,263987,2025-08-07 23:18:54.104192
FULLBOOK_2792,2792,fullbook,226775,40634,2025-08-07 23:18:54.944311
FULLBOOK_2793,2793,fullbook,1892053,316619,2025-08-07 23:18:55.581558
FULLBOOK_2794,2794,fullbook,2674619,413119,2025-08-07 23:18:56.732359
FULLBOOK_2795,2795,fullbook,1762344,308112,2025-08-07 23:18:58.021576
FULLBOOK_2796,2796,fullbook,1733830,259704,2025-08-07 23:18:59.066827
FULLBOOK_2797,2797,fullbook,781418,127702,2025-08-07 23:19:00.002137
FULLBOOK_2798,2798,fullbook,805555,142541,2025-08-07 23:19:00.672729
FULLBOOK_2799,2799,fullbook,947135,168255,2025-08-07 23:19:01.40013
FULLBOOK_28,28,fullbook,537487,97825,2025-08-06 12:26:37.052729
FULLBOOK_280,280,fullbook,1691814,292945,2025-08-06 12:41:48.633191
FULLBOOK_2800,2800,fullbook,541385,101123,2025-08-07 23:19:02.1002
FULLBOOK_2801,2801,fullbook,841985,153281,2025-08-07 23:19:08.499999
FULLBOOK_2802,2802,fullbook,2364378,341920,2025-08-07 23:19:09.352743
FULLBOOK_2803,2803,fullbook,2287399,398728,2025-08-07 23:19:10.58518
FULLBOOK_2804,2804,fullbook,1836230,306461,2025-08-07 23:19:11.785518
FULLBOOK_2805,2805,fullbook,257845,40049,2025-08-07 23:19:12.751282
FULLBOOK_2806,2806,fullbook,824663,137862,2025-08-07 23:19:13.344505
FULLBOOK_2807,2807,fullbook,1290639,236031,2025-08-07 23:19:14.051084
FULLBOOK_2808,2808,fullbook,1957391,356613,2025-08-07 23:19:14.968275
FULLBOOK_2809,2809,fullbook,1868200,306454,2025-08-07 23:19:16.036217
FULLBOOK_281,281,fullbook,1789430,299424,2025-08-06 12:41:49.678941
FULLBOOK_2810,2810,fullbook,1448387,236002,2025-08-07 23:19:17.084393
FULLBOOK_2811,2811,fullbook,1553459,251122,2025-08-07 23:19:17.983654
FULLBOOK_2812,2812,fullbook,1646920,280542,2025-08-07 23:19:18.950634
FULLBOOK_2813,2813,fullbook,2796611,433839,2025-08-07 23:19:19.993656
FULLBOOK_2814,2814,fullbook,1238967,205979,2025-08-07 23:19:21.229792
FULLBOOK_2815,2815,fullbook,1951466,318220,2025-08-07 23:19:23.417637
FULLBOOK_2816,2816,fullbook,2042226,365182,2025-08-07 23:19:24.50373
FULLBOOK_2817,2817,fullbook,1515467,268117,2025-08-07 23:19:25.597701
FULLBOOK_2818,2818,fullbook,2367427,387849,2025-08-07 23:19:26.618337
FULLBOOK_2819,2819,fullbook,1647437,259366,2025-08-07 23:19:27.806464
FULLBOOK_282,282,fullbook,1396486,241154,2025-08-06 12:41:50.711963
FULLBOOK_2820,2820,fullbook,1621647,265344,2025-08-07 23:19:28.783851
FULLBOOK_2821,2821,fullbook,1585766,268377,2025-08-07 23:19:29.786927
FULLBOOK_2822,2822,fullbook,2950692,537211,2025-08-07 23:19:36.839666
FULLBOOK_2823,2823,fullbook,1176616,207608,2025-08-07 23:19:38.16538
FULLBOOK_2824,2824,fullbook,797081,138381,2025-08-07 23:19:38.968141
FULLBOOK_2825,2825,fullbook,3316924,543191,2025-08-07 23:19:39.853425
FULLBOOK_2826,2826,fullbook,3023868,487178,2025-08-07 23:19:41.381399
FULLBOOK_2827,2827,fullbook,889380,162692,2025-08-07 23:19:42.682864
FULLBOOK_2828,2828,fullbook,1284056,208710,2025-08-07 23:19:43.435848
FULLBOOK_2829,2829,fullbook,2027393,332926,2025-08-07 23:19:44.368992
FULLBOOK_283,283,fullbook,1280907,232543,2025-08-06 12:41:51.627408
FULLBOOK_2830,2830,fullbook,1569939,273353,2025-08-07 23:19:45.473189
FULLBOOK_2831,2831,fullbook,708446,134733,2025-08-07 23:19:46.367382
FULLBOOK_2832,2832,fullbook,1538033,257483,2025-08-07 23:19:47.102455
FULLBOOK_2833,2833,fullbook,796019,143864,2025-08-07 23:19:48.001374
FULLBOOK_2834,2834,fullbook,1556107,260667,2025-08-07 23:19:48.76389
FULLBOOK_2835,2835,fullbook,4312079,726354,2025-08-07 23:19:49.981856
FULLBOOK_2836,2836,fullbook,2705835,440672,2025-08-07 23:19:51.784834
FULLBOOK_2837,2837,fullbook,1405967,235073,2025-08-07 23:19:53.073834
FULLBOOK_2838,2838,fullbook,1426982,224818,2025-08-07 23:19:53.999799
FULLBOOK_2839,2839,fullbook,1857272,300997,2025-08-07 23:19:54.967825
FULLBOOK_284,284,fullbook,990727,185597,2025-08-06 12:41:54.497616
FULLBOOK_2840,2840,fullbook,1415219,218249,2025-08-07 23:19:55.99992
FULLBOOK_2841,2841,fullbook,1233458,193737,2025-08-07 23:19:56.901119
FULLBOOK_2842,2842,fullbook,965923,182199,2025-08-07 23:19:57.734182
FULLBOOK_2843,2843,fullbook,1025629,183389,2025-08-07 23:19:58.502622
FULLBOOK_2844,2844,fullbook,1232136,226812,2025-08-07 23:19:59.305865
FULLBOOK_2845,2845,fullbook,1998878,366114,2025-08-07 23:20:06.082581
FULLBOOK_2846,2846,fullbook,2010028,326843,2025-08-07 23:20:07.198926
FULLBOOK_2847,2847,fullbook,747897,138134,2025-08-07 23:20:08.215453
FULLBOOK_2848,2848,fullbook,2276542,366116,2025-08-07 23:20:09.021638
FULLBOOK_2849,2849,fullbook,1559826,247379,2025-08-07 23:20:10.186694
FULLBOOK_285,285,fullbook,1320169,237537,2025-08-06 12:41:55.316247
FULLBOOK_2850,2850,fullbook,2534919,420892,2025-08-07 23:20:11.256533
FULLBOOK_2851,2851,fullbook,1730033,318068,2025-08-07 23:20:12.519183
FULLBOOK_2852,2852,fullbook,1880414,342194,2025-08-07 23:20:13.568109
FULLBOOK_2853,2853,fullbook,1460005,271772,2025-08-07 23:20:14.619442
FULLBOOK_2854,2854,fullbook,865553,145471,2025-08-07 23:20:15.498059
FULLBOOK_2855,2855,fullbook,4142615,759817,2025-08-07 23:20:17.767069
FULLBOOK_2856,2856,fullbook,916330,170947,2025-08-07 23:20:19.398451
FULLBOOK_2857,2857,fullbook,1326291,243952,2025-08-07 23:20:20.185814
FULLBOOK_2858,2858,fullbook,2688979,452144,2025-08-07 23:20:21.170422
FULLBOOK_2859,2859,fullbook,2719278,435527,2025-08-07 23:20:22.535194
FULLBOOK_286,286,fullbook,1248671,210325,2025-08-06 12:41:56.214884
FULLBOOK_2860,2860,fullbook,2328416,363861,2025-08-07 23:20:23.900328
FULLBOOK_2861,2861,fullbook,1738403,315207,2025-08-07 23:20:25.069789
FULLBOOK_2862,2862,fullbook,547811,90019,2025-08-07 23:20:33.91333
FULLBOOK_2863,2863,fullbook,1694243,291625,2025-08-07 23:20:34.632529
FULLBOOK_2864,2864,fullbook,876562,157739,2025-08-07 23:20:35.585778
FULLBOOK_2865,2865,fullbook,1897600,314728,2025-08-07 23:20:36.415675
FULLBOOK_2866,2866,fullbook,3733391,634292,2025-08-07 23:20:37.686359
FULLBOOK_2867,2867,fullbook,1843584,306107,2025-08-07 23:20:39.319927
FULLBOOK_2868,2868,fullbook,2120756,357657,2025-08-07 23:20:40.43028
FULLBOOK_2869,2869,fullbook,1884225,333891,2025-08-07 23:20:41.585036
FULLBOOK_287,287,fullbook,1469693,267760,2025-08-06 12:41:57.0974
FULLBOOK_2870,2870,fullbook,1021577,172122,2025-08-07 23:20:42.596681
FULLBOOK_2871,2871,fullbook,1318467,208289,2025-08-07 23:20:43.399014
FULLBOOK_2872,2872,fullbook,5205250,953502,2025-08-07 23:20:44.632755
FULLBOOK_2873,2873,fullbook,2258762,401019,2025-08-07 23:20:46.648574
FULLBOOK_2874,2874,fullbook,2730177,455564,2025-08-07 23:20:47.913826
FULLBOOK_2875,2875,fullbook,8642677,1559340,2025-08-07 23:20:49.812963
FULLBOOK_2876,2876,fullbook,1453718,262917,2025-08-07 23:21:01.678196
FULLBOOK_2877,2877,fullbook,939053,159024,2025-08-07 23:21:09.049567
FULLBOOK_2878,2878,fullbook,2087743,373285,2025-08-07 23:21:09.901182
FULLBOOK_2879,2879,fullbook,1427127,245777,2025-08-07 23:21:11.004954
FULLBOOK_288,288,fullbook,1443789,271336,2025-08-06 12:41:58.063348
FULLBOOK_2880,2880,fullbook,1591888,262161,2025-08-07 23:21:11.964044
FULLBOOK_2881,2881,fullbook,2282773,357633,2025-08-07 23:21:13.000945
FULLBOOK_2882,2882,fullbook,2764069,413544,2025-08-07 23:21:14.265724
FULLBOOK_2883,2883,fullbook,1346203,237047,2025-08-07 23:21:15.567283
FULLBOOK_2884,2884,fullbook,1686898,301333,2025-08-07 23:21:16.69851
FULLBOOK_2885,2885,fullbook,2000555,364514,2025-08-07 23:21:17.764106
FULLBOOK_2886,2886,fullbook,1860008,349727,2025-08-07 23:21:18.884901
FULLBOOK_2887,2887,fullbook,2275639,390834,2025-08-07 23:21:20.001102
FULLBOOK_2888,2888,fullbook,2939244,481253,2025-08-07 23:21:21.284696
FULLBOOK_2889,2889,fullbook,1328012,203277,2025-08-07 23:21:22.614482
FULLBOOK_289,289,fullbook,1407722,226138,2025-08-06 12:41:58.986033
FULLBOOK_2890,2890,fullbook,695076,129773,2025-08-07 23:21:23.469187
FULLBOOK_2891,2891,fullbook,1391462,211027,2025-08-07 23:21:24.197674
FULLBOOK_2892,2892,fullbook,6898617,1162522,2025-08-07 23:21:25.602119
FULLBOOK_2893,2893,fullbook,1719817,277506,2025-08-07 23:21:27.981197
FULLBOOK_2894,2894,fullbook,1163364,176036,2025-08-07 23:21:37.314361
FULLBOOK_2895,2895,fullbook,2865272,467282,2025-08-07 23:21:38.436407
FULLBOOK_2896,2896,fullbook,1960552,358997,2025-08-07 23:21:39.797938
FULLBOOK_2897,2897,fullbook,1990164,314665,2025-08-07 23:21:40.915478
FULLBOOK_2898,2898,fullbook,1386104,236391,2025-08-07 23:21:42.011638
FULLBOOK_2899,2899,fullbook,5538460,927667,2025-08-07 23:21:43.300936
FULLBOOK_29,29,fullbook,2709740,416002,2025-08-06 12:26:38.820074
FULLBOOK_290,290,fullbook,2083808,364763,2025-08-06 12:41:59.936613
FULLBOOK_2900,2900,fullbook,1236922,220830,2025-08-07 23:21:45.333231
FULLBOOK_2901,2901,fullbook,547401,101780,2025-08-07 23:21:46.252275
FULLBOOK_2902,2902,fullbook,1601305,286077,2025-08-07 23:21:46.915625
FULLBOOK_2903,2903,fullbook,2156131,380328,2025-08-07 23:21:47.952339
FULLBOOK_2904,2904,fullbook,1696609,306526,2025-08-07 23:21:49.097342
FULLBOOK_2905,2905,fullbook,2133687,342577,2025-08-07 23:21:50.161665
FULLBOOK_2906,2906,fullbook,1843008,327255,2025-08-07 23:21:51.284063
FULLBOOK_2907,2907,fullbook,1922925,304818,2025-08-07 23:21:52.346519
FULLBOOK_2908,2908,fullbook,2224333,378802,2025-08-07 23:21:53.479966
FULLBOOK_2909,2909,fullbook,1695422,298695,2025-08-07 23:21:54.632919
FULLBOOK_291,291,fullbook,1696448,289827,2025-08-06 12:42:01.081051
FULLBOOK_2910,2910,fullbook,2181760,377702,2025-08-07 23:21:55.695532
FULLBOOK_2911,2911,fullbook,2617713,444889,2025-08-07 23:22:03.615576
FULLBOOK_2912,2912,fullbook,2178650,364365,2025-08-07 23:22:04.915228
FULLBOOK_2913,2913,fullbook,2030798,318105,2025-08-07 23:22:06.096304
FULLBOOK_2914,2914,fullbook,2725881,488049,2025-08-07 23:22:07.296624
FULLBOOK_2915,2915,fullbook,1488921,242214,2025-08-07 23:22:08.700144
FULLBOOK_2916,2916,fullbook,2202379,392858,2025-08-07 23:22:09.732978
FULLBOOK_2917,2917,fullbook,709146,118026,2025-08-07 23:22:10.816751
FULLBOOK_2918,2918,fullbook,1846440,319236,2025-08-07 23:22:11.59888
FULLBOOK_2919,2919,fullbook,5841927,1083981,2025-08-07 23:22:13.018987
FULLBOOK_292,292,fullbook,1710168,309021,2025-08-06 12:42:02.099676
FULLBOOK_2920,2920,fullbook,2071413,334546,2025-08-07 23:22:15.147332
FULLBOOK_2921,2921,fullbook,1602737,273094,2025-08-07 23:22:16.232773
FULLBOOK_2922,2922,fullbook,2682466,451650,2025-08-07 23:22:17.301449
FULLBOOK_2923,2923,fullbook,3017374,526830,2025-08-07 23:22:18.699376
FULLBOOK_2924,2924,fullbook,1206250,224936,2025-08-07 23:22:20.046162
FULLBOOK_2925,2925,fullbook,2399616,338053,2025-08-07 23:22:21.001336
FULLBOOK_2926,2926,fullbook,1637314,248892,2025-08-07 23:22:22.220391
FULLBOOK_2927,2927,fullbook,1896368,306705,2025-08-07 23:22:23.25041
FULLBOOK_2928,2928,fullbook,1442722,258715,2025-08-07 23:22:31.132638
FULLBOOK_2929,2929,fullbook,1972182,320283,2025-08-07 23:22:32.065971
FULLBOOK_293,293,fullbook,1277561,229594,2025-08-06 12:42:05.099449
FULLBOOK_2930,2930,fullbook,2109683,347575,2025-08-07 23:22:33.150423
FULLBOOK_2931,2931,fullbook,2522768,404568,2025-08-07 23:22:34.313951
FULLBOOK_2932,2932,fullbook,1761700,312269,2025-08-07 23:22:35.56299
FULLBOOK_2933,2933,fullbook,1378911,211737,2025-08-07 23:22:36.532828
FULLBOOK_2934,2934,fullbook,3285930,590801,2025-08-07 23:22:37.631145
FULLBOOK_2935,2935,fullbook,1121726,204485,2025-08-07 23:22:41.081154
FULLBOOK_2936,2936,fullbook,1821091,306333,2025-08-07 23:22:41.900629
FULLBOOK_2937,2937,fullbook,1779962,318052,2025-08-07 23:22:42.976548
FULLBOOK_2938,2938,fullbook,1730926,306837,2025-08-07 23:22:44.015373
FULLBOOK_2939,2939,fullbook,1968864,340073,2025-08-07 23:22:45.065398
FULLBOOK_294,294,fullbook,928979,168430,2025-08-06 12:42:05.929732
FULLBOOK_2940,2940,fullbook,1584781,266708,2025-08-07 23:22:46.301176
FULLBOOK_2941,2941,fullbook,3520878,585657,2025-08-07 23:22:47.464916
FULLBOOK_2942,2942,fullbook,1980805,345157,2025-08-07 23:22:49.018266
FULLBOOK_2943,2943,fullbook,1461768,235483,2025-08-07 23:22:50.119897
FULLBOOK_2944,2944,fullbook,1867142,293077,2025-08-07 23:22:51.095919
FULLBOOK_2945,2945,fullbook,1928599,325351,2025-08-07 23:22:53.1615
FULLBOOK_2946,2946,fullbook,1309613,208801,2025-08-07 23:22:54.209661
FULLBOOK_2947,2947,fullbook,6239796,1042439,2025-08-07 23:22:55.502081
FULLBOOK_2948,2948,fullbook,2154617,347580,2025-08-07 23:22:57.715294
FULLBOOK_2949,2949,fullbook,678459,122580,2025-08-07 23:22:58.768631
FULLBOOK_295,295,fullbook,619243,113763,2025-08-06 12:42:06.663732
FULLBOOK_2950,2950,fullbook,1862988,289869,2025-08-07 23:22:59.516698
FULLBOOK_2951,2951,fullbook,1395208,257868,2025-08-07 23:23:00.551712
FULLBOOK_2952,2952,fullbook,2144438,341349,2025-08-07 23:23:01.53072
FULLBOOK_2953,2953,fullbook,1961735,337771,2025-08-07 23:23:02.711353
FULLBOOK_2954,2954,fullbook,1014561,161580,2025-08-07 23:23:03.73326
FULLBOOK_2955,2955,fullbook,2155226,328144,2025-08-07 23:23:04.587362
FULLBOOK_2956,2956,fullbook,1163364,176036,2025-08-07 23:23:05.695815
FULLBOOK_2957,2957,fullbook,971840,174986,2025-08-07 23:23:06.515251
FULLBOOK_2958,2958,fullbook,1803156,296650,2025-08-07 23:23:07.349675
FULLBOOK_2959,2959,fullbook,2801688,485426,2025-08-07 23:23:08.496515
FULLBOOK_296,296,fullbook,2127094,328377,2025-08-06 12:42:07.436094
FULLBOOK_2960,2960,fullbook,1556657,228548,2025-08-07 23:23:09.79962
FULLBOOK_2961,2961,fullbook,1855304,322422,2025-08-07 23:23:10.800239
FULLBOOK_2962,2962,fullbook,1871930,286873,2025-08-07 23:23:12.815479
FULLBOOK_2963,2963,fullbook,940008,147458,2025-08-07 23:23:13.828863
FULLBOOK_2964,2964,fullbook,1622258,267124,2025-08-07 23:23:14.646486
FULLBOOK_2965,2965,fullbook,1855989,317757,2025-08-07 23:23:15.680957
FULLBOOK_2966,2966,fullbook,2602521,451288,2025-08-07 23:23:16.850503
FULLBOOK_2967,2967,fullbook,1051816,185467,2025-08-07 23:23:18.065519
FULLBOOK_2968,2968,fullbook,2102333,349654,2025-08-07 23:23:18.949892
FULLBOOK_2969,2969,fullbook,2058078,347985,2025-08-07 23:23:20.115115
FULLBOOK_297,297,fullbook,1052673,186859,2025-08-06 12:42:08.515155
FULLBOOK_2970,2970,fullbook,1064090,191472,2025-08-07 23:23:21.209968
FULLBOOK_2971,2971,fullbook,1601952,264353,2025-08-07 23:23:22.064359
FULLBOOK_2972,2972,fullbook,2779474,466566,2025-08-07 23:23:23.180527
FULLBOOK_2973,2973,fullbook,2880695,432227,2025-08-07 23:23:24.628915
FULLBOOK_2974,2974,fullbook,1225118,200793,2025-08-07 23:23:25.929773
FULLBOOK_2975,2975,fullbook,1737341,268232,2025-08-07 23:23:27.151349
FULLBOOK_2976,2976,fullbook,872011,162768,2025-08-07 23:23:28.132158
FULLBOOK_2977,2977,fullbook,1715604,280546,2025-08-07 23:23:28.913943
FULLBOOK_2978,2978,fullbook,1402190,219963,2025-08-07 23:23:29.897663
FULLBOOK_2979,2979,fullbook,1455844,259514,2025-08-07 23:23:30.78325
FULLBOOK_298,298,fullbook,1957427,296241,2025-08-06 12:42:09.384189
FULLBOOK_2980,2980,fullbook,1899507,334043,2025-08-07 23:23:31.763445
FULLBOOK_2981,2981,fullbook,4445371,786024,2025-08-07 23:23:34.1013
FULLBOOK_2982,2982,fullbook,2931612,453521,2025-08-07 23:23:36.064664
FULLBOOK_2983,2983,fullbook,2437321,373747,2025-08-07 23:23:37.544431
FULLBOOK_2984,2984,fullbook,1421500,243235,2025-08-07 23:23:38.829301
FULLBOOK_2985,2985,fullbook,1069402,195023,2025-08-07 23:23:39.781815
FULLBOOK_2986,2986,fullbook,1099231,188424,2025-08-07 23:23:40.630908
FULLBOOK_2987,2987,fullbook,3287292,528691,2025-08-07 23:23:41.798959
FULLBOOK_2988,2988,fullbook,3430913,573016,2025-08-07 23:23:43.715182
FULLBOOK_2989,2989,fullbook,1197883,198395,2025-08-07 23:23:45.21622
FULLBOOK_299,299,fullbook,1756746,279416,2025-08-06 12:42:10.494881
FULLBOOK_2990,2990,fullbook,3206552,536857,2025-08-07 23:23:46.327457
FULLBOOK_2991,2991,fullbook,1612593,290389,2025-08-07 23:23:47.850452
FULLBOOK_2992,2992,fullbook,1803432,327322,2025-08-07 23:23:48.982098
FULLBOOK_2993,2993,fullbook,3126516,532720,2025-08-07 23:23:50.279213
FULLBOOK_2994,2994,fullbook,1985210,362150,2025-08-07 23:23:51.731235
FULLBOOK_2995,2995,fullbook,1378915,252604,2025-08-07 23:23:52.819287
FULLBOOK_2996,2996,fullbook,1382272,226371,2025-08-07 23:23:53.761289
FULLBOOK_2997,2997,fullbook,2905019,451705,2025-08-07 23:23:54.814682
FULLBOOK_2998,2998,fullbook,2772612,467433,2025-08-07 23:23:56.302122
FULLBOOK_2999,2999,fullbook,1206369,220326,2025-08-07 23:23:57.597022
FULLBOOK_3,3,fullbook,1064827,193784,2025-08-06 03:45:52.778091
FULLBOOK_30,30,fullbook,2221471,395019,2025-08-06 12:26:41.081393
FULLBOOK_300,300,fullbook,1915349,332123,2025-08-06 12:42:11.884013
FULLBOOK_3000,3000,fullbook,694942,113147,2025-08-07 23:23:59.253546
FULLBOOK_3001,3001,fullbook,485406,87957,2025-08-07 23:23:59.922031
FULLBOOK_3002,3002,fullbook,1369745,227579,2025-08-07 23:24:00.597008
FULLBOOK_3003,3003,fullbook,437686,71417,2025-08-07 23:24:01.458743
FULLBOOK_3004,3004,fullbook,329489,57468,2025-08-07 23:24:02.045091
FULLBOOK_3005,3005,fullbook,619297,104623,2025-08-07 23:24:10.33071
FULLBOOK_3006,3006,fullbook,391061,75448,2025-08-07 23:24:10.995027
FULLBOOK_3007,3007,fullbook,1039262,161466,2025-08-07 23:24:11.609143
FULLBOOK_3008,3008,fullbook,319287,52590,2025-08-07 23:24:12.363446
FULLBOOK_3009,3009,fullbook,171962,31240,2025-08-07 23:24:12.891004
FULLBOOK_301,301,fullbook,422176,75150,2025-08-06 12:42:12.861196
FULLBOOK_3010,3010,fullbook,522078,94210,2025-08-07 23:24:13.524723
FULLBOOK_3011,3011,fullbook,466724,86225,2025-08-07 23:24:14.161389
FULLBOOK_3012,3012,fullbook,621210,111679,2025-08-07 23:24:14.759569
FULLBOOK_3013,3013,fullbook,529762,93813,2025-08-07 23:24:15.418908
FULLBOOK_3014,3014,fullbook,847032,149467,2025-08-07 23:24:16.129087
FULLBOOK_3015,3015,fullbook,839314,155019,2025-08-07 23:24:16.850515
FULLBOOK_3016,3016,fullbook,336736,57762,2025-08-07 23:24:19.604003
FULLBOOK_3017,3017,fullbook,347397,63000,2025-08-07 23:24:20.107594
FULLBOOK_3018,3018,fullbook,768581,128002,2025-08-07 23:24:20.637602
FULLBOOK_3019,3019,fullbook,546995,94460,2025-08-07 23:24:22.134528
FULLBOOK_302,302,fullbook,1692499,285728,2025-08-06 12:42:15.531086
FULLBOOK_3020,3020,fullbook,516813,96122,2025-08-07 23:24:22.747716
FULLBOOK_3021,3021,fullbook,498692,81335,2025-08-07 23:24:23.380172
FULLBOOK_3022,3022,fullbook,326095,61769,2025-08-07 23:24:23.995006
FULLBOOK_3023,3023,fullbook,592742,106499,2025-08-07 23:24:24.584389
FULLBOOK_3024,3024,fullbook,595685,106695,2025-08-07 23:24:25.215671
FULLBOOK_3025,3025,fullbook,2279381,381605,2025-08-07 23:24:26.000646
FULLBOOK_3026,3026,fullbook,1334371,219786,2025-08-07 23:24:27.148907
FULLBOOK_3027,3027,fullbook,359552,61641,2025-08-07 23:24:27.977644
FULLBOOK_3028,3028,fullbook,886660,157567,2025-08-07 23:24:28.583089
FULLBOOK_3029,3029,fullbook,958043,156704,2025-08-07 23:24:29.311543
FULLBOOK_303,303,fullbook,1553049,275810,2025-08-06 12:42:16.516587
FULLBOOK_3030,3030,fullbook,735501,137134,2025-08-07 23:24:30.052283
FULLBOOK_3031,3031,fullbook,619270,115170,2025-08-07 23:24:30.718132
FULLBOOK_3032,3032,fullbook,178132,31929,2025-08-07 23:24:31.392062
FULLBOOK_3033,3033,fullbook,319068,60725,2025-08-07 23:24:31.891458
FULLBOOK_3034,3034,fullbook,1063666,170249,2025-08-07 23:24:32.493663
FULLBOOK_3035,3035,fullbook,605470,108703,2025-08-07 23:24:33.267904
FULLBOOK_3036,3036,fullbook,265758,45233,2025-08-07 23:24:33.894846
FULLBOOK_3037,3037,fullbook,328623,60189,2025-08-07 23:24:34.424992
FULLBOOK_3038,3038,fullbook,487381,81295,2025-08-07 23:24:35.819668
FULLBOOK_3039,3039,fullbook,576397,101878,2025-08-07 23:24:36.428031
FULLBOOK_304,304,fullbook,1857312,325556,2025-08-06 12:42:17.514095
FULLBOOK_3040,3040,fullbook,606728,106286,2025-08-07 23:24:37.048937
FULLBOOK_3041,3041,fullbook,761513,139767,2025-08-07 23:24:37.701201
FULLBOOK_3042,3042,fullbook,446661,82194,2025-08-07 23:24:38.369488
FULLBOOK_3043,3043,fullbook,607278,101275,2025-08-07 23:24:39.00186
FULLBOOK_3044,3044,fullbook,740671,132704,2025-08-07 23:24:39.650488
FULLBOOK_3045,3045,fullbook,499837,92763,2025-08-07 23:24:40.301922
FULLBOOK_3046,3046,fullbook,795318,142427,2025-08-07 23:24:40.920199
FULLBOOK_3047,3047,fullbook,998720,183908,2025-08-07 23:24:41.712402
FULLBOOK_3048,3048,fullbook,312368,55235,2025-08-07 23:24:42.39897
FULLBOOK_3049,3049,fullbook,361551,65321,2025-08-07 23:24:42.948883
FULLBOOK_305,305,fullbook,1133822,200508,2025-08-06 12:42:18.533561
FULLBOOK_3050,3050,fullbook,805525,131360,2025-08-07 23:24:43.665322
FULLBOOK_3051,3051,fullbook,338699,59142,2025-08-07 23:24:44.345205
FULLBOOK_3052,3052,fullbook,344381,59257,2025-08-07 23:24:44.902595
FULLBOOK_3053,3053,fullbook,1055933,170723,2025-08-07 23:24:45.518404
FULLBOOK_3054,3054,fullbook,283036,52991,2025-08-07 23:24:46.266744
FULLBOOK_3055,3055,fullbook,438039,74285,2025-08-07 23:24:46.824537
FULLBOOK_3056,3056,fullbook,745729,123063,2025-08-07 23:24:47.430461
FULLBOOK_3057,3057,fullbook,658879,110299,2025-08-07 23:24:48.946788
FULLBOOK_3058,3058,fullbook,144049,27464,2025-08-07 23:24:49.921483
FULLBOOK_3059,3059,fullbook,703719,121695,2025-08-07 23:24:50.457302
FULLBOOK_306,306,fullbook,1435894,246988,2025-08-06 12:42:19.397574
FULLBOOK_3060,3060,fullbook,946217,165491,2025-08-07 23:24:51.146474
FULLBOOK_3061,3061,fullbook,590916,106156,2025-08-07 23:24:51.871628
FULLBOOK_3062,3062,fullbook,891112,149833,2025-08-07 23:24:52.529718
FULLBOOK_3063,3063,fullbook,202428,34619,2025-08-07 23:24:53.245219
FULLBOOK_3064,3064,fullbook,1826186,304716,2025-08-07 23:24:53.883412
FULLBOOK_3065,3065,fullbook,455623,78257,2025-08-07 23:24:54.864289
FULLBOOK_3066,3066,fullbook,375614,68775,2025-08-07 23:24:55.490766
FULLBOOK_3067,3067,fullbook,492957,88852,2025-08-07 23:24:56.063692
FULLBOOK_3068,3068,fullbook,483667,86716,2025-08-07 23:24:56.653313
FULLBOOK_3069,3069,fullbook,458632,82927,2025-08-07 23:24:57.279882
FULLBOOK_307,307,fullbook,2163361,340497,2025-08-06 12:42:20.396266
FULLBOOK_3070,3070,fullbook,538805,97241,2025-08-07 23:24:57.886306
FULLBOOK_3071,3071,fullbook,1596561,272430,2025-08-07 23:24:58.596603
FULLBOOK_3072,3072,fullbook,706770,125796,2025-08-07 23:24:59.501409
FULLBOOK_3073,3073,fullbook,462461,71690,2025-08-07 23:25:00.166685
FULLBOOK_3074,3074,fullbook,1033256,170207,2025-08-07 23:25:00.810219
FULLBOOK_3075,3075,fullbook,970032,167631,2025-08-07 23:25:01.583724
FULLBOOK_3076,3076,fullbook,639870,111882,2025-08-07 23:25:03.161647
FULLBOOK_3077,3077,fullbook,647512,108468,2025-08-07 23:25:03.817175
FULLBOOK_3078,3078,fullbook,704094,122261,2025-08-07 23:25:04.478113
FULLBOOK_3079,3079,fullbook,769179,136307,2025-08-07 23:25:05.143326
FULLBOOK_308,308,fullbook,1701415,273321,2025-08-06 12:42:21.544948
FULLBOOK_3080,3080,fullbook,293353,52489,2025-08-07 23:25:05.80678
FULLBOOK_3081,3081,fullbook,838095,151305,2025-08-07 23:25:06.421987
FULLBOOK_3082,3082,fullbook,493826,88448,2025-08-07 23:25:07.112948
FULLBOOK_3083,3083,fullbook,416055,71333,2025-08-07 23:25:07.743176
FULLBOOK_3084,3084,fullbook,1082492,192917,2025-08-07 23:25:08.377913
FULLBOOK_3085,3085,fullbook,2314567,427195,2025-08-07 23:25:09.296033
FULLBOOK_3086,3086,fullbook,978812,163150,2025-08-07 23:25:10.416064
FULLBOOK_3087,3087,fullbook,868981,136543,2025-08-07 23:25:11.184368
FULLBOOK_3088,3088,fullbook,323292,57504,2025-08-07 23:25:11.864755
FULLBOOK_3089,3089,fullbook,465466,83557,2025-08-07 23:25:12.427221
FULLBOOK_309,309,fullbook,1325021,202479,2025-08-06 12:42:22.549849
FULLBOOK_3090,3090,fullbook,520956,96112,2025-08-07 23:25:13.0187
FULLBOOK_3091,3091,fullbook,341271,56570,2025-08-07 23:25:13.718954
FULLBOOK_3092,3092,fullbook,510768,91780,2025-08-07 23:25:14.2874
FULLBOOK_3093,3093,fullbook,693086,113673,2025-08-07 23:25:14.895018
FULLBOOK_3094,3094,fullbook,538808,99893,2025-08-07 23:25:15.546648
FULLBOOK_3095,3095,fullbook,250471,46098,2025-08-07 23:25:16.896954
FULLBOOK_3096,3096,fullbook,540141,97382,2025-08-07 23:25:17.461678
FULLBOOK_3097,3097,fullbook,522790,94918,2025-08-07 23:25:18.082504
FULLBOOK_3098,3098,fullbook,487633,79710,2025-08-07 23:25:18.721193
FULLBOOK_3099,3099,fullbook,327795,60623,2025-08-07 23:25:19.31411
FULLBOOK_31,31,fullbook,1029989,169187,2025-08-06 12:26:43.100856
FULLBOOK_310,310,fullbook,1224848,226892,2025-08-06 12:42:23.446226
FULLBOOK_3100,3100,fullbook,935149,160869,2025-08-07 23:25:22.076637
FULLBOOK_3101,3101,fullbook,719268,135944,2025-08-07 23:25:22.78083
FULLBOOK_3102,3102,fullbook,365953,66128,2025-08-07 23:25:23.448272
FULLBOOK_3103,3103,fullbook,625927,102243,2025-08-07 23:25:24.06204
FULLBOOK_3104,3104,fullbook,845881,139409,2025-08-07 23:25:24.713292
FULLBOOK_3105,3105,fullbook,629557,113286,2025-08-07 23:25:25.431538
FULLBOOK_3106,3106,fullbook,227478,41253,2025-08-07 23:25:26.105545
FULLBOOK_3107,3107,fullbook,963455,161373,2025-08-07 23:25:26.698284
FULLBOOK_3108,3108,fullbook,911581,151341,2025-08-07 23:25:27.476059
FULLBOOK_3109,3109,fullbook,326754,57522,2025-08-07 23:25:28.187476
FULLBOOK_311,311,fullbook,2058664,343810,2025-08-06 12:42:26.485712
FULLBOOK_3110,3110,fullbook,410073,77374,2025-08-07 23:25:28.767601
FULLBOOK_3111,3111,fullbook,477331,87326,2025-08-07 23:25:29.387471
FULLBOOK_3112,3112,fullbook,594039,108337,2025-08-07 23:25:30.031781
FULLBOOK_3113,3113,fullbook,666936,120796,2025-08-07 23:25:30.678687
FULLBOOK_3114,3114,fullbook,506966,87039,2025-08-07 23:25:31.340533
FULLBOOK_3115,3115,fullbook,653201,116582,2025-08-07 23:25:31.96133
FULLBOOK_3116,3116,fullbook,1038188,184601,2025-08-07 23:25:33.380402
FULLBOOK_3117,3117,fullbook,867322,140775,2025-08-07 23:25:34.163532
FULLBOOK_3118,3118,fullbook,431901,72562,2025-08-07 23:25:34.875323
FULLBOOK_3119,3119,fullbook,576104,103051,2025-08-07 23:25:35.479794
FULLBOOK_312,312,fullbook,1816147,331033,2025-08-06 12:42:27.698888
FULLBOOK_3120,3120,fullbook,423876,69457,2025-08-07 23:25:36.110265
FULLBOOK_3121,3121,fullbook,550211,88458,2025-08-07 23:25:36.743659
FULLBOOK_3122,3122,fullbook,1099656,182311,2025-08-07 23:25:37.426715
FULLBOOK_3123,3123,fullbook,589482,96836,2025-08-07 23:25:38.198913
FULLBOOK_3124,3124,fullbook,321440,55990,2025-08-07 23:25:38.838712
FULLBOOK_3125,3125,fullbook,1032639,182002,2025-08-07 23:25:39.47973
FULLBOOK_3126,3126,fullbook,370980,64778,2025-08-07 23:25:40.215289
FULLBOOK_3127,3127,fullbook,326986,58654,2025-08-07 23:25:40.797794
FULLBOOK_3128,3128,fullbook,712398,130735,2025-08-07 23:25:41.40649
FULLBOOK_3129,3129,fullbook,1395341,242053,2025-08-07 23:25:42.164892
FULLBOOK_313,313,fullbook,2027041,370328,2025-08-06 12:42:28.761458
FULLBOOK_3130,3130,fullbook,870444,155371,2025-08-07 23:25:43.065908
FULLBOOK_3131,3131,fullbook,319822,56738,2025-08-07 23:25:43.876834
FULLBOOK_3132,3132,fullbook,325575,58459,2025-08-07 23:25:44.453601
FULLBOOK_3133,3133,fullbook,1293988,212470,2025-08-07 23:25:45.092999
FULLBOOK_3134,3134,fullbook,430438,77469,2025-08-07 23:25:53.757514
FULLBOOK_3135,3135,fullbook,554569,103321,2025-08-07 23:25:54.37587
FULLBOOK_3136,3136,fullbook,1212010,210703,2025-08-07 23:25:55.063451
FULLBOOK_3137,3137,fullbook,397200,72240,2025-08-07 23:25:56.589566
FULLBOOK_3138,3138,fullbook,984624,177960,2025-08-07 23:25:57.208032
FULLBOOK_3139,3139,fullbook,245270,44011,2025-08-07 23:25:57.915984
FULLBOOK_314,314,fullbook,1421171,265919,2025-08-06 12:42:29.828582
FULLBOOK_3140,3140,fullbook,599787,106767,2025-08-07 23:25:58.453491
FULLBOOK_3141,3141,fullbook,485903,93328,2025-08-07 23:25:59.090583
FULLBOOK_3142,3142,fullbook,472291,84576,2025-08-07 23:26:01.869005
FULLBOOK_3143,3143,fullbook,292035,48954,2025-08-07 23:26:02.483137
FULLBOOK_3144,3144,fullbook,494104,84921,2025-08-07 23:26:03.057989
FULLBOOK_3145,3145,fullbook,489064,89330,2025-08-07 23:26:03.663017
FULLBOOK_3146,3146,fullbook,313761,49654,2025-08-07 23:26:04.288241
FULLBOOK_3147,3147,fullbook,1491181,276837,2025-08-07 23:26:04.915754
FULLBOOK_3148,3148,fullbook,91366,16167,2025-08-07 23:26:05.750692
FULLBOOK_3149,3149,fullbook,894750,139213,2025-08-07 23:26:06.291461
FULLBOOK_315,315,fullbook,1502852,269193,2025-08-06 12:42:30.716456
FULLBOOK_3150,3150,fullbook,1068169,169361,2025-08-07 23:26:07.0581
FULLBOOK_3151,3151,fullbook,733839,128323,2025-08-07 23:26:07.947689
FULLBOOK_3152,3152,fullbook,265655,46952,2025-08-07 23:26:08.592737
FULLBOOK_3153,3153,fullbook,517464,96797,2025-08-07 23:26:09.136046
FULLBOOK_3154,3154,fullbook,555504,100443,2025-08-07 23:26:09.748922
FULLBOOK_3155,3155,fullbook,494580,89481,2025-08-07 23:26:10.375854
FULLBOOK_3156,3156,fullbook,423884,73597,2025-08-07 23:26:10.994997
FULLBOOK_3157,3157,fullbook,667332,112487,2025-08-07 23:26:11.579245
FULLBOOK_3158,3158,fullbook,719133,128784,2025-08-07 23:26:12.978469
FULLBOOK_3159,3159,fullbook,554591,90895,2025-08-07 23:26:13.637792
FULLBOOK_316,316,fullbook,1598350,281168,2025-08-06 12:42:31.689521
FULLBOOK_3160,3160,fullbook,508434,90251,2025-08-07 23:26:14.383901
FULLBOOK_3161,3161,fullbook,401499,61732,2025-08-07 23:26:15.03379
FULLBOOK_3162,3162,fullbook,155805,28387,2025-08-07 23:26:15.581819
FULLBOOK_3163,3163,fullbook,418508,72862,2025-08-07 23:26:16.276281
FULLBOOK_3164,3164,fullbook,911684,164805,2025-08-07 23:26:16.897066
FULLBOOK_3165,3165,fullbook,425949,76287,2025-08-07 23:26:17.61025
FULLBOOK_3166,3166,fullbook,868398,150532,2025-08-07 23:26:18.236856
FULLBOOK_3167,3167,fullbook,618038,108221,2025-08-07 23:26:18.944578
FULLBOOK_3168,3168,fullbook,950793,170382,2025-08-07 23:26:19.628313
FULLBOOK_3169,3169,fullbook,570179,91268,2025-08-07 23:26:20.379508
FULLBOOK_317,317,fullbook,1861324,304881,2025-08-06 12:42:32.713692
FULLBOOK_3170,3170,fullbook,288844,47100,2025-08-07 23:26:21.049264
FULLBOOK_3171,3171,fullbook,1738346,303147,2025-08-07 23:26:21.712129
FULLBOOK_3172,3172,fullbook,519571,90092,2025-08-07 23:26:22.650894
FULLBOOK_3173,3173,fullbook,1363955,241819,2025-08-07 23:26:23.333959
FULLBOOK_3174,3174,fullbook,930890,172216,2025-08-07 23:26:24.210246
FULLBOOK_3175,3175,fullbook,441228,72618,2025-08-07 23:26:24.927565
FULLBOOK_3176,3176,fullbook,1101960,194692,2025-08-07 23:26:25.560675
FULLBOOK_3177,3177,fullbook,786303,126325,2025-08-07 23:26:26.347386
FULLBOOK_3178,3178,fullbook,656332,118578,2025-08-07 23:26:27.044451
FULLBOOK_3179,3179,fullbook,273155,45552,2025-08-07 23:26:28.422426
FULLBOOK_318,318,fullbook,1362134,238082,2025-08-06 12:42:33.74925
FULLBOOK_3180,3180,fullbook,344077,57018,2025-08-07 23:26:28.965278
FULLBOOK_3181,3181,fullbook,531608,95176,2025-08-07 23:26:29.528676
FULLBOOK_3182,3182,fullbook,489913,89147,2025-08-07 23:26:30.127705
FULLBOOK_3183,3183,fullbook,420769,77737,2025-08-07 23:26:31.045775
FULLBOOK_3184,3184,fullbook,518904,99361,2025-08-07 23:26:31.557332
FULLBOOK_3185,3185,fullbook,2169882,386247,2025-08-07 23:26:32.231997
FULLBOOK_3186,3186,fullbook,155717,28714,2025-08-07 23:26:33.249896
FULLBOOK_3187,3187,fullbook,1554122,265391,2025-08-07 23:26:33.820117
FULLBOOK_3188,3188,fullbook,293438,52618,2025-08-07 23:26:34.681849
FULLBOOK_3189,3189,fullbook,1231678,211415,2025-08-07 23:26:35.26385
FULLBOOK_319,319,fullbook,1520772,279467,2025-08-06 12:42:34.680257
FULLBOOK_3190,3190,fullbook,456040,86215,2025-08-07 23:26:36.036234
FULLBOOK_3191,3191,fullbook,681484,112116,2025-08-07 23:26:36.643718
FULLBOOK_3192,3192,fullbook,1172921,203559,2025-08-07 23:26:37.345553
FULLBOOK_3193,3193,fullbook,710274,129731,2025-08-07 23:26:38.14564
FULLBOOK_3194,3194,fullbook,588026,110250,2025-08-07 23:26:38.816383
FULLBOOK_3195,3195,fullbook,1471972,268066,2025-08-07 23:26:39.525092
FULLBOOK_3196,3196,fullbook,736877,120703,2025-08-07 23:26:40.413014
FULLBOOK_3197,3197,fullbook,380838,70749,2025-08-07 23:26:41.059715
FULLBOOK_3198,3198,fullbook,389779,68945,2025-08-07 23:26:41.61113
FULLBOOK_3199,3199,fullbook,458809,83346,2025-08-07 23:26:42.180174
FULLBOOK_32,32,fullbook,1346707,224340,2025-08-06 12:26:44.820312
FULLBOOK_320,320,fullbook,1648141,280723,2025-08-06 12:42:37.27959
FULLBOOK_3200,3200,fullbook,550438,101197,2025-08-07 23:26:50.391615
FULLBOOK_3201,3201,fullbook,499529,90700,2025-08-07 23:26:51.127884
FULLBOOK_3202,3202,fullbook,813261,136372,2025-08-07 23:26:51.778814
FULLBOOK_3203,3203,fullbook,550718,99608,2025-08-07 23:26:52.486345
FULLBOOK_3204,3204,fullbook,1381964,238108,2025-08-07 23:26:53.194805
FULLBOOK_3205,3205,fullbook,474222,82609,2025-08-07 23:26:54.038671
FULLBOOK_3206,3206,fullbook,339885,62156,2025-08-07 23:26:54.656442
FULLBOOK_3207,3207,fullbook,313361,57582,2025-08-07 23:26:55.234301
FULLBOOK_3208,3208,fullbook,913777,147024,2025-08-07 23:26:55.859953
FULLBOOK_3209,3209,fullbook,398030,66080,2025-08-07 23:26:56.574371
FULLBOOK_321,321,fullbook,2097892,361762,2025-08-06 12:42:38.315849
FULLBOOK_3210,3210,fullbook,1663540,296494,2025-08-07 23:26:57.246634
FULLBOOK_3211,3211,fullbook,536044,97226,2025-08-07 23:26:58.193532
FULLBOOK_3212,3212,fullbook,589920,106799,2025-08-07 23:26:58.814093
FULLBOOK_3213,3213,fullbook,526374,94263,2025-08-07 23:26:59.429666
FULLBOOK_3214,3214,fullbook,457162,82101,2025-08-07 23:27:00.042434
FULLBOOK_3215,3215,fullbook,457215,77260,2025-08-07 23:27:00.669632
FULLBOOK_3216,3216,fullbook,1719273,270718,2025-08-07 23:27:01.362402
FULLBOOK_3217,3217,fullbook,323211,57812,2025-08-07 23:27:02.286337
FULLBOOK_3218,3218,fullbook,458853,83876,2025-08-07 23:27:02.858345
FULLBOOK_3219,3219,fullbook,695324,124979,2025-08-07 23:27:03.464392
FULLBOOK_322,322,fullbook,1349485,234969,2025-08-06 12:42:39.414359
FULLBOOK_3220,3220,fullbook,609657,100896,2025-08-07 23:27:04.13021
FULLBOOK_3221,3221,fullbook,625911,115434,2025-08-07 23:27:12.196585
FULLBOOK_3222,3222,fullbook,247106,45847,2025-08-07 23:27:12.886051
FULLBOOK_3223,3223,fullbook,448791,79744,2025-08-07 23:27:13.442585
FULLBOOK_3224,3224,fullbook,548501,88816,2025-08-07 23:27:14.038474
FULLBOOK_3225,3225,fullbook,703811,133999,2025-08-07 23:27:14.994137
FULLBOOK_3226,3226,fullbook,1056767,176778,2025-08-07 23:27:15.709778
FULLBOOK_3227,3227,fullbook,1244848,211665,2025-08-07 23:27:16.545244
FULLBOOK_3228,3228,fullbook,434867,78333,2025-08-07 23:27:17.356513
FULLBOOK_3229,3229,fullbook,620390,114277,2025-08-07 23:27:17.967148
FULLBOOK_323,323,fullbook,2129455,337567,2025-08-06 12:42:40.395596
FULLBOOK_3230,3230,fullbook,496650,81193,2025-08-07 23:27:18.607569
FULLBOOK_3231,3231,fullbook,548376,94624,2025-08-07 23:27:19.271219
FULLBOOK_3232,3232,fullbook,692345,120494,2025-08-07 23:27:19.894309
FULLBOOK_3233,3233,fullbook,680958,121463,2025-08-07 23:27:20.56105
FULLBOOK_3234,3234,fullbook,443026,83501,2025-08-07 23:27:21.341541
FULLBOOK_3235,3235,fullbook,395218,70375,2025-08-07 23:27:21.951866
FULLBOOK_3236,3236,fullbook,463696,85251,2025-08-07 23:27:22.559532
FULLBOOK_3237,3237,fullbook,591262,102346,2025-08-07 23:27:23.150818
FULLBOOK_3238,3238,fullbook,451002,80035,2025-08-07 23:27:23.801396
FULLBOOK_3239,3239,fullbook,808419,131970,2025-08-07 23:27:24.414267
FULLBOOK_324,324,fullbook,1549071,293308,2025-08-06 12:42:41.498545
FULLBOOK_3240,3240,fullbook,1082764,174094,2025-08-07 23:27:25.166659
FULLBOOK_3241,3241,fullbook,362534,63834,2025-08-07 23:27:25.932801
FULLBOOK_3242,3242,fullbook,584350,109502,2025-08-07 23:27:33.843667
FULLBOOK_3243,3243,fullbook,604755,107476,2025-08-07 23:27:34.460508
FULLBOOK_3244,3244,fullbook,442607,82247,2025-08-07 23:27:35.089245
FULLBOOK_3245,3245,fullbook,299718,55425,2025-08-07 23:27:35.688351
FULLBOOK_3246,3246,fullbook,483247,85558,2025-08-07 23:27:36.236969
FULLBOOK_3247,3247,fullbook,733913,127608,2025-08-07 23:27:36.861796
FULLBOOK_3248,3248,fullbook,461520,83546,2025-08-07 23:27:37.518039
FULLBOOK_3249,3249,fullbook,418733,70039,2025-08-07 23:27:38.108099
FULLBOOK_325,325,fullbook,1408700,231466,2025-08-06 12:42:42.461961
FULLBOOK_3250,3250,fullbook,863095,137554,2025-08-07 23:27:38.713676
FULLBOOK_3251,3251,fullbook,658945,109189,2025-08-07 23:27:39.442341
FULLBOOK_3252,3252,fullbook,910410,149820,2025-08-07 23:27:40.116393
FULLBOOK_3253,3253,fullbook,635926,114505,2025-08-07 23:27:40.846157
FULLBOOK_3254,3254,fullbook,445211,80151,2025-08-07 23:27:41.479458
FULLBOOK_3255,3255,fullbook,563458,95984,2025-08-07 23:27:42.099048
FULLBOOK_3256,3256,fullbook,296565,50782,2025-08-07 23:27:42.745951
FULLBOOK_3257,3257,fullbook,476169,85051,2025-08-07 23:27:43.306482
FULLBOOK_3258,3258,fullbook,457704,72229,2025-08-07 23:27:43.934373
FULLBOOK_3259,3259,fullbook,504384,86779,2025-08-07 23:27:44.526814
FULLBOOK_326,326,fullbook,1513380,269826,2025-08-06 12:42:43.414434
FULLBOOK_3260,3260,fullbook,528115,96514,2025-08-07 23:27:45.144175
FULLBOOK_3261,3261,fullbook,907582,145832,2025-08-07 23:27:45.79521
FULLBOOK_3262,3262,fullbook,851401,139593,2025-08-07 23:27:46.543794
FULLBOOK_3263,3263,fullbook,863265,145457,2025-08-07 23:27:54.293103
FULLBOOK_3264,3264,fullbook,457488,79608,2025-08-07 23:27:54.947664
FULLBOOK_3265,3265,fullbook,1111594,190078,2025-08-07 23:28:03.119953
FULLBOOK_3266,3266,fullbook,1405296,230184,2025-08-07 23:28:06.16072
FULLBOOK_3267,3267,fullbook,1194339,186656,2025-08-07 23:28:07.09803
FULLBOOK_3268,3268,fullbook,1114110,173492,2025-08-07 23:28:07.945645
FULLBOOK_3269,3269,fullbook,918529,146139,2025-08-07 23:28:08.76059
FULLBOOK_327,327,fullbook,2957192,456507,2025-08-06 12:42:44.496687
FULLBOOK_3270,3270,fullbook,773494,139007,2025-08-07 23:28:09.507483
FULLBOOK_3271,3271,fullbook,417307,76146,2025-08-07 23:28:10.18489
FULLBOOK_3272,3272,fullbook,476565,84072,2025-08-07 23:28:10.766448
FULLBOOK_3273,3273,fullbook,502626,89182,2025-08-07 23:28:11.372015
FULLBOOK_3274,3274,fullbook,716667,125474,2025-08-07 23:28:11.992999
FULLBOOK_3275,3275,fullbook,511646,92743,2025-08-07 23:28:12.661015
FULLBOOK_3276,3276,fullbook,327891,58034,2025-08-07 23:28:13.304484
FULLBOOK_3277,3277,fullbook,751527,128823,2025-08-07 23:28:13.919741
FULLBOOK_3278,3278,fullbook,324009,58728,2025-08-07 23:28:14.594202
FULLBOOK_3279,3279,fullbook,908453,153176,2025-08-07 23:28:15.179602
FULLBOOK_328,328,fullbook,1049146,166541,2025-08-06 12:42:45.799873
FULLBOOK_3280,3280,fullbook,143293,25060,2025-08-07 23:28:15.876633
FULLBOOK_3281,3281,fullbook,352838,64304,2025-08-07 23:28:16.394266
FULLBOOK_3282,3282,fullbook,699748,110834,2025-08-07 23:28:16.993508
FULLBOOK_3283,3283,fullbook,738859,133146,2025-08-07 23:28:17.676666
FULLBOOK_3284,3284,fullbook,909897,144176,2025-08-07 23:28:18.376723
FULLBOOK_3285,3285,fullbook,200937,36000,2025-08-07 23:28:19.086367
FULLBOOK_3286,3286,fullbook,1514198,256222,2025-08-07 23:28:19.751609
FULLBOOK_3289,3289,fullbook,195241,34961,2025-08-07 23:28:29.363927
FULLBOOK_329,329,fullbook,776421,138031,2025-08-06 12:42:46.566823
FULLBOOK_3290,3290,fullbook,313785,59145,2025-08-07 23:28:29.865915
FULLBOOK_3291,3291,fullbook,439317,79890,2025-08-07 23:28:30.412333
FULLBOOK_3292,3292,fullbook,1022663,156571,2025-08-07 23:28:31.02842
FULLBOOK_3293,3293,fullbook,689675,116057,2025-08-07 23:28:31.792174
FULLBOOK_3294,3294,fullbook,414107,68594,2025-08-07 23:28:32.44156
FULLBOOK_3295,3295,fullbook,418522,79308,2025-08-07 23:28:33.046105
FULLBOOK_3296,3296,fullbook,75357,13707,2025-08-07 23:28:33.605885
FULLBOOK_3297,3297,fullbook,552259,94259,2025-08-07 23:28:34.093595
FULLBOOK_3298,3298,fullbook,587989,101326,2025-08-07 23:28:34.713638
FULLBOOK_3299,3299,fullbook,636110,115226,2025-08-07 23:28:35.326089
FULLBOOK_33,33,fullbook,1799578,278593,2025-08-06 12:26:46.673129
FULLBOOK_330,330,fullbook,944320,167350,2025-08-06 12:42:47.278547
FULLBOOK_3300,3300,fullbook,1024495,182190,2025-08-07 23:28:36.008749
FULLBOOK_3301,3301,fullbook,648345,115556,2025-08-07 23:28:36.764632
FULLBOOK_3302,3302,fullbook,523440,92554,2025-08-07 23:28:37.39899
FULLBOOK_3303,3303,fullbook,376128,71460,2025-08-07 23:28:38.048187
FULLBOOK_3304,3304,fullbook,914554,148845,2025-08-07 23:28:38.68056
FULLBOOK_3305,3305,fullbook,1151867,208119,2025-08-07 23:28:39.442729
FULLBOOK_3306,3306,fullbook,330113,59153,2025-08-07 23:28:40.199869
FULLBOOK_3307,3307,fullbook,341574,61551,2025-08-07 23:28:40.753725
FULLBOOK_3308,3308,fullbook,384998,70359,2025-08-07 23:28:43.573188
FULLBOOK_3309,3309,fullbook,838027,133060,2025-08-07 23:28:44.132469
FULLBOOK_331,331,fullbook,1247960,207661,2025-08-06 12:42:49.680082
FULLBOOK_3310,3310,fullbook,670053,118816,2025-08-07 23:28:44.812841
FULLBOOK_3311,3311,fullbook,404483,73515,2025-08-07 23:28:52.931558
FULLBOOK_3312,3312,fullbook,340680,58017,2025-08-07 23:28:53.515032
FULLBOOK_3313,3313,fullbook,558972,89847,2025-08-07 23:28:54.087166
FULLBOOK_3314,3314,fullbook,404428,69124,2025-08-07 23:28:54.730233
FULLBOOK_3315,3315,fullbook,4035784,706049,2025-08-07 23:28:55.593713
FULLBOOK_3316,3316,fullbook,451412,83688,2025-08-07 23:28:57.17271
FULLBOOK_3317,3317,fullbook,698229,132023,2025-08-07 23:28:57.813519
FULLBOOK_3318,3318,fullbook,474679,88620,2025-08-07 23:28:58.448508
FULLBOOK_3319,3319,fullbook,939268,160050,2025-08-07 23:28:59.077931
FULLBOOK_332,332,fullbook,1079150,160244,2025-08-06 12:42:50.528218
FULLBOOK_3320,3320,fullbook,469480,72228,2025-08-07 23:28:59.921632
FULLBOOK_3321,3321,fullbook,401680,74461,2025-08-07 23:29:00.544037
FULLBOOK_3322,3322,fullbook,1082523,172961,2025-08-07 23:29:01.159332
FULLBOOK_3323,3323,fullbook,198227,35402,2025-08-07 23:29:01.904787
FULLBOOK_3324,3324,fullbook,321043,59371,2025-08-07 23:29:02.421156
FULLBOOK_3326,3326,fullbook,617736,109255,2025-08-07 23:29:03.456846
FULLBOOK_3327,3327,fullbook,585193,97240,2025-08-07 23:29:04.100936
FULLBOOK_3328,3328,fullbook,242265,44083,2025-08-07 23:29:04.746281
FULLBOOK_3329,3329,fullbook,801592,130084,2025-08-07 23:29:05.318949
FULLBOOK_333,333,fullbook,1596668,263413,2025-08-06 12:42:51.381706
FULLBOOK_3330,3330,fullbook,843456,152261,2025-08-07 23:29:06.027129
FULLBOOK_3331,3331,fullbook,491654,80918,2025-08-07 23:29:06.721227
FULLBOOK_3332,3332,fullbook,713719,117732,2025-08-07 23:29:07.341121
FULLBOOK_3333,3333,fullbook,217994,41142,2025-08-07 23:29:07.995664
FULLBOOK_3334,3334,fullbook,585523,98976,2025-08-07 23:29:16.146071
FULLBOOK_3335,3335,fullbook,386389,69000,2025-08-07 23:29:16.766532
FULLBOOK_3336,3336,fullbook,1536821,248176,2025-08-07 23:29:17.428673
FULLBOOK_3337,3337,fullbook,493348,87417,2025-08-07 23:29:18.338147
FULLBOOK_3338,3338,fullbook,758732,129292,2025-08-07 23:29:18.984255
FULLBOOK_3339,3339,fullbook,1122843,178864,2025-08-07 23:29:19.708628
FULLBOOK_334,334,fullbook,1546931,248647,2025-08-06 12:42:52.382095
FULLBOOK_3340,3340,fullbook,419488,73478,2025-08-07 23:29:20.475594
FULLBOOK_3341,3341,fullbook,556125,99174,2025-08-07 23:29:21.077847
FULLBOOK_3342,3342,fullbook,439282,78515,2025-08-07 23:29:21.723232
FULLBOOK_3343,3343,fullbook,571256,106476,2025-08-07 23:29:22.358614
FULLBOOK_3344,3344,fullbook,341884,62504,2025-08-07 23:29:22.991402
FULLBOOK_3345,3345,fullbook,518193,91742,2025-08-07 23:29:23.539938
FULLBOOK_3346,3346,fullbook,900712,150707,2025-08-07 23:29:24.177601
FULLBOOK_3347,3347,fullbook,294599,48235,2025-08-07 23:29:24.877011
FULLBOOK_3348,3348,fullbook,322578,58447,2025-08-07 23:29:25.412868
FULLBOOK_3349,3349,fullbook,584487,97082,2025-08-07 23:29:25.973386
FULLBOOK_335,335,fullbook,2041157,358692,2025-08-06 12:42:53.411881
FULLBOOK_3350,3350,fullbook,130343,24509,2025-08-07 23:29:26.612836
FULLBOOK_3351,3351,fullbook,733948,120442,2025-08-07 23:29:27.486425
FULLBOOK_3352,3352,fullbook,660496,115700,2025-08-07 23:29:28.161219
FULLBOOK_3353,3353,fullbook,329990,62574,2025-08-07 23:29:28.831378
FULLBOOK_3354,3354,fullbook,422829,80494,2025-08-07 23:29:29.382403
FULLBOOK_3355,3355,fullbook,474653,81778,2025-08-07 23:29:30.086829
FULLBOOK_3356,3356,fullbook,757194,131963,2025-08-07 23:29:30.706169
FULLBOOK_3357,3357,fullbook,447125,74262,2025-08-07 23:29:38.908997
FULLBOOK_3358,3358,fullbook,1452645,234391,2025-08-07 23:29:39.562392
FULLBOOK_3359,3359,fullbook,414438,76591,2025-08-07 23:29:40.405136
FULLBOOK_336,336,fullbook,2856399,465785,2025-08-06 12:42:54.645589
FULLBOOK_3360,3360,fullbook,117751,20958,2025-08-07 23:29:40.959785
FULLBOOK_3361,3361,fullbook,726699,126741,2025-08-07 23:29:41.475207
FULLBOOK_3362,3362,fullbook,570060,94130,2025-08-07 23:29:42.144859
FULLBOOK_3363,3363,fullbook,410481,73118,2025-08-07 23:29:42.771837
FULLBOOK_3364,3364,fullbook,613681,99000,2025-08-07 23:29:43.386058
FULLBOOK_3365,3365,fullbook,773633,133051,2025-08-07 23:29:44.041646
FULLBOOK_3366,3366,fullbook,422153,71437,2025-08-07 23:29:44.714277
FULLBOOK_3367,3367,fullbook,493213,90519,2025-08-07 23:29:45.322236
FULLBOOK_3368,3368,fullbook,215510,38649,2025-08-07 23:29:46.029592
FULLBOOK_3369,3369,fullbook,609001,112320,2025-08-07 23:29:46.564097
FULLBOOK_337,337,fullbook,913237,160081,2025-08-06 12:42:55.910764
FULLBOOK_3370,3370,fullbook,639527,114724,2025-08-07 23:29:47.213693
FULLBOOK_3371,3371,fullbook,335303,59609,2025-08-07 23:29:47.831318
FULLBOOK_3372,3372,fullbook,519308,84290,2025-08-07 23:29:48.369499
FULLBOOK_3373,3373,fullbook,612003,100123,2025-08-07 23:29:48.984041
FULLBOOK_3374,3374,fullbook,585556,100372,2025-08-07 23:29:49.615413
FULLBOOK_3375,3375,fullbook,484313,83243,2025-08-07 23:29:50.227157
FULLBOOK_3376,3376,fullbook,930294,159724,2025-08-07 23:29:50.893375
FULLBOOK_3377,3377,fullbook,516113,82547,2025-08-07 23:29:51.615303
FULLBOOK_3378,3378,fullbook,191523,35273,2025-08-07 23:29:52.228243
FULLBOOK_3379,3379,fullbook,571489,100932,2025-08-07 23:29:52.749018
FULLBOOK_338,338,fullbook,1763944,302878,2025-08-06 12:42:56.746298
FULLBOOK_3380,3380,fullbook,539996,91803,2025-08-07 23:29:53.363279
FULLBOOK_3381,3381,fullbook,606314,107249,2025-08-07 23:29:53.976181
FULLBOOK_3382,3382,fullbook,415868,76577,2025-08-07 23:30:02.370738
FULLBOOK_3383,3383,fullbook,438086,74761,2025-08-07 23:30:03.070076
FULLBOOK_3384,3384,fullbook,427924,81422,2025-08-07 23:30:03.670666
FULLBOOK_3385,3385,fullbook,727960,119987,2025-08-07 23:30:04.28543
FULLBOOK_3386,3386,fullbook,938662,153860,2025-08-07 23:30:04.958166
FULLBOOK_3387,3387,fullbook,410877,76451,2025-08-07 23:30:05.667533
FULLBOOK_3388,3388,fullbook,417569,78021,2025-08-07 23:30:06.245427
FULLBOOK_3389,3389,fullbook,651263,110318,2025-08-07 23:30:06.856689
FULLBOOK_339,339,fullbook,1939478,303145,2025-08-06 12:42:57.795688
FULLBOOK_3390,3390,fullbook,205697,38067,2025-08-07 23:30:07.489996
FULLBOOK_3391,3391,fullbook,426970,82202,2025-08-07 23:30:08.013074
FULLBOOK_3392,3392,fullbook,575043,99543,2025-08-07 23:30:15.737987
FULLBOOK_3393,3393,fullbook,214648,38535,2025-08-07 23:30:16.393456
FULLBOOK_3394,3394,fullbook,282398,50461,2025-08-07 23:30:16.913837
FULLBOOK_3395,3395,fullbook,417173,68429,2025-08-07 23:30:17.461941
FULLBOOK_3396,3396,fullbook,567153,95577,2025-08-07 23:30:18.067889
FULLBOOK_3397,3397,fullbook,439132,81130,2025-08-07 23:30:18.710648
FULLBOOK_3398,3398,fullbook,561779,101796,2025-08-07 23:30:19.303315
FULLBOOK_3399,3399,fullbook,429248,78302,2025-08-07 23:30:19.945546
FULLBOOK_34,34,fullbook,2355819,406712,2025-08-06 12:26:48.706938
FULLBOOK_340,340,fullbook,1868045,286222,2025-08-06 12:42:58.896784
FULLBOOK_3400,3400,fullbook,890348,144836,2025-08-07 23:30:20.569168
FULLBOOK_3401,3401,fullbook,431959,72777,2025-08-07 23:30:21.276237
FULLBOOK_3402,3402,fullbook,440725,73427,2025-08-07 23:30:21.900174
FULLBOOK_3403,3403,fullbook,736759,118913,2025-08-07 23:30:22.509473
FULLBOOK_3404,3404,fullbook,547521,92587,2025-08-07 23:30:23.178473
FULLBOOK_3405,3405,fullbook,374494,63368,2025-08-07 23:30:23.814724
FULLBOOK_3406,3406,fullbook,246553,43437,2025-08-07 23:30:24.415663
FULLBOOK_3407,3407,fullbook,338463,60402,2025-08-07 23:30:32.606383
FULLBOOK_3408,3408,fullbook,698792,111870,2025-08-07 23:30:33.307164
FULLBOOK_3409,3409,fullbook,618878,103723,2025-08-07 23:30:33.944459
FULLBOOK_341,341,fullbook,2661808,437566,2025-08-06 12:43:00.017643
FULLBOOK_3410,3410,fullbook,343771,62891,2025-08-07 23:30:34.571487
FULLBOOK_3411,3411,fullbook,796154,133424,2025-08-07 23:30:35.184226
FULLBOOK_3412,3412,fullbook,321947,58785,2025-08-07 23:30:35.854893
FULLBOOK_3413,3413,fullbook,583578,96374,2025-08-07 23:30:36.42868
FULLBOOK_3414,3414,fullbook,529097,93818,2025-08-07 23:30:37.053047
FULLBOOK_3415,3415,fullbook,451238,72201,2025-08-07 23:30:37.685239
FULLBOOK_3416,3416,fullbook,498587,90371,2025-08-07 23:30:38.306456
FULLBOOK_3417,3417,fullbook,512083,90479,2025-08-07 23:30:38.89594
FULLBOOK_3418,3418,fullbook,400940,69655,2025-08-07 23:30:39.486015
FULLBOOK_3419,3419,fullbook,906589,139524,2025-08-07 23:30:40.097764
FULLBOOK_3420,3420,fullbook,492721,91570,2025-08-07 23:30:40.804259
FULLBOOK_3421,3421,fullbook,714511,133615,2025-08-07 23:30:41.430366
FULLBOOK_3422,3422,fullbook,406857,76643,2025-08-07 23:30:42.077462
FULLBOOK_3423,3423,fullbook,463557,82349,2025-08-07 23:30:42.677265
FULLBOOK_3424,3424,fullbook,555161,97660,2025-08-07 23:30:43.310017
FULLBOOK_3425,3425,fullbook,232680,41657,2025-08-07 23:30:43.919781
FULLBOOK_3426,3426,fullbook,632961,115143,2025-08-07 23:30:44.473783
FULLBOOK_3427,3427,fullbook,445603,77209,2025-08-07 23:30:45.118757
FULLBOOK_3428,3428,fullbook,312324,57173,2025-08-07 23:30:45.712849
FULLBOOK_3429,3429,fullbook,388489,72128,2025-08-07 23:30:46.262976
FULLBOOK_343,343,fullbook,931784,152788,2025-08-06 12:43:02.848189
FULLBOOK_3430,3430,fullbook,522763,85951,2025-08-07 23:30:46.836845
FULLBOOK_3431,3431,fullbook,336761,53533,2025-08-07 23:30:47.440754
FULLBOOK_3432,3432,fullbook,207677,33569,2025-08-07 23:30:55.689746
FULLBOOK_3434,3434,fullbook,332078,56986,2025-08-07 23:30:56.411429
FULLBOOK_3435,3435,fullbook,589937,101593,2025-08-07 23:30:57.018295
FULLBOOK_3436,3436,fullbook,517995,93645,2025-08-07 23:30:59.87067
FULLBOOK_3437,3437,fullbook,373697,65398,2025-08-07 23:31:00.464243
FULLBOOK_3438,3438,fullbook,633428,98242,2025-08-07 23:31:01.075692
FULLBOOK_3439,3439,fullbook,401611,75783,2025-08-07 23:31:01.774741
FULLBOOK_344,344,fullbook,1615356,295883,2025-08-06 12:43:03.667208
FULLBOOK_3440,3440,fullbook,495571,88468,2025-08-07 23:31:02.387209
FULLBOOK_3441,3441,fullbook,753119,120306,2025-08-07 23:31:02.998964
FULLBOOK_3442,3442,fullbook,508728,91514,2025-08-07 23:31:03.797344
FULLBOOK_3443,3443,fullbook,651715,111302,2025-08-07 23:31:04.411564
FULLBOOK_3444,3444,fullbook,363817,60281,2025-08-07 23:31:05.051405
FULLBOOK_3445,3445,fullbook,281626,50299,2025-08-07 23:31:05.608347
FULLBOOK_3446,3446,fullbook,508813,85740,2025-08-07 23:31:06.15985
FULLBOOK_3447,3447,fullbook,311789,57807,2025-08-07 23:31:06.785967
FULLBOOK_3448,3448,fullbook,589714,110635,2025-08-07 23:31:07.33431
FULLBOOK_3449,3449,fullbook,1304852,222495,2025-08-07 23:31:08.042119
FULLBOOK_345,345,fullbook,2391720,436933,2025-08-06 12:43:06.696946
FULLBOOK_3450,3450,fullbook,311215,56870,2025-08-07 23:31:08.873083
FULLBOOK_3451,3451,fullbook,405946,70288,2025-08-07 23:31:09.422089
FULLBOOK_3452,3452,fullbook,432744,80472,2025-08-07 23:31:10.035856
FULLBOOK_3453,3453,fullbook,412296,67743,2025-08-07 23:31:10.618587
FULLBOOK_3454,3454,fullbook,431055,75690,2025-08-07 23:31:11.241407
FULLBOOK_3455,3455,fullbook,368725,65833,2025-08-07 23:31:11.84114
FULLBOOK_3456,3456,fullbook,690850,117787,2025-08-07 23:31:12.474173
FULLBOOK_3457,3457,fullbook,342872,62865,2025-08-07 23:31:20.84176
FULLBOOK_3458,3458,fullbook,344289,49941,2025-08-07 23:31:21.405427
FULLBOOK_3459,3459,fullbook,1346299,217854,2025-08-07 23:31:22.038073
FULLBOOK_346,346,fullbook,1853750,314303,2025-08-06 12:43:07.934017
FULLBOOK_3460,3460,fullbook,575022,91305,2025-08-07 23:31:22.864382
FULLBOOK_3461,3461,fullbook,378546,64151,2025-08-07 23:31:23.507129
FULLBOOK_3462,3462,fullbook,657000,111914,2025-08-07 23:31:24.115115
FULLBOOK_3463,3463,fullbook,480328,86851,2025-08-07 23:31:24.773626
FULLBOOK_3464,3464,fullbook,560695,103099,2025-08-07 23:31:25.372149
FULLBOOK_3465,3465,fullbook,361680,66817,2025-08-07 23:31:25.985717
FULLBOOK_3466,3466,fullbook,474784,88675,2025-08-07 23:31:26.553874
FULLBOOK_3467,3467,fullbook,389697,72219,2025-08-07 23:31:27.186885
FULLBOOK_3468,3468,fullbook,676034,110644,2025-08-07 23:31:27.77603
FULLBOOK_3469,3469,fullbook,2382939,383303,2025-08-07 23:31:28.578147
FULLBOOK_347,347,fullbook,2187254,368889,2025-08-06 12:43:09.049123
FULLBOOK_3470,3470,fullbook,572276,100939,2025-08-07 23:31:29.694471
FULLBOOK_3471,3471,fullbook,400784,73252,2025-08-07 23:31:30.351793
FULLBOOK_3472,3472,fullbook,710135,120442,2025-08-07 23:31:30.958567
FULLBOOK_3473,3473,fullbook,253263,43643,2025-08-07 23:31:31.590269
FULLBOOK_3474,3474,fullbook,301810,56424,2025-08-07 23:31:32.102835
FULLBOOK_3475,3475,fullbook,525701,87769,2025-08-07 23:31:32.694242
FULLBOOK_3476,3476,fullbook,413647,68978,2025-08-07 23:31:33.341852
FULLBOOK_3477,3477,fullbook,765654,122640,2025-08-07 23:31:34.057357
FULLBOOK_3478,3478,fullbook,10414686,1781054,2025-08-07 23:31:36.140128
FULLBOOK_3479,3479,fullbook,422960,72581,2025-08-07 23:31:39.483857
FULLBOOK_348,348,fullbook,804939,129674,2025-08-06 12:43:10.111394
FULLBOOK_3480,3480,fullbook,284601,51680,2025-08-07 23:31:40.059379
FULLBOOK_3481,3481,fullbook,579498,95754,2025-08-07 23:31:40.627593
FULLBOOK_3482,3482,fullbook,457066,81288,2025-08-07 23:31:48.853568
FULLBOOK_3483,3483,fullbook,556868,102344,2025-08-07 23:31:49.502535
FULLBOOK_3484,3484,fullbook,291172,53602,2025-08-07 23:31:50.14453
FULLBOOK_3485,3485,fullbook,526928,95179,2025-08-07 23:31:50.704918
FULLBOOK_3486,3486,fullbook,366533,64359,2025-08-07 23:31:51.307675
FULLBOOK_3487,3487,fullbook,1122609,181591,2025-08-07 23:31:51.924474
FULLBOOK_3488,3488,fullbook,380132,64390,2025-08-07 23:31:52.672635
FULLBOOK_3489,3489,fullbook,756437,123640,2025-08-07 23:31:53.288145
FULLBOOK_349,349,fullbook,338174,60095,2025-08-06 12:43:10.804922
FULLBOOK_3490,3490,fullbook,341044,54168,2025-08-07 23:31:53.951549
FULLBOOK_3491,3491,fullbook,364648,65619,2025-08-07 23:31:54.501487
FULLBOOK_3492,3492,fullbook,416310,76011,2025-08-07 23:31:55.069473
FULLBOOK_3493,3493,fullbook,446274,80580,2025-08-07 23:31:55.665222
FULLBOOK_3494,3494,fullbook,587259,106685,2025-08-07 23:31:56.297199
FULLBOOK_3495,3495,fullbook,519655,87595,2025-08-07 23:31:56.945552
FULLBOOK_3496,3496,fullbook,449584,75533,2025-08-07 23:31:57.563109
FULLBOOK_3497,3497,fullbook,386310,68690,2025-08-07 23:31:58.156896
FULLBOOK_3498,3498,fullbook,720150,120583,2025-08-07 23:31:58.765872
FULLBOOK_3499,3499,fullbook,691339,112701,2025-08-07 23:31:59.438035
FULLBOOK_35,35,fullbook,615889,112914,2025-08-06 12:26:50.738945
FULLBOOK_350,350,fullbook,1488873,256678,2025-08-06 12:43:11.448871
FULLBOOK_3500,3500,fullbook,1030418,168795,2025-08-07 23:32:00.136385
FULLBOOK_3501,3501,fullbook,186868,30000,2025-08-07 23:32:00.848295
FULLBOOK_3502,3502,fullbook,278858,49536,2025-08-07 23:32:01.333496
FULLBOOK_3503,3503,fullbook,1013621,152307,2025-08-07 23:32:01.908006
FULLBOOK_3504,3504,fullbook,679630,119212,2025-08-07 23:32:02.643547
FULLBOOK_3505,3505,fullbook,331887,54009,2025-08-07 23:32:03.291738
FULLBOOK_3506,3506,fullbook,506413,79835,2025-08-07 23:32:03.868509
FULLBOOK_3507,3507,fullbook,1185766,202790,2025-08-07 23:32:04.656163
FULLBOOK_3508,3508,fullbook,2812339,490204,2025-08-07 23:32:05.624075
FULLBOOK_3509,3509,fullbook,751818,115900,2025-08-07 23:32:14.491018
FULLBOOK_351,351,fullbook,1727896,313778,2025-08-06 12:43:12.418093
FULLBOOK_3510,3510,fullbook,2381610,420042,2025-08-07 23:32:15.288117
FULLBOOK_3511,3511,fullbook,2289340,411711,2025-08-07 23:32:16.558771
FULLBOOK_3512,3512,fullbook,189153,36372,2025-08-07 23:32:17.653393
FULLBOOK_3513,3513,fullbook,1113363,176146,2025-08-07 23:32:18.235152
FULLBOOK_3514,3514,fullbook,384209,70156,2025-08-07 23:32:19.006567
FULLBOOK_3515,3515,fullbook,1315469,220665,2025-08-07 23:32:19.641113
FULLBOOK_3516,3516,fullbook,837437,141989,2025-08-07 23:32:20.495739
FULLBOOK_3517,3517,fullbook,1708835,286561,2025-08-07 23:32:21.674136
FULLBOOK_3518,3518,fullbook,2169929,408216,2025-08-07 23:32:22.728445
FULLBOOK_3519,3519,fullbook,857192,136870,2025-08-07 23:32:23.810038
FULLBOOK_352,352,fullbook,1993522,361802,2025-08-06 12:43:13.462878
FULLBOOK_3520,3520,fullbook,2334065,416578,2025-08-07 23:32:24.641611
FULLBOOK_3521,3521,fullbook,807762,120224,2025-08-07 23:32:32.109338
FULLBOOK_3522,3522,fullbook,241304,40662,2025-08-07 23:32:32.757469
FULLBOOK_3523,3523,fullbook,571102,98210,2025-08-07 23:32:33.230625
FULLBOOK_3524,3524,fullbook,491719,90414,2025-08-07 23:32:33.845834
FULLBOOK_3525,3525,fullbook,971025,170423,2025-08-07 23:32:34.478029
FULLBOOK_3526,3526,fullbook,1994403,361551,2025-08-07 23:32:35.437548
FULLBOOK_3527,3527,fullbook,923147,155048,2025-08-07 23:32:36.489453
FULLBOOK_3528,3528,fullbook,2638714,465573,2025-08-07 23:32:37.354039
FULLBOOK_3529,3529,fullbook,1587397,269190,2025-08-07 23:32:38.621867
FULLBOOK_353,353,fullbook,705733,126219,2025-08-06 12:43:14.49235
FULLBOOK_3530,3530,fullbook,1319880,215319,2025-08-07 23:32:39.595641
FULLBOOK_3531,3531,fullbook,2461810,453471,2025-08-07 23:32:40.574135
FULLBOOK_3532,3532,fullbook,744970,136518,2025-08-07 23:32:41.739774
FULLBOOK_3533,3533,fullbook,576580,102715,2025-08-07 23:32:42.40686
FULLBOOK_3534,3534,fullbook,2398903,425683,2025-08-07 23:32:43.173939
FULLBOOK_3535,3535,fullbook,1251267,215701,2025-08-07 23:32:44.356603
FULLBOOK_3536,3536,fullbook,593602,94842,2025-08-07 23:32:52.862019
FULLBOOK_3537,3537,fullbook,2359685,425855,2025-08-07 23:32:53.624206
FULLBOOK_3538,3538,fullbook,139960,25469,2025-08-07 23:32:54.741404
FULLBOOK_3539,3539,fullbook,2421701,436819,2025-08-07 23:32:55.371098
FULLBOOK_354,354,fullbook,754756,141899,2025-08-06 12:43:16.79376
FULLBOOK_3540,3540,fullbook,420879,68849,2025-08-07 23:32:56.489531
FULLBOOK_3541,3541,fullbook,571584,100453,2025-08-07 23:32:57.097663
FULLBOOK_3542,3542,fullbook,1889475,342012,2025-08-07 23:32:57.807844
FULLBOOK_3543,3543,fullbook,271296,44870,2025-08-07 23:32:58.807767
FULLBOOK_3544,3544,fullbook,531008,94292,2025-08-07 23:32:59.367659
FULLBOOK_3545,3545,fullbook,2103967,378688,2025-08-07 23:33:00.090932
FULLBOOK_3546,3546,fullbook,897094,150933,2025-08-07 23:33:01.14348
FULLBOOK_3547,3547,fullbook,2312101,423355,2025-08-07 23:33:01.938842
FULLBOOK_3548,3548,fullbook,2519442,447452,2025-08-07 23:33:03.142867
FULLBOOK_3549,3549,fullbook,970592,170713,2025-08-07 23:33:04.321735
FULLBOOK_355,355,fullbook,1681841,274274,2025-08-06 12:43:17.563323
FULLBOOK_3550,3550,fullbook,580648,99779,2025-08-07 23:33:05.023933
FULLBOOK_3551,3551,fullbook,444374,81357,2025-08-07 23:33:05.70924
FULLBOOK_3552,3552,fullbook,785902,141055,2025-08-07 23:33:06.255714
FULLBOOK_3553,3553,fullbook,500880,94689,2025-08-07 23:33:06.891648
FULLBOOK_3554,3554,fullbook,463104,82961,2025-08-07 23:33:09.68771
FULLBOOK_3555,3555,fullbook,1010700,164199,2025-08-07 23:33:10.304779
FULLBOOK_3556,3556,fullbook,311297,58164,2025-08-07 23:33:11.040933
FULLBOOK_3557,3557,fullbook,345781,59398,2025-08-07 23:33:11.613594
FULLBOOK_3558,3558,fullbook,579547,97566,2025-08-07 23:33:12.176876
FULLBOOK_3559,3559,fullbook,3382741,573459,2025-08-07 23:33:13.025761
FULLBOOK_356,356,fullbook,1387088,248811,2025-08-06 12:43:18.548538
FULLBOOK_3560,3560,fullbook,1432586,257303,2025-08-07 23:33:14.513162
FULLBOOK_3561,3561,fullbook,2740314,476823,2025-08-07 23:33:15.539447
FULLBOOK_3562,3562,fullbook,1722984,286638,2025-08-07 23:33:16.859217
FULLBOOK_3563,3563,fullbook,554760,88061,2025-08-07 23:33:25.653048
FULLBOOK_3564,3564,fullbook,572935,93851,2025-08-07 23:33:26.288691
FULLBOOK_3565,3565,fullbook,2528177,438576,2025-08-07 23:33:27.067725
FULLBOOK_3566,3566,fullbook,563708,92229,2025-08-07 23:33:28.207845
FULLBOOK_3567,3567,fullbook,404106,74275,2025-08-07 23:33:28.859788
FULLBOOK_3568,3568,fullbook,279359,49601,2025-08-07 23:33:29.450095
FULLBOOK_3569,3569,fullbook,230081,38342,2025-08-07 23:33:29.950813
FULLBOOK_357,357,fullbook,1182383,206183,2025-08-06 12:43:19.460594
FULLBOOK_3570,3570,fullbook,566679,89404,2025-08-07 23:33:30.473433
FULLBOOK_3571,3571,fullbook,603431,110933,2025-08-07 23:33:31.105524
FULLBOOK_3572,3572,fullbook,658405,117476,2025-08-07 23:33:31.744653
FULLBOOK_3573,3573,fullbook,346394,60428,2025-08-07 23:33:32.411449
FULLBOOK_3574,3574,fullbook,703483,114385,2025-08-07 23:33:32.988033
FULLBOOK_3575,3575,fullbook,478338,73794,2025-08-07 23:33:33.640398
FULLBOOK_3576,3576,fullbook,857012,130439,2025-08-07 23:33:34.252092
FULLBOOK_3577,3577,fullbook,710551,116175,2025-08-07 23:33:34.958063
FULLBOOK_3578,3578,fullbook,68729,12268,2025-08-07 23:33:35.665768
FULLBOOK_3579,3579,fullbook,686771,113879,2025-08-07 23:33:36.271263
FULLBOOK_358,358,fullbook,1915083,335000,2025-08-06 12:43:20.366157
FULLBOOK_3580,3580,fullbook,539041,91941,2025-08-07 23:33:36.912499
FULLBOOK_3581,3581,fullbook,213679,39072,2025-08-07 23:33:37.534533
FULLBOOK_3582,3582,fullbook,589504,92995,2025-08-07 23:33:38.061961
FULLBOOK_3583,3583,fullbook,562403,100274,2025-08-07 23:33:38.711597
FULLBOOK_3584,3584,fullbook,556947,100019,2025-08-07 23:33:39.322921
FULLBOOK_3585,3585,fullbook,998077,166657,2025-08-07 23:33:39.988817
FULLBOOK_3586,3586,fullbook,620468,111330,2025-08-07 23:33:40.737962
FULLBOOK_3587,3587,fullbook,723937,127816,2025-08-07 23:33:41.388176
FULLBOOK_3588,3588,fullbook,1212124,195105,2025-08-07 23:33:42.105952
FULLBOOK_3589,3589,fullbook,536839,95774,2025-08-07 23:33:42.8987
FULLBOOK_359,359,fullbook,2055419,340963,2025-08-06 12:43:21.462431
FULLBOOK_3590,3590,fullbook,394850,71163,2025-08-07 23:33:51.240065
FULLBOOK_3591,3591,fullbook,392179,71536,2025-08-07 23:33:51.833909
FULLBOOK_3592,3592,fullbook,539478,96058,2025-08-07 23:33:52.425445
FULLBOOK_3593,3593,fullbook,904709,167576,2025-08-07 23:33:53.056694
FULLBOOK_3594,3594,fullbook,365190,58427,2025-08-07 23:33:55.13777
FULLBOOK_3595,3595,fullbook,687728,103910,2025-08-07 23:33:55.661011
FULLBOOK_3596,3596,fullbook,359300,66621,2025-08-07 23:33:56.303187
FULLBOOK_3597,3597,fullbook,613942,95194,2025-08-07 23:33:56.864775
FULLBOOK_3598,3598,fullbook,1459095,261685,2025-08-07 23:33:57.591414
FULLBOOK_3599,3599,fullbook,532690,89474,2025-08-07 23:33:58.438891
FULLBOOK_36,36,fullbook,1496217,229054,2025-08-06 12:26:52.353843
FULLBOOK_360,360,fullbook,1159181,175371,2025-08-06 12:43:22.532244
FULLBOOK_3600,3600,fullbook,294875,51900,2025-08-07 23:33:59.059267
FULLBOOK_3601,3601,fullbook,348657,61247,2025-08-07 23:33:59.599461
FULLBOOK_3602,3602,fullbook,439298,75968,2025-08-07 23:34:00.158702
FULLBOOK_3603,3603,fullbook,503466,87707,2025-08-07 23:34:00.788316
FULLBOOK_3604,3604,fullbook,636217,106468,2025-08-07 23:34:01.405865
FULLBOOK_3605,3605,fullbook,1099272,171523,2025-08-07 23:34:02.088912
FULLBOOK_3606,3606,fullbook,325061,59353,2025-08-07 23:34:02.836344
FULLBOOK_3608,3608,fullbook,944206,164966,2025-08-07 23:34:03.896502
FULLBOOK_3609,3609,fullbook,669353,123066,2025-08-07 23:34:04.623913
FULLBOOK_361,361,fullbook,1265989,228119,2025-08-06 12:43:23.367029
FULLBOOK_3610,3610,fullbook,754259,137442,2025-08-07 23:34:05.29103
FULLBOOK_3611,3611,fullbook,431032,73107,2025-08-07 23:34:05.957371
FULLBOOK_3612,3612,fullbook,354344,59279,2025-08-07 23:34:06.644396
FULLBOOK_3613,3613,fullbook,622001,97715,2025-08-07 23:34:07.231517
FULLBOOK_3614,3614,fullbook,641636,98885,2025-08-07 23:34:07.873513
FULLBOOK_3615,3615,fullbook,878371,164449,2025-08-07 23:34:08.554978
FULLBOOK_3616,3616,fullbook,553848,99479,2025-08-07 23:34:09.261993
FULLBOOK_3617,3617,fullbook,1077896,193336,2025-08-07 23:34:09.904074
FULLBOOK_3618,3618,fullbook,725593,123237,2025-08-07 23:34:10.674026
FULLBOOK_3619,3619,fullbook,1051991,190159,2025-08-07 23:34:19.205929
FULLBOOK_362,362,fullbook,2825430,454596,2025-08-06 12:43:24.399733
FULLBOOK_3620,3620,fullbook,352410,61911,2025-08-07 23:34:19.943902
FULLBOOK_3621,3621,fullbook,250409,44289,2025-08-07 23:34:20.486358
FULLBOOK_3622,3622,fullbook,659190,109152,2025-08-07 23:34:21.068024
FULLBOOK_3623,3623,fullbook,306584,55906,2025-08-07 23:34:21.717484
FULLBOOK_3624,3624,fullbook,425036,72592,2025-08-07 23:34:22.282119
FULLBOOK_3625,3625,fullbook,605888,108098,2025-08-07 23:34:22.870393
FULLBOOK_3626,3626,fullbook,1040238,166008,2025-08-07 23:34:23.536988
FULLBOOK_3627,3627,fullbook,888212,136410,2025-08-07 23:34:24.304564
FULLBOOK_3628,3628,fullbook,501904,77795,2025-08-07 23:34:24.997928
FULLBOOK_3629,3629,fullbook,769385,118323,2025-08-07 23:34:25.617589
FULLBOOK_363,363,fullbook,3335764,564049,2025-08-06 12:43:25.845521
FULLBOOK_3630,3630,fullbook,582865,104562,2025-08-07 23:34:26.296555
FULLBOOK_3631,3631,fullbook,734281,130041,2025-08-07 23:34:26.942654
FULLBOOK_3632,3632,fullbook,1053895,157648,2025-08-07 23:34:27.650058
FULLBOOK_3633,3633,fullbook,454981,73884,2025-08-07 23:34:28.404094
FULLBOOK_3634,3634,fullbook,543580,95856,2025-08-07 23:34:29.036269
FULLBOOK_3635,3635,fullbook,633083,107275,2025-08-07 23:34:30.04307
FULLBOOK_3636,3636,fullbook,498431,84567,2025-08-07 23:34:30.682354
FULLBOOK_3637,3637,fullbook,997304,172640,2025-08-07 23:34:31.354325
FULLBOOK_3639,3639,fullbook,762652,127336,2025-08-07 23:34:32.541474
FULLBOOK_364,364,fullbook,2527917,451664,2025-08-06 12:43:27.379669
FULLBOOK_3640,3640,fullbook,486831,87045,2025-08-07 23:34:33.208409
FULLBOOK_3641,3641,fullbook,663131,118216,2025-08-07 23:34:33.816587
FULLBOOK_3642,3642,fullbook,269097,41424,2025-08-07 23:34:34.440718
FULLBOOK_3643,3643,fullbook,657546,99129,2025-08-07 23:34:34.991954
FULLBOOK_3644,3644,fullbook,379360,68455,2025-08-07 23:34:35.619651
FULLBOOK_3645,3645,fullbook,132354,24750,2025-08-07 23:34:36.169076
FULLBOOK_3646,3646,fullbook,633448,102455,2025-08-07 23:34:36.796176
FULLBOOK_3647,3647,fullbook,468570,71045,2025-08-07 23:34:37.421138
FULLBOOK_3648,3648,fullbook,858985,138105,2025-08-07 23:34:45.884911
FULLBOOK_3649,3649,fullbook,750542,135722,2025-08-07 23:34:46.603625
FULLBOOK_365,365,fullbook,1790401,312001,2025-08-06 12:43:30.037179
FULLBOOK_3650,3650,fullbook,689493,128327,2025-08-07 23:34:53.271341
FULLBOOK_3651,3651,fullbook,827577,142444,2025-08-07 23:34:53.885786
FULLBOOK_3652,3652,fullbook,960229,167862,2025-08-07 23:34:54.537014
FULLBOOK_3653,3653,fullbook,586476,94280,2025-08-07 23:34:55.225038
FULLBOOK_3654,3654,fullbook,515002,93586,2025-08-07 23:34:55.815604
FULLBOOK_3655,3655,fullbook,666118,110026,2025-08-07 23:34:56.366995
FULLBOOK_3656,3656,fullbook,573512,101975,2025-08-07 23:34:56.970103
FULLBOOK_3657,3657,fullbook,466574,81693,2025-08-07 23:34:57.561714
FULLBOOK_3658,3658,fullbook,159867,28758,2025-08-07 23:34:58.086709
FULLBOOK_3659,3659,fullbook,490212,87224,2025-08-07 23:34:58.525917
FULLBOOK_366,366,fullbook,1894000,342468,2025-08-06 12:43:31.113071
FULLBOOK_3660,3660,fullbook,230854,40820,2025-08-07 23:34:59.057066
FULLBOOK_3661,3661,fullbook,1022014,164472,2025-08-07 23:34:59.548841
FULLBOOK_3662,3662,fullbook,492483,85641,2025-08-07 23:35:00.249975
FULLBOOK_3663,3663,fullbook,259168,47279,2025-08-07 23:35:00.79346
FULLBOOK_3664,3664,fullbook,471290,81181,2025-08-07 23:35:01.337869
FULLBOOK_3665,3665,fullbook,626660,112278,2025-08-07 23:35:01.941246
FULLBOOK_3666,3666,fullbook,594960,102292,2025-08-07 23:35:02.570292
FULLBOOK_3667,3667,fullbook,346519,62026,2025-08-07 23:35:03.233975
FULLBOOK_3668,3668,fullbook,435633,79474,2025-08-07 23:35:03.78326
FULLBOOK_3669,3669,fullbook,670616,102718,2025-08-07 23:35:04.393858
FULLBOOK_367,367,fullbook,1201773,217815,2025-08-06 12:43:32.165556
FULLBOOK_3670,3670,fullbook,657243,104786,2025-08-07 23:35:05.05755
FULLBOOK_3671,3671,fullbook,1519007,263812,2025-08-07 23:35:05.788013
FULLBOOK_3672,3672,fullbook,569868,92631,2025-08-07 23:35:06.795885
FULLBOOK_3673,3673,fullbook,653309,116945,2025-08-07 23:35:07.435488
FULLBOOK_3674,3674,fullbook,461769,74062,2025-08-07 23:35:08.089467
FULLBOOK_3675,3675,fullbook,544410,97855,2025-08-07 23:35:08.694502
FULLBOOK_3676,3676,fullbook,2145721,351114,2025-08-07 23:35:09.44056
FULLBOOK_3677,3677,fullbook,87904,15801,2025-08-07 23:35:21.14908
FULLBOOK_3678,3678,fullbook,498720,87174,2025-08-07 23:35:21.556389
FULLBOOK_3679,3679,fullbook,193051,36657,2025-08-07 23:35:22.106759
FULLBOOK_368,368,fullbook,1428663,253658,2025-08-06 12:43:33.061688
FULLBOOK_3680,3680,fullbook,325578,54864,2025-08-07 23:35:22.533632
FULLBOOK_3681,3681,fullbook,1291041,196739,2025-08-07 23:35:23.083204
FULLBOOK_3682,3682,fullbook,418350,71364,2025-08-07 23:35:23.837351
FULLBOOK_3683,3683,fullbook,731651,111843,2025-08-07 23:35:24.389739
FULLBOOK_3684,3684,fullbook,414315,74757,2025-08-07 23:35:25.000306
FULLBOOK_3685,3685,fullbook,495269,86588,2025-08-07 23:35:25.503617
FULLBOOK_3686,3686,fullbook,160435,28521,2025-08-07 23:35:26.060924
FULLBOOK_3687,3687,fullbook,510170,89278,2025-08-07 23:35:26.493724
FULLBOOK_3688,3688,fullbook,318632,60196,2025-08-07 23:35:27.019158
FULLBOOK_3689,3689,fullbook,341184,60376,2025-08-07 23:35:27.501973
FULLBOOK_369,369,fullbook,1234849,202297,2025-08-06 12:43:33.968194
FULLBOOK_3690,3690,fullbook,519646,89558,2025-08-07 23:35:28.004104
FULLBOOK_3691,3691,fullbook,721938,118494,2025-08-07 23:35:28.578029
FULLBOOK_3692,3692,fullbook,1322221,235774,2025-08-07 23:35:29.251134
FULLBOOK_3693,3693,fullbook,876514,140858,2025-08-07 23:35:30.037768
FULLBOOK_3694,3694,fullbook,296312,50012,2025-08-07 23:35:30.686747
FULLBOOK_3695,3695,fullbook,602551,97108,2025-08-07 23:35:31.169318
FULLBOOK_3696,3696,fullbook,448927,77791,2025-08-07 23:35:31.740163
FULLBOOK_3697,3697,fullbook,259530,46392,2025-08-07 23:35:32.26382
FULLBOOK_3698,3698,fullbook,795526,128675,2025-08-07 23:35:32.736253
FULLBOOK_3699,3699,fullbook,343569,63310,2025-08-07 23:35:33.358852
FULLBOOK_37,37,fullbook,2901607,476796,2025-08-06 12:26:54.319626
FULLBOOK_370,370,fullbook,2555269,416067,2025-08-06 12:43:34.952292
FULLBOOK_3700,3700,fullbook,688011,111685,2025-08-07 23:35:33.846142
FULLBOOK_3701,3701,fullbook,315137,58528,2025-08-07 23:35:34.465329
FULLBOOK_3702,3702,fullbook,465489,77800,2025-08-07 23:35:34.952027
FULLBOOK_3703,3703,fullbook,439699,84368,2025-08-07 23:35:35.522979
FULLBOOK_3704,3704,fullbook,447426,80926,2025-08-07 23:35:36.064231
FULLBOOK_3705,3705,fullbook,431240,74792,2025-08-07 23:35:36.579805
FULLBOOK_3706,3706,fullbook,682578,108144,2025-08-07 23:35:45.516977
FULLBOOK_3707,3707,fullbook,755201,127776,2025-08-07 23:35:46.205373
FULLBOOK_3708,3708,fullbook,1079528,197434,2025-08-07 23:35:46.920885
FULLBOOK_3709,3709,fullbook,338542,51880,2025-08-07 23:35:47.692966
FULLBOOK_371,371,fullbook,1099712,199170,2025-08-06 12:43:36.180132
FULLBOOK_3710,3710,fullbook,523145,93877,2025-08-07 23:35:48.281062
FULLBOOK_3711,3711,fullbook,294963,45522,2025-08-07 23:35:48.881894
FULLBOOK_3712,3712,fullbook,355895,63987,2025-08-07 23:35:49.41167
FULLBOOK_3713,3713,fullbook,252980,45922,2025-08-07 23:35:49.923063
FULLBOOK_3714,3714,fullbook,678680,108887,2025-08-07 23:35:50.403837
FULLBOOK_3715,3715,fullbook,406916,73314,2025-08-07 23:35:51.031425
FULLBOOK_3716,3716,fullbook,348035,65440,2025-08-07 23:35:51.523094
FULLBOOK_3717,3717,fullbook,944182,150954,2025-08-07 23:35:52.048588
FULLBOOK_3718,3718,fullbook,224442,40253,2025-08-07 23:35:52.719877
FULLBOOK_3719,3719,fullbook,313422,54341,2025-08-07 23:35:53.602536
FULLBOOK_372,372,fullbook,3143220,587280,2025-08-06 12:43:37.181257
FULLBOOK_3720,3720,fullbook,261784,45093,2025-08-07 23:35:54.080201
FULLBOOK_3721,3721,fullbook,660419,118262,2025-08-07 23:35:54.54858
FULLBOOK_3722,3722,fullbook,634168,103337,2025-08-07 23:35:55.155087
FULLBOOK_3723,3723,fullbook,213162,37811,2025-08-07 23:35:55.747845
FULLBOOK_3724,3724,fullbook,592126,109236,2025-08-07 23:35:56.206866
FULLBOOK_3725,3725,fullbook,1250947,202062,2025-08-07 23:35:56.816446
FULLBOOK_3726,3726,fullbook,474124,77791,2025-08-07 23:35:57.575182
FULLBOOK_3728,3728,fullbook,1278240,184157,2025-08-07 23:35:58.591074
FULLBOOK_3729,3729,fullbook,459368,84201,2025-08-07 23:35:59.392695
FULLBOOK_373,373,fullbook,1091412,199716,2025-08-06 12:43:38.530843
FULLBOOK_3730,3730,fullbook,911039,166127,2025-08-07 23:35:59.969021
FULLBOOK_3731,3731,fullbook,961934,142693,2025-08-07 23:36:00.653249
FULLBOOK_3732,3732,fullbook,612961,100389,2025-08-07 23:36:01.333382
FULLBOOK_3733,3733,fullbook,840392,151349,2025-08-07 23:36:01.931556
FULLBOOK_3734,3734,fullbook,432702,79248,2025-08-07 23:36:02.573704
FULLBOOK_3735,3735,fullbook,223646,42174,2025-08-07 23:36:03.091366
FULLBOOK_3736,3736,fullbook,3139353,513156,2025-08-07 23:36:03.753441
FULLBOOK_3737,3737,fullbook,971362,160373,2025-08-07 23:36:13.720378
FULLBOOK_3738,3738,fullbook,367250,61413,2025-08-07 23:36:14.504953
FULLBOOK_3739,3739,fullbook,279607,49525,2025-08-07 23:36:15.005044
FULLBOOK_374,374,fullbook,1570518,292550,2025-08-06 12:43:39.397189
FULLBOOK_3740,3740,fullbook,240389,44774,2025-08-07 23:36:15.479832
FULLBOOK_3741,3741,fullbook,181500,33923,2025-08-07 23:36:15.949887
FULLBOOK_3742,3742,fullbook,718012,126000,2025-08-07 23:36:16.407246
FULLBOOK_3743,3743,fullbook,752862,124865,2025-08-07 23:36:17.025933
FULLBOOK_3744,3744,fullbook,489713,81766,2025-08-07 23:36:17.683775
FULLBOOK_3745,3745,fullbook,1027435,165207,2025-08-07 23:36:18.292094
FULLBOOK_3746,3746,fullbook,84644,15482,2025-08-07 23:36:18.977786
FULLBOOK_3747,3747,fullbook,345411,59822,2025-08-07 23:36:19.370271
FULLBOOK_3748,3748,fullbook,481696,83831,2025-08-07 23:36:19.896531
FULLBOOK_3749,3749,fullbook,728561,129659,2025-08-07 23:36:20.530945
FULLBOOK_375,375,fullbook,1052163,193791,2025-08-06 12:43:52.52729
FULLBOOK_3750,3750,fullbook,150854,26883,2025-08-07 23:36:21.209341
FULLBOOK_3751,3751,fullbook,700545,126600,2025-08-07 23:36:21.715863
FULLBOOK_3752,3752,fullbook,530080,97005,2025-08-07 23:36:22.365537
FULLBOOK_3753,3753,fullbook,2850286,498768,2025-08-07 23:36:23.172006
FULLBOOK_3754,3754,fullbook,670873,123486,2025-08-07 23:36:24.422499
FULLBOOK_3755,3755,fullbook,250835,47193,2025-08-07 23:36:25.088836
FULLBOOK_3756,3756,fullbook,352644,66543,2025-08-07 23:36:25.60261
FULLBOOK_3757,3757,fullbook,516344,86881,2025-08-07 23:36:26.18815
FULLBOOK_3758,3758,fullbook,1843633,303553,2025-08-07 23:36:26.917041
FULLBOOK_3759,3759,fullbook,592179,105941,2025-08-07 23:36:27.900355
FULLBOOK_376,376,fullbook,1264984,221623,2025-08-06 12:43:53.353732
FULLBOOK_3760,3760,fullbook,1506410,264024,2025-08-07 23:36:28.531033
FULLBOOK_3761,3761,fullbook,124543,22727,2025-08-07 23:36:29.736428
FULLBOOK_3762,3762,fullbook,593736,106525,2025-08-07 23:36:30.148772
FULLBOOK_3763,3763,fullbook,507009,95403,2025-08-07 23:36:30.743145
FULLBOOK_3764,3764,fullbook,563319,93567,2025-08-07 23:36:31.290805
FULLBOOK_3765,3765,fullbook,525070,85280,2025-08-07 23:36:31.892401
FULLBOOK_3766,3766,fullbook,334096,53943,2025-08-07 23:36:32.422459
FULLBOOK_3767,3767,fullbook,291400,50416,2025-08-07 23:36:32.922254
FULLBOOK_3768,3768,fullbook,238495,44404,2025-08-07 23:36:41.86551
FULLBOOK_3769,3769,fullbook,740275,113188,2025-08-07 23:36:42.320251
FULLBOOK_377,377,fullbook,1722254,319597,2025-08-06 12:43:54.263019
FULLBOOK_3770,3770,fullbook,523529,91498,2025-08-07 23:36:42.93437
FULLBOOK_3771,3771,fullbook,1168915,211376,2025-08-07 23:36:43.531907
FULLBOOK_3772,3772,fullbook,1387225,216991,2025-08-07 23:36:44.315467
FULLBOOK_3773,3773,fullbook,357870,65076,2025-08-07 23:36:45.219773
FULLBOOK_3774,3774,fullbook,491555,84778,2025-08-07 23:36:45.806177
FULLBOOK_3775,3775,fullbook,920054,148716,2025-08-07 23:36:46.377012
FULLBOOK_3776,3776,fullbook,533963,94134,2025-08-07 23:36:47.029862
FULLBOOK_3777,3777,fullbook,445795,70629,2025-08-07 23:36:47.588068
FULLBOOK_3778,3778,fullbook,422380,74104,2025-08-07 23:36:48.135037
FULLBOOK_3779,3779,fullbook,128710,22849,2025-08-07 23:36:56.34883
FULLBOOK_378,378,fullbook,1138597,203200,2025-08-06 12:43:56.548751
FULLBOOK_3780,3780,fullbook,600920,106135,2025-08-07 23:36:56.773885
FULLBOOK_3781,3781,fullbook,695220,108973,2025-08-07 23:36:57.377626
FULLBOOK_3782,3782,fullbook,904190,156180,2025-08-07 23:36:58.051656
FULLBOOK_3783,3783,fullbook,341932,59615,2025-08-07 23:36:58.759784
FULLBOOK_3784,3784,fullbook,490055,84872,2025-08-07 23:36:59.332747
FULLBOOK_3785,3785,fullbook,639298,113594,2025-08-07 23:36:59.930053
FULLBOOK_3786,3786,fullbook,451646,80432,2025-08-07 23:37:00.593904
FULLBOOK_3787,3787,fullbook,2287341,426281,2025-08-07 23:37:01.321964
FULLBOOK_3788,3788,fullbook,315816,55360,2025-08-07 23:37:02.404466
FULLBOOK_3789,3789,fullbook,670388,118822,2025-08-07 23:37:03.008067
FULLBOOK_379,379,fullbook,1179788,204455,2025-08-06 12:43:57.382229
FULLBOOK_3790,3790,fullbook,550892,88688,2025-08-07 23:37:03.662324
FULLBOOK_3791,3791,fullbook,379905,64416,2025-08-07 23:37:04.28691
FULLBOOK_3792,3792,fullbook,1246879,179751,2025-08-07 23:37:04.931656
FULLBOOK_3793,3793,fullbook,372904,59496,2025-08-07 23:37:05.698543
FULLBOOK_3794,3794,fullbook,250024,43927,2025-08-07 23:37:06.1892
FULLBOOK_3795,3795,fullbook,492293,81718,2025-08-07 23:37:06.652147
FULLBOOK_3796,3796,fullbook,357111,61269,2025-08-07 23:37:07.184111
FULLBOOK_3797,3797,fullbook,564370,98370,2025-08-07 23:37:07.70507
FULLBOOK_3798,3798,fullbook,492549,103703,2025-08-07 23:37:08.311281
FULLBOOK_3799,3799,fullbook,640558,100126,2025-08-07 23:37:18.324905
FULLBOOK_38,38,fullbook,4386682,772534,2025-08-06 12:27:01.820061
FULLBOOK_380,380,fullbook,1658425,288255,2025-08-06 12:43:58.301329
FULLBOOK_3800,3800,fullbook,312266,57805,2025-08-07 23:37:19.014868
FULLBOOK_3801,3801,fullbook,99987,15084,2025-08-07 23:37:19.483057
FULLBOOK_3802,3802,fullbook,922593,149532,2025-08-07 23:37:22.283972
FULLBOOK_3803,3803,fullbook,574711,99126,2025-08-07 23:37:22.977317
FULLBOOK_3804,3804,fullbook,551665,96141,2025-08-07 23:37:23.568268
FULLBOOK_3805,3805,fullbook,777034,139648,2025-08-07 23:37:24.163599
FULLBOOK_3806,3806,fullbook,595418,94280,2025-08-07 23:37:24.80126
FULLBOOK_3807,3807,fullbook,600743,101927,2025-08-07 23:37:25.387425
FULLBOOK_3808,3808,fullbook,567038,102945,2025-08-07 23:37:26.025035
FULLBOOK_3809,3809,fullbook,641832,113174,2025-08-07 23:37:26.619074
FULLBOOK_381,381,fullbook,1665823,290526,2025-08-06 12:43:59.329311
FULLBOOK_3810,3810,fullbook,458589,81336,2025-08-07 23:37:27.24063
FULLBOOK_3811,3811,fullbook,217593,39447,2025-08-07 23:37:27.799015
FULLBOOK_3812,3812,fullbook,315057,55891,2025-08-07 23:37:28.252751
FULLBOOK_3813,3813,fullbook,922220,165800,2025-08-07 23:37:28.781815
FULLBOOK_3814,3814,fullbook,395214,67123,2025-08-07 23:37:29.469081
FULLBOOK_3815,3815,fullbook,124038,21503,2025-08-07 23:37:29.989398
FULLBOOK_3816,3816,fullbook,843375,133282,2025-08-07 23:37:30.434508
FULLBOOK_3817,3817,fullbook,1004092,159070,2025-08-07 23:37:31.132551
FULLBOOK_3818,3818,fullbook,727108,112650,2025-08-07 23:37:31.857834
FULLBOOK_3819,3819,fullbook,327007,60415,2025-08-07 23:37:32.501353
FULLBOOK_382,382,fullbook,2039653,329493,2025-08-06 12:44:00.380955
FULLBOOK_3820,3820,fullbook,908665,168304,2025-08-07 23:37:33.021083
FULLBOOK_3821,3821,fullbook,449389,75682,2025-08-07 23:37:33.699463
FULLBOOK_3822,3822,fullbook,1192565,173739,2025-08-07 23:37:34.328117
FULLBOOK_3823,3823,fullbook,1143294,205200,2025-08-07 23:37:35.165672
FULLBOOK_3824,3824,fullbook,512519,77269,2025-08-07 23:37:35.951176
FULLBOOK_3825,3825,fullbook,383990,68074,2025-08-07 23:37:36.586624
FULLBOOK_3826,3826,fullbook,593831,106880,2025-08-07 23:37:37.189589
FULLBOOK_3827,3827,fullbook,321716,59267,2025-08-07 23:37:37.834945
FULLBOOK_3828,3828,fullbook,415597,62828,2025-08-07 23:37:38.374698
FULLBOOK_3829,3829,fullbook,679489,104011,2025-08-07 23:37:38.967533
FULLBOOK_383,383,fullbook,1043473,190262,2025-08-06 12:44:01.477592
FULLBOOK_3830,3830,fullbook,581614,99073,2025-08-07 23:37:51.764207
FULLBOOK_3831,3831,fullbook,688814,122660,2025-08-07 23:37:52.462836
FULLBOOK_3832,3832,fullbook,468658,73146,2025-08-07 23:37:53.107296
FULLBOOK_3833,3833,fullbook,551132,90590,2025-08-07 23:37:53.650141
FULLBOOK_3834,3834,fullbook,347712,64219,2025-08-07 23:37:54.244497
FULLBOOK_3835,3835,fullbook,495270,77798,2025-08-07 23:37:54.739603
FULLBOOK_3836,3836,fullbook,398873,67681,2025-08-07 23:37:55.32539
FULLBOOK_3837,3837,fullbook,571136,91214,2025-08-07 23:37:55.842084
FULLBOOK_3838,3838,fullbook,589727,107777,2025-08-07 23:37:56.434773
FULLBOOK_3839,3839,fullbook,855642,147087,2025-08-07 23:37:57.029821
FULLBOOK_384,384,fullbook,1187077,223962,2025-08-06 12:44:02.295409
FULLBOOK_3840,3840,fullbook,549425,97455,2025-08-07 23:37:57.704569
FULLBOOK_3841,3841,fullbook,407975,65998,2025-08-07 23:37:58.280238
FULLBOOK_3842,3842,fullbook,584051,103789,2025-08-07 23:38:04.595891
FULLBOOK_3843,3843,fullbook,380265,60379,2025-08-07 23:38:05.178394
FULLBOOK_3844,3844,fullbook,412109,78088,2025-08-07 23:38:05.679399
FULLBOOK_3845,3845,fullbook,535073,87380,2025-08-07 23:38:06.21337
FULLBOOK_3846,3846,fullbook,468082,86586,2025-08-07 23:38:06.84015
FULLBOOK_3847,3847,fullbook,745332,132672,2025-08-07 23:38:07.400468
FULLBOOK_3848,3848,fullbook,290868,51792,2025-08-07 23:38:08.051449
FULLBOOK_3849,3849,fullbook,494941,88923,2025-08-07 23:38:08.529949
FULLBOOK_385,385,fullbook,1537094,240058,2025-08-06 12:44:03.179738
FULLBOOK_3850,3850,fullbook,744174,116325,2025-08-07 23:38:09.102349
FULLBOOK_3851,3851,fullbook,752517,133372,2025-08-07 23:38:09.74997
FULLBOOK_3852,3852,fullbook,422285,69476,2025-08-07 23:38:10.418457
FULLBOOK_3853,3853,fullbook,640806,114329,2025-08-07 23:38:10.961465
FULLBOOK_3854,3854,fullbook,847695,142107,2025-08-07 23:38:11.582284
FULLBOOK_3855,3855,fullbook,480392,74916,2025-08-07 23:38:12.24829
FULLBOOK_3856,3856,fullbook,734184,120243,2025-08-07 23:38:12.831294
FULLBOOK_3857,3857,fullbook,1157807,166631,2025-08-07 23:38:13.536837
FULLBOOK_3858,3858,fullbook,536407,96252,2025-08-07 23:38:14.335802
FULLBOOK_3859,3859,fullbook,318706,49525,2025-08-07 23:38:14.927592
FULLBOOK_386,386,fullbook,963640,184936,2025-08-06 12:44:04.114739
FULLBOOK_3860,3860,fullbook,402062,70186,2025-08-07 23:38:15.496151
FULLBOOK_3861,3861,fullbook,489569,92633,2025-08-07 23:38:28.495594
FULLBOOK_3862,3862,fullbook,297815,47561,2025-08-07 23:38:29.173493
FULLBOOK_3863,3863,fullbook,574105,91693,2025-08-07 23:38:29.655833
FULLBOOK_3864,3864,fullbook,801501,137709,2025-08-07 23:38:30.239055
FULLBOOK_3865,3865,fullbook,284097,47985,2025-08-07 23:38:30.896567
FULLBOOK_3866,3866,fullbook,354156,65979,2025-08-07 23:38:31.373923
FULLBOOK_3867,3867,fullbook,705659,113443,2025-08-07 23:38:31.887975
FULLBOOK_3868,3868,fullbook,684138,112668,2025-08-07 23:38:32.529042
FULLBOOK_3869,3869,fullbook,639109,114589,2025-08-07 23:38:33.194465
FULLBOOK_387,387,fullbook,1138491,186532,2025-08-06 12:44:04.898301
FULLBOOK_3870,3870,fullbook,536284,96520,2025-08-07 23:38:33.788964
FULLBOOK_3871,3871,fullbook,400663,75522,2025-08-07 23:38:34.373281
FULLBOOK_3872,3872,fullbook,551558,87031,2025-08-07 23:38:34.891687
FULLBOOK_3873,3873,fullbook,566232,104223,2025-08-07 23:38:35.454591
FULLBOOK_3874,3874,fullbook,215003,38342,2025-08-07 23:38:36.032167
FULLBOOK_3875,3875,fullbook,632346,105545,2025-08-07 23:38:36.47827
FULLBOOK_3876,3876,fullbook,598126,111129,2025-08-07 23:38:37.071939
FULLBOOK_3877,3877,fullbook,925297,148388,2025-08-07 23:38:37.688843
FULLBOOK_3878,3878,fullbook,500596,91276,2025-08-07 23:38:38.349361
FULLBOOK_3879,3879,fullbook,435780,71313,2025-08-07 23:38:38.880771
FULLBOOK_388,388,fullbook,1125160,174115,2025-08-06 12:44:05.73057
FULLBOOK_3880,3880,fullbook,345058,60277,2025-08-07 23:38:39.409476
FULLBOOK_3881,3881,fullbook,560169,98200,2025-08-07 23:38:39.931241
FULLBOOK_3882,3882,fullbook,1464997,265497,2025-08-07 23:38:40.564672
FULLBOOK_3883,3883,fullbook,520346,92874,2025-08-07 23:38:41.384955
FULLBOOK_3884,3884,fullbook,719259,129000,2025-08-07 23:38:48.196208
FULLBOOK_3885,3885,fullbook,224122,39760,2025-08-07 23:38:48.812597
FULLBOOK_3886,3886,fullbook,917886,170582,2025-08-07 23:38:49.294016
FULLBOOK_3887,3887,fullbook,447282,82639,2025-08-07 23:38:49.967454
FULLBOOK_3888,3888,fullbook,317585,54505,2025-08-07 23:38:50.495306
FULLBOOK_3889,3889,fullbook,319786,57990,2025-08-07 23:38:50.962871
FULLBOOK_389,389,fullbook,1422327,254309,2025-08-06 12:44:06.565399
FULLBOOK_3890,3890,fullbook,519098,92011,2025-08-07 23:38:51.450996
FULLBOOK_3891,3891,fullbook,544369,102029,2025-08-07 23:38:52.025375
FULLBOOK_3892,3892,fullbook,293538,54016,2025-08-07 23:38:52.58723
FULLBOOK_3893,3893,fullbook,421047,74472,2025-08-07 23:38:53.067133
FULLBOOK_3894,3894,fullbook,1064832,177799,2025-08-07 23:39:05.064529
FULLBOOK_3895,3895,fullbook,547223,90624,2025-08-07 23:39:05.891554
FULLBOOK_3896,3896,fullbook,827832,138533,2025-08-07 23:39:06.488914
FULLBOOK_3897,3897,fullbook,629004,111977,2025-08-07 23:39:07.117906
FULLBOOK_3898,3898,fullbook,539339,96232,2025-08-07 23:39:07.738799
FULLBOOK_3899,3899,fullbook,396059,71543,2025-08-07 23:39:08.295887
FULLBOOK_39,39,fullbook,452137,88089,2025-08-06 12:27:04.365445
FULLBOOK_390,390,fullbook,2161679,356392,2025-08-06 12:44:07.561159
FULLBOOK_3900,3900,fullbook,247863,47307,2025-08-07 23:39:08.792223
FULLBOOK_3902,3902,fullbook,483129,86506,2025-08-07 23:39:09.61167
FULLBOOK_3903,3903,fullbook,298264,52469,2025-08-07 23:39:10.129335
FULLBOOK_3904,3904,fullbook,602818,87652,2025-08-07 23:39:10.613297
FULLBOOK_3905,3905,fullbook,527463,97223,2025-08-07 23:39:11.212496
FULLBOOK_3906,3906,fullbook,998014,159790,2025-08-07 23:39:11.830992
FULLBOOK_3907,3907,fullbook,470954,80362,2025-08-07 23:39:12.532207
FULLBOOK_3908,3908,fullbook,717157,125068,2025-08-07 23:39:27.609892
FULLBOOK_3909,3909,fullbook,912297,158497,2025-08-07 23:39:28.230594
FULLBOOK_391,391,fullbook,2035778,316843,2025-08-06 12:44:11.797288
FULLBOOK_3910,3910,fullbook,477343,88048,2025-08-07 23:39:28.878559
FULLBOOK_3911,3911,fullbook,1733199,307678,2025-08-07 23:39:29.501623
FULLBOOK_3912,3912,fullbook,509603,77329,2025-08-07 23:39:30.417465
FULLBOOK_3913,3913,fullbook,544567,99118,2025-08-07 23:39:30.966698
FULLBOOK_3914,3914,fullbook,1289852,208385,2025-08-07 23:39:31.602266
FULLBOOK_3915,3915,fullbook,479443,79901,2025-08-07 23:39:32.379428
FULLBOOK_3916,3916,fullbook,345059,55692,2025-08-07 23:39:32.926991
FULLBOOK_3917,3917,fullbook,623171,102925,2025-08-07 23:39:33.529501
FULLBOOK_3918,3918,fullbook,2787157,441183,2025-08-07 23:39:34.337588
FULLBOOK_3919,3919,fullbook,489317,78423,2025-08-07 23:39:35.547887
FULLBOOK_392,392,fullbook,1463237,269071,2025-08-06 12:44:12.8954
FULLBOOK_3920,3920,fullbook,231725,42219,2025-08-07 23:39:36.211965
FULLBOOK_3921,3921,fullbook,470835,77320,2025-08-07 23:39:36.670818
FULLBOOK_3922,3922,fullbook,860327,146978,2025-08-07 23:39:37.238307
FULLBOOK_3923,3923,fullbook,390479,65936,2025-08-07 23:39:37.880167
FULLBOOK_3924,3924,fullbook,443651,69480,2025-08-07 23:39:38.3834
FULLBOOK_3925,3925,fullbook,298126,53488,2025-08-07 23:39:38.917454
FULLBOOK_3926,3926,fullbook,697894,125950,2025-08-07 23:39:47.229108
FULLBOOK_3927,3927,fullbook,570492,87828,2025-08-07 23:40:01.337661
FULLBOOK_3928,3928,fullbook,800622,134897,2025-08-07 23:40:01.940428
FULLBOOK_3929,3929,fullbook,654690,116125,2025-08-07 23:40:02.581938
FULLBOOK_393,393,fullbook,1079129,193344,2025-08-06 12:44:13.813425
FULLBOOK_3930,3930,fullbook,498656,89456,2025-08-07 23:40:03.230921
FULLBOOK_3931,3931,fullbook,713275,125696,2025-08-07 23:40:03.789326
FULLBOOK_3932,3932,fullbook,549421,99720,2025-08-07 23:40:04.40384
FULLBOOK_3933,3933,fullbook,603090,105952,2025-08-07 23:40:05.064748
FULLBOOK_3934,3934,fullbook,818139,130087,2025-08-07 23:40:05.678288
FULLBOOK_3935,3935,fullbook,850352,148363,2025-08-07 23:40:06.465973
FULLBOOK_3936,3936,fullbook,414508,76717,2025-08-07 23:40:07.165856
FULLBOOK_3937,3937,fullbook,420435,71685,2025-08-07 23:40:07.784407
FULLBOOK_3938,3938,fullbook,1170477,209658,2025-08-07 23:40:08.43172
FULLBOOK_3939,3939,fullbook,473475,84648,2025-08-07 23:40:09.207259
FULLBOOK_394,394,fullbook,1616332,293000,2025-08-06 12:44:14.664328
FULLBOOK_3940,3940,fullbook,850850,146186,2025-08-07 23:40:09.851061
FULLBOOK_3941,3941,fullbook,341610,61752,2025-08-07 23:40:10.569563
FULLBOOK_3942,3942,fullbook,631196,101571,2025-08-07 23:40:11.133345
FULLBOOK_3943,3943,fullbook,1020695,158253,2025-08-07 23:40:11.804968
FULLBOOK_3944,3944,fullbook,544669,89118,2025-08-07 23:40:12.561642
FULLBOOK_3945,3945,fullbook,833897,137554,2025-08-07 23:40:13.200912
FULLBOOK_3946,3946,fullbook,1208653,197692,2025-08-07 23:40:13.966715
FULLBOOK_3947,3947,fullbook,481607,87618,2025-08-07 23:40:14.758143
FULLBOOK_3948,3948,fullbook,550789,97778,2025-08-07 23:40:15.397991
FULLBOOK_3949,3949,fullbook,426207,77360,2025-08-07 23:40:16.038869
FULLBOOK_3950,3950,fullbook,456141,83068,2025-08-07 23:40:16.61206
FULLBOOK_3951,3951,fullbook,338001,57312,2025-08-07 23:40:17.21395
FULLBOOK_3952,3952,fullbook,772021,118796,2025-08-07 23:40:17.802454
FULLBOOK_3953,3953,fullbook,528958,84482,2025-08-07 23:40:18.476813
FULLBOOK_3954,3954,fullbook,346126,63597,2025-08-07 23:40:19.074199
FULLBOOK_3955,3955,fullbook,577312,96186,2025-08-07 23:40:19.66032
FULLBOOK_3956,3956,fullbook,852176,129062,2025-08-07 23:40:20.299525
FULLBOOK_3957,3957,fullbook,458492,82106,2025-08-07 23:40:20.989895
FULLBOOK_3958,3958,fullbook,957613,170238,2025-08-07 23:40:21.611439
FULLBOOK_3959,3959,fullbook,515869,94950,2025-08-07 23:40:22.331686
FULLBOOK_396,396,fullbook,1364710,247055,2025-08-06 12:44:15.64464
FULLBOOK_3960,3960,fullbook,598868,103113,2025-08-07 23:40:31.65094
FULLBOOK_3961,3961,fullbook,521447,93386,2025-08-07 23:40:32.277015
FULLBOOK_3962,3962,fullbook,648808,110563,2025-08-07 23:40:32.912551
FULLBOOK_3963,3963,fullbook,594227,103463,2025-08-07 23:40:33.538588
FULLBOOK_3964,3964,fullbook,616182,102261,2025-08-07 23:40:34.157975
FULLBOOK_3965,3965,fullbook,599341,104477,2025-08-07 23:40:34.789781
FULLBOOK_3966,3966,fullbook,547519,78937,2025-08-07 23:40:35.417357
FULLBOOK_3967,3967,fullbook,874333,158440,2025-08-07 23:40:42.048988
FULLBOOK_3968,3968,fullbook,759023,110594,2025-08-07 23:40:42.784098
FULLBOOK_3969,3969,fullbook,481334,91572,2025-08-07 23:40:43.445412
FULLBOOK_397,397,fullbook,1763726,297494,2025-08-06 12:44:16.860714
FULLBOOK_3970,3970,fullbook,835781,150852,2025-08-07 23:40:44.101979
FULLBOOK_3971,3971,fullbook,157615,28442,2025-08-07 23:40:44.766943
FULLBOOK_3972,3972,fullbook,396048,70775,2025-08-07 23:40:45.256956
FULLBOOK_3973,3973,fullbook,945705,168836,2025-08-07 23:40:45.866791
FULLBOOK_3974,3974,fullbook,326386,56453,2025-08-07 23:40:46.559367
FULLBOOK_3975,3975,fullbook,584299,102847,2025-08-07 23:40:47.135731
FULLBOOK_3976,3976,fullbook,1194703,194853,2025-08-07 23:40:47.819132
FULLBOOK_3977,3977,fullbook,660693,108794,2025-08-07 23:40:48.618768
FULLBOOK_3978,3978,fullbook,571495,96748,2025-08-07 23:40:49.263976
FULLBOOK_3979,3979,fullbook,714293,110377,2025-08-07 23:40:49.931767
FULLBOOK_398,398,fullbook,1558767,281144,2025-08-06 12:44:17.897343
FULLBOOK_3980,3980,fullbook,553487,99062,2025-08-07 23:40:50.592048
FULLBOOK_3981,3981,fullbook,399364,68661,2025-08-07 23:40:51.21985
FULLBOOK_3982,3982,fullbook,441509,79550,2025-08-07 23:40:51.80344
FULLBOOK_3983,3983,fullbook,993470,186489,2025-08-07 23:40:52.432676
FULLBOOK_3984,3984,fullbook,1088073,206108,2025-08-07 23:40:53.200216
FULLBOOK_3985,3985,fullbook,481748,88524,2025-08-07 23:40:53.960817
FULLBOOK_3986,3986,fullbook,543502,98346,2025-08-07 23:40:54.562067
FULLBOOK_3987,3987,fullbook,651358,111620,2025-08-07 23:40:55.168046
FULLBOOK_3988,3988,fullbook,414522,75792,2025-08-07 23:40:55.816878
FULLBOOK_3989,3989,fullbook,476754,83361,2025-08-07 23:40:56.379255
FULLBOOK_399,399,fullbook,1480596,218125,2025-08-06 12:44:18.863435
FULLBOOK_3990,3990,fullbook,277221,47705,2025-08-07 23:40:56.979906
FULLBOOK_3991,3991,fullbook,863440,155074,2025-08-07 23:40:57.595719
FULLBOOK_3992,3992,fullbook,373239,64611,2025-08-07 23:40:58.288025
FULLBOOK_3993,3993,fullbook,1009470,170358,2025-08-07 23:40:58.931999
FULLBOOK_3994,3994,fullbook,334131,59183,2025-08-07 23:40:59.674292
FULLBOOK_3995,3995,fullbook,454601,84778,2025-08-07 23:41:00.598015
FULLBOOK_3996,3996,fullbook,481300,87000,2025-08-07 23:41:01.350746
FULLBOOK_3997,3997,fullbook,854788,157007,2025-08-07 23:41:02.991979
FULLBOOK_3998,3998,fullbook,211119,38146,2025-08-07 23:41:03.699798
FULLBOOK_3999,3999,fullbook,188114,34349,2025-08-07 23:41:04.239802
FULLBOOK_4,4,fullbook,2346541,374807,2025-08-06 03:45:53.655968
FULLBOOK_40,40,fullbook,1401605,261563,2025-08-06 12:27:05.934137
FULLBOOK_400,400,fullbook,1272516,230320,2025-08-06 12:44:19.780523
FULLBOOK_4000,4000,fullbook,509662,93567,2025-08-07 23:41:04.760098
FULLBOOK_4001,4001,fullbook,677180,111052,2025-08-07 23:41:05.367032
FULLBOOK_4002,4002,fullbook,301865,48536,2025-08-07 23:41:06.02562
FULLBOOK_4003,4003,fullbook,727350,140615,2025-08-07 23:41:06.621515
FULLBOOK_4004,4004,fullbook,651283,114192,2025-08-07 23:41:07.393861
FULLBOOK_4005,4005,fullbook,966443,145803,2025-08-07 23:41:08.096175
FULLBOOK_4006,4006,fullbook,429490,69174,2025-08-07 23:41:08.850851
FULLBOOK_4007,4007,fullbook,579425,100126,2025-08-07 23:41:09.390496
FULLBOOK_4008,4008,fullbook,425109,74771,2025-08-07 23:41:09.996865
FULLBOOK_4009,4009,fullbook,301743,53883,2025-08-07 23:41:10.507477
FULLBOOK_401,401,fullbook,1507290,232677,2025-08-06 12:44:20.678761
FULLBOOK_4010,4010,fullbook,595751,108259,2025-08-07 23:41:12.921417
FULLBOOK_4011,4011,fullbook,1173853,217746,2025-08-07 23:41:13.534649
FULLBOOK_4012,4012,fullbook,317610,55485,2025-08-07 23:41:14.287438
FULLBOOK_4013,4013,fullbook,940969,147634,2025-08-07 23:41:14.808578
FULLBOOK_4014,4014,fullbook,640409,107177,2025-08-07 23:41:15.508443
FULLBOOK_4015,4015,fullbook,337610,59781,2025-08-07 23:41:16.102677
FULLBOOK_4016,4016,fullbook,850473,136996,2025-08-07 23:41:16.636316
FULLBOOK_4017,4017,fullbook,489399,92673,2025-08-07 23:41:17.329919
FULLBOOK_4018,4018,fullbook,745033,122715,2025-08-07 23:41:17.914338
FULLBOOK_4019,4019,fullbook,513384,85908,2025-08-07 23:41:18.53512
FULLBOOK_402,402,fullbook,1045991,198971,2025-08-06 12:44:21.59486
FULLBOOK_4020,4020,fullbook,978980,176271,2025-08-07 23:41:19.145137
FULLBOOK_4021,4021,fullbook,532337,86365,2025-08-07 23:41:19.869796
FULLBOOK_4022,4022,fullbook,335451,54062,2025-08-07 23:41:20.516047
FULLBOOK_4023,4023,fullbook,534248,98032,2025-08-07 23:41:21.105872
FULLBOOK_4024,4024,fullbook,1035696,170759,2025-08-07 23:41:21.764361
FULLBOOK_4025,4025,fullbook,433791,79579,2025-08-07 23:41:22.521242
FULLBOOK_4026,4026,fullbook,576633,90678,2025-08-07 23:41:23.139161
FULLBOOK_4027,4027,fullbook,592788,98348,2025-08-07 23:41:23.752056
FULLBOOK_4028,4028,fullbook,578264,98011,2025-08-07 23:41:24.392265
FULLBOOK_4029,4029,fullbook,2208012,403963,2025-08-07 23:41:25.165679
FULLBOOK_403,403,fullbook,1744850,282380,2025-08-06 12:44:22.450096
FULLBOOK_4030,4030,fullbook,276019,46914,2025-08-07 23:41:26.605615
FULLBOOK_4031,4031,fullbook,1146657,193820,2025-08-07 23:41:27.195425
FULLBOOK_4032,4032,fullbook,645499,101263,2025-08-07 23:41:27.957614
FULLBOOK_4033,4033,fullbook,387629,70140,2025-08-07 23:41:28.632152
FULLBOOK_4034,4034,fullbook,236896,45075,2025-08-07 23:41:29.194188
FULLBOOK_4035,4035,fullbook,384920,67888,2025-08-07 23:41:29.768892
FULLBOOK_4036,4036,fullbook,715544,132033,2025-08-07 23:41:30.350696
FULLBOOK_4037,4037,fullbook,530800,94272,2025-08-07 23:41:45.462258
FULLBOOK_4038,4038,fullbook,791083,126703,2025-08-07 23:41:46.252621
FULLBOOK_4039,4039,fullbook,1442143,235015,2025-08-07 23:41:47.015397
FULLBOOK_404,404,fullbook,1463654,272802,2025-08-06 12:44:23.465517
FULLBOOK_4040,4040,fullbook,494688,87929,2025-08-07 23:41:47.879918
FULLBOOK_4041,4041,fullbook,878504,140434,2025-08-07 23:41:48.513046
FULLBOOK_4042,4042,fullbook,646419,116999,2025-08-07 23:41:49.234538
FULLBOOK_4043,4043,fullbook,789365,133272,2025-08-07 23:41:49.897103
FULLBOOK_4044,4044,fullbook,387529,64982,2025-08-07 23:41:50.567957
FULLBOOK_4045,4045,fullbook,763219,133508,2025-08-07 23:41:51.182653
FULLBOOK_4046,4046,fullbook,542897,96557,2025-08-07 23:41:51.852753
FULLBOOK_4047,4047,fullbook,251572,43074,2025-08-07 23:41:52.486209
FULLBOOK_4048,4048,fullbook,586325,103473,2025-08-07 23:41:53.026222
FULLBOOK_4049,4049,fullbook,531356,93949,2025-08-07 23:41:53.659285
FULLBOOK_405,405,fullbook,1661639,297434,2025-08-06 12:44:25.777159
FULLBOOK_4050,4050,fullbook,2093360,354608,2025-08-07 23:41:56.651432
FULLBOOK_4051,4051,fullbook,196231,34094,2025-08-07 23:41:57.678814
FULLBOOK_4052,4052,fullbook,820873,141117,2025-08-07 23:41:58.2512
FULLBOOK_4053,4053,fullbook,729495,129641,2025-08-07 23:41:58.964513
FULLBOOK_4054,4054,fullbook,314733,59050,2025-08-07 23:41:59.652037
FULLBOOK_4055,4055,fullbook,191894,33074,2025-08-07 23:42:00.195909
FULLBOOK_4056,4056,fullbook,116644,20259,2025-08-07 23:42:00.704023
FULLBOOK_4057,4057,fullbook,441767,74632,2025-08-07 23:42:01.202702
FULLBOOK_4058,4058,fullbook,150909,25863,2025-08-07 23:42:01.788802
FULLBOOK_4059,4059,fullbook,703073,114320,2025-08-07 23:42:02.342811
FULLBOOK_406,406,fullbook,887293,161799,2025-08-06 12:44:26.745149
FULLBOOK_4060,4060,fullbook,1515971,239601,2025-08-07 23:42:03.098568
FULLBOOK_4061,4061,fullbook,634011,109343,2025-08-07 23:42:03.982758
FULLBOOK_4062,4062,fullbook,553262,98809,2025-08-07 23:42:04.620834
FULLBOOK_4063,4063,fullbook,378847,68309,2025-08-07 23:42:05.269665
FULLBOOK_4064,4064,fullbook,245884,39640,2025-08-07 23:42:05.851
FULLBOOK_4065,4065,fullbook,462585,72977,2025-08-07 23:42:06.779207
FULLBOOK_4066,4066,fullbook,431650,73579,2025-08-07 23:42:07.411197
FULLBOOK_4067,4067,fullbook,706672,126210,2025-08-07 23:42:08.011239
FULLBOOK_4068,4068,fullbook,281074,47965,2025-08-07 23:42:08.689898
FULLBOOK_4069,4069,fullbook,1115729,202632,2025-08-07 23:42:09.314413
FULLBOOK_407,407,fullbook,1734585,317715,2025-08-06 12:44:27.564342
FULLBOOK_4070,4070,fullbook,456306,77132,2025-08-07 23:42:10.082185
FULLBOOK_4071,4071,fullbook,707191,129797,2025-08-07 23:42:10.698236
FULLBOOK_4072,4072,fullbook,325049,56850,2025-08-07 23:42:11.349498
FULLBOOK_4073,4073,fullbook,388830,68908,2025-08-07 23:42:11.912224
FULLBOOK_4074,4074,fullbook,618222,95543,2025-08-07 23:42:12.530418
FULLBOOK_4075,4075,fullbook,1155549,197594,2025-08-07 23:42:13.21383
FULLBOOK_4076,4076,fullbook,146767,27672,2025-08-07 23:42:13.986535
FULLBOOK_4077,4077,fullbook,606763,113470,2025-08-07 23:42:14.48822
FULLBOOK_4078,4078,fullbook,473987,84259,2025-08-07 23:42:15.125474
FULLBOOK_4079,4079,fullbook,485637,86469,2025-08-07 23:42:15.842723
FULLBOOK_408,408,fullbook,1113400,204815,2025-08-06 12:44:28.565011
FULLBOOK_4080,4080,fullbook,429127,78435,2025-08-07 23:42:16.468354
FULLBOOK_4081,4081,fullbook,886128,156534,2025-08-07 23:42:17.084312
FULLBOOK_4082,4082,fullbook,921371,150305,2025-08-07 23:42:17.82962
FULLBOOK_4083,4083,fullbook,762853,128584,2025-08-07 23:42:18.567302
FULLBOOK_4084,4084,fullbook,486972,86232,2025-08-07 23:42:19.250743
FULLBOOK_4085,4085,fullbook,714487,123386,2025-08-07 23:42:19.864577
FULLBOOK_4086,4086,fullbook,877056,133608,2025-08-07 23:42:20.533512
FULLBOOK_4087,4087,fullbook,925408,161815,2025-08-07 23:42:21.267441
FULLBOOK_4088,4088,fullbook,573327,105745,2025-08-07 23:42:21.984588
FULLBOOK_4089,4089,fullbook,593541,92991,2025-08-07 23:42:22.599282
FULLBOOK_409,409,fullbook,1720127,268399,2025-08-06 12:44:29.531235
FULLBOOK_4090,4090,fullbook,481739,85310,2025-08-07 23:42:23.254394
FULLBOOK_4091,4091,fullbook,1547626,238313,2025-08-07 23:42:24.332673
FULLBOOK_4092,4092,fullbook,307808,52346,2025-08-07 23:42:25.21412
FULLBOOK_4093,4093,fullbook,415456,76932,2025-08-07 23:42:25.781662
FULLBOOK_4094,4094,fullbook,399763,66927,2025-08-07 23:42:26.36605
FULLBOOK_4095,4095,fullbook,1110294,191832,2025-08-07 23:42:26.995431
FULLBOOK_4096,4096,fullbook,582689,106535,2025-08-07 23:42:27.771766
FULLBOOK_4097,4097,fullbook,561189,89831,2025-08-07 23:42:28.413557
FULLBOOK_4098,4098,fullbook,567466,88969,2025-08-07 23:42:29.037394
FULLBOOK_4099,4099,fullbook,1038039,162244,2025-08-07 23:42:29.699409
FULLBOOK_41,41,fullbook,1357888,225396,2025-08-06 12:27:07.758089
FULLBOOK_410,410,fullbook,1659560,305840,2025-08-06 12:44:30.562809
FULLBOOK_4100,4100,fullbook,348392,62214,2025-08-07 23:42:30.816258
FULLBOOK_4101,4101,fullbook,647723,105392,2025-08-07 23:42:31.395529
FULLBOOK_4102,4102,fullbook,574717,105121,2025-08-07 23:42:32.047779
FULLBOOK_4103,4103,fullbook,344097,60260,2025-08-07 23:42:32.702676
FULLBOOK_4104,4104,fullbook,270709,50591,2025-08-07 23:42:33.263893
FULLBOOK_4105,4105,fullbook,213915,38366,2025-08-07 23:42:33.800708
FULLBOOK_4106,4106,fullbook,767566,130467,2025-08-07 23:42:34.361085
FULLBOOK_4107,4107,fullbook,578712,105248,2025-08-07 23:42:35.035783
FULLBOOK_4108,4108,fullbook,384508,68577,2025-08-07 23:42:35.649814
FULLBOOK_4109,4109,fullbook,289111,49607,2025-08-07 23:42:36.236196
FULLBOOK_411,411,fullbook,892207,165172,2025-08-06 12:44:31.512818
FULLBOOK_4110,4110,fullbook,833492,127224,2025-08-07 23:42:36.812536
FULLBOOK_4111,4111,fullbook,457129,75653,2025-08-07 23:42:37.505321
FULLBOOK_4112,4112,fullbook,896883,160649,2025-08-07 23:42:38.130515
FULLBOOK_4113,4113,fullbook,675379,112151,2025-08-07 23:42:38.85389
FULLBOOK_4114,4114,fullbook,413492,72549,2025-08-07 23:42:39.494964
FULLBOOK_4115,4115,fullbook,382461,64109,2025-08-07 23:42:40.088245
FULLBOOK_4116,4116,fullbook,895881,140300,2025-08-07 23:42:40.682272
FULLBOOK_4117,4117,fullbook,170515,33680,2025-08-07 23:42:41.391556
FULLBOOK_4118,4118,fullbook,613811,108659,2025-08-07 23:42:41.921029
FULLBOOK_4119,4119,fullbook,109879,19254,2025-08-07 23:42:42.575322
FULLBOOK_412,412,fullbook,821162,136480,2025-08-06 12:44:32.247902
FULLBOOK_4120,4120,fullbook,617640,110876,2025-08-07 23:42:43.069765
FULLBOOK_4121,4121,fullbook,663310,101691,2025-08-07 23:42:43.734026
FULLBOOK_4122,4122,fullbook,393322,71578,2025-08-07 23:42:44.396055
FULLBOOK_4123,4123,fullbook,261577,48100,2025-08-07 23:42:44.9753
FULLBOOK_4124,4124,fullbook,760316,117697,2025-08-07 23:42:45.513978
FULLBOOK_4125,4125,fullbook,312796,54791,2025-08-07 23:42:46.303042
FULLBOOK_4126,4126,fullbook,402438,72369,2025-08-07 23:42:46.798097
FULLBOOK_4128,4128,fullbook,1123807,177810,2025-08-07 23:42:47.782673
FULLBOOK_4129,4129,fullbook,527519,94014,2025-08-07 23:42:48.582548
FULLBOOK_413,413,fullbook,1454900,261279,2025-08-06 12:44:33.030212
FULLBOOK_4130,4130,fullbook,1766972,295446,2025-08-07 23:42:49.308873
FULLBOOK_4131,4131,fullbook,436527,80230,2025-08-07 23:42:50.311937
FULLBOOK_4132,4132,fullbook,384815,69746,2025-08-07 23:42:50.875066
FULLBOOK_4133,4133,fullbook,411770,73391,2025-08-07 23:42:51.888258
FULLBOOK_4134,4134,fullbook,352599,65636,2025-08-07 23:42:52.43827
FULLBOOK_4135,4135,fullbook,350485,56927,2025-08-07 23:42:52.954038
FULLBOOK_4137,4137,fullbook,508012,96349,2025-08-07 23:42:54.338025
FULLBOOK_4138,4138,fullbook,981732,160015,2025-08-07 23:42:54.951825
FULLBOOK_4139,4139,fullbook,427782,74735,2025-08-07 23:42:55.678883
FULLBOOK_414,414,fullbook,1092814,168289,2025-08-06 12:44:33.929298
FULLBOOK_4140,4140,fullbook,649880,119402,2025-08-07 23:42:56.244559
FULLBOOK_4141,4141,fullbook,503821,90539,2025-08-07 23:42:56.886972
FULLBOOK_4142,4142,fullbook,352696,59496,2025-08-07 23:42:57.501112
FULLBOOK_4143,4143,fullbook,659653,110787,2025-08-07 23:42:58.064618
FULLBOOK_4144,4144,fullbook,1500173,246340,2025-08-07 23:42:58.744187
FULLBOOK_4145,4145,fullbook,524440,86267,2025-08-07 23:42:59.592651
FULLBOOK_4146,4146,fullbook,230529,42336,2025-08-07 23:43:00.164417
FULLBOOK_4147,4147,fullbook,525476,92229,2025-08-07 23:43:00.613222
FULLBOOK_4148,4148,fullbook,691312,109753,2025-08-07 23:43:01.204673
FULLBOOK_4149,4149,fullbook,785843,139440,2025-08-07 23:43:01.832065
FULLBOOK_415,415,fullbook,1761699,313011,2025-08-06 12:44:34.781373
FULLBOOK_4150,4150,fullbook,81944,14016,2025-08-07 23:43:02.515218
FULLBOOK_4151,4151,fullbook,438676,80011,2025-08-07 23:43:02.939628
FULLBOOK_4152,4152,fullbook,507282,95669,2025-08-07 23:43:03.475408
FULLBOOK_4153,4153,fullbook,1003879,159635,2025-08-07 23:43:04.051559
FULLBOOK_4154,4154,fullbook,752614,122341,2025-08-07 23:43:04.777104
FULLBOOK_4155,4155,fullbook,433277,77287,2025-08-07 23:43:05.416656
FULLBOOK_4156,4156,fullbook,384241,67751,2025-08-07 23:43:05.955727
FULLBOOK_4157,4157,fullbook,164690,27323,2025-08-07 23:43:06.450138
FULLBOOK_4158,4158,fullbook,347376,64612,2025-08-07 23:43:06.894291
FULLBOOK_4159,4159,fullbook,625871,104413,2025-08-07 23:43:07.448189
FULLBOOK_416,416,fullbook,1863123,292956,2025-08-06 12:44:35.847777
FULLBOOK_4160,4160,fullbook,873830,142067,2025-08-07 23:43:08.115459
FULLBOOK_4161,4161,fullbook,213703,39288,2025-08-07 23:43:08.831931
FULLBOOK_4162,4162,fullbook,121878,21913,2025-08-07 23:43:09.339106
FULLBOOK_4163,4163,fullbook,804290,137054,2025-08-07 23:43:09.877251
FULLBOOK_4164,4164,fullbook,570178,88778,2025-08-07 23:43:10.570356
FULLBOOK_4165,4165,fullbook,240357,40934,2025-08-07 23:43:11.233132
FULLBOOK_4166,4166,fullbook,226649,40006,2025-08-07 23:43:24.180654
FULLBOOK_4167,4167,fullbook,681381,108174,2025-08-07 23:43:24.768052
FULLBOOK_4168,4168,fullbook,164760,27861,2025-08-07 23:43:25.416886
FULLBOOK_4169,4169,fullbook,226583,38719,2025-08-07 23:43:25.912429
FULLBOOK_417,417,fullbook,1419911,263129,2025-08-06 12:44:36.913682
FULLBOOK_4170,4170,fullbook,763055,137343,2025-08-07 23:43:26.464752
FULLBOOK_4171,4171,fullbook,465901,86433,2025-08-07 23:43:27.1472
FULLBOOK_4172,4172,fullbook,378620,63842,2025-08-07 23:43:27.730414
FULLBOOK_4173,4173,fullbook,622300,112802,2025-08-07 23:43:28.301634
FULLBOOK_4174,4174,fullbook,696677,123431,2025-08-07 23:43:29.312793
FULLBOOK_4175,4175,fullbook,672143,123346,2025-08-07 23:43:29.985159
FULLBOOK_4176,4176,fullbook,1172495,190909,2025-08-07 23:43:30.680113
FULLBOOK_4177,4177,fullbook,797858,136735,2025-08-07 23:43:33.586198
FULLBOOK_4178,4178,fullbook,358892,59232,2025-08-07 23:43:34.244871
FULLBOOK_4179,4179,fullbook,783426,131986,2025-08-07 23:43:34.827454
FULLBOOK_418,418,fullbook,1560262,260549,2025-08-06 12:44:38.930105
FULLBOOK_4180,4180,fullbook,563784,94151,2025-08-07 23:43:35.531609
FULLBOOK_4181,4181,fullbook,600287,99615,2025-08-07 23:43:36.145798
FULLBOOK_4182,4182,fullbook,291473,52853,2025-08-07 23:43:36.778632
FULLBOOK_4184,4184,fullbook,593705,90145,2025-08-07 23:43:37.529824
FULLBOOK_4185,4185,fullbook,668218,119395,2025-08-07 23:43:38.1661
FULLBOOK_4186,4186,fullbook,302371,53223,2025-08-07 23:43:38.825726
FULLBOOK_4187,4187,fullbook,783262,126100,2025-08-07 23:43:39.423195
FULLBOOK_4188,4188,fullbook,786628,126677,2025-08-07 23:43:40.130991
FULLBOOK_4189,4189,fullbook,403546,65382,2025-08-07 23:43:40.795461
FULLBOOK_419,419,fullbook,1553050,283381,2025-08-06 12:44:39.912406
FULLBOOK_4190,4190,fullbook,898102,168512,2025-08-07 23:43:41.398488
FULLBOOK_4191,4191,fullbook,117644,20082,2025-08-07 23:43:42.087034
FULLBOOK_4192,4192,fullbook,677280,110548,2025-08-07 23:43:42.554645
FULLBOOK_4193,4193,fullbook,110209,20962,2025-08-07 23:43:43.205314
FULLBOOK_4194,4194,fullbook,598159,98133,2025-08-07 23:43:43.719582
FULLBOOK_4195,4195,fullbook,392969,71297,2025-08-07 23:43:44.347986
FULLBOOK_4196,4196,fullbook,816572,149685,2025-08-07 23:43:44.949477
FULLBOOK_4197,4197,fullbook,627310,99184,2025-08-07 23:43:45.646606
FULLBOOK_4198,4198,fullbook,397423,63065,2025-08-07 23:43:46.327899
FULLBOOK_4199,4199,fullbook,574557,106252,2025-08-07 23:43:46.944363
FULLBOOK_42,42,fullbook,1205720,200309,2025-08-06 12:27:09.567223
FULLBOOK_420,420,fullbook,1828886,285827,2025-08-06 12:44:40.911214
FULLBOOK_4200,4200,fullbook,870662,142861,2025-08-07 23:43:47.597853
FULLBOOK_4201,4201,fullbook,795720,143714,2025-08-07 23:43:48.317083
FULLBOOK_4202,4202,fullbook,591232,97843,2025-08-07 23:43:48.987546
FULLBOOK_4203,4203,fullbook,523813,95210,2025-08-07 23:43:49.644284
FULLBOOK_4205,4205,fullbook,885962,165163,2025-08-07 23:43:50.774819
FULLBOOK_4207,4207,fullbook,586174,103789,2025-08-07 23:43:51.951838
FULLBOOK_4208,4208,fullbook,656309,105333,2025-08-07 23:43:52.581873
FULLBOOK_4209,4209,fullbook,498333,84746,2025-08-07 23:43:53.22703
FULLBOOK_421,421,fullbook,1484354,270236,2025-08-06 12:44:41.9635
FULLBOOK_4210,4210,fullbook,700043,105779,2025-08-07 23:43:53.848269
FULLBOOK_4211,4211,fullbook,364667,66353,2025-08-07 23:43:54.993363
FULLBOOK_4212,4212,fullbook,948220,176450,2025-08-07 23:43:55.593862
FULLBOOK_4213,4213,fullbook,1044712,172052,2025-08-07 23:43:56.346164
FULLBOOK_4214,4214,fullbook,441681,67242,2025-08-07 23:43:57.099877
FULLBOOK_4215,4215,fullbook,644100,100110,2025-08-07 23:43:57.68725
FULLBOOK_4216,4216,fullbook,803489,133334,2025-08-07 23:43:58.343378
FULLBOOK_4217,4217,fullbook,650245,99070,2025-08-07 23:43:59.029596
FULLBOOK_4218,4218,fullbook,891748,146742,2025-08-07 23:43:59.695605
FULLBOOK_4219,4219,fullbook,498423,86937,2025-08-07 23:44:00.404352
FULLBOOK_422,422,fullbook,1730726,282643,2025-08-06 12:44:42.934468
FULLBOOK_4220,4220,fullbook,373906,61316,2025-08-07 23:44:01.467796
FULLBOOK_4221,4221,fullbook,454122,84141,2025-08-07 23:44:02.050242
FULLBOOK_4222,4222,fullbook,631548,100955,2025-08-07 23:44:02.694371
FULLBOOK_4223,4223,fullbook,626112,110660,2025-08-07 23:44:03.348036
FULLBOOK_4224,4224,fullbook,625035,113975,2025-08-07 23:44:03.984172
FULLBOOK_4225,4225,fullbook,385310,70590,2025-08-07 23:44:04.616246
FULLBOOK_4226,4226,fullbook,957806,168682,2025-08-07 23:44:05.228698
FULLBOOK_4227,4227,fullbook,116041,21119,2025-08-07 23:44:05.956184
FULLBOOK_4228,4228,fullbook,695484,126768,2025-08-07 23:44:06.461893
FULLBOOK_4229,4229,fullbook,370036,68532,2025-08-07 23:44:07.118615
FULLBOOK_423,423,fullbook,4363610,813061,2025-08-06 12:44:44.216699
FULLBOOK_4230,4230,fullbook,708302,119528,2025-08-07 23:44:07.731523
FULLBOOK_4231,4231,fullbook,575712,106951,2025-08-07 23:44:08.399555
FULLBOOK_4232,4232,fullbook,921033,146772,2025-08-07 23:44:09.043136
FULLBOOK_4233,4233,fullbook,988880,176685,2025-08-07 23:44:09.797383
FULLBOOK_4234,4234,fullbook,477342,88540,2025-08-07 23:44:10.525079
FULLBOOK_4235,4235,fullbook,319914,59328,2025-08-07 23:44:11.130301
FULLBOOK_4236,4236,fullbook,285643,51209,2025-08-07 23:44:11.680963
FULLBOOK_4237,4237,fullbook,486911,79789,2025-08-07 23:44:12.226436
FULLBOOK_4238,4238,fullbook,368016,64344,2025-08-07 23:44:12.845331
FULLBOOK_4239,4239,fullbook,840702,146281,2025-08-07 23:44:13.430482
FULLBOOK_424,424,fullbook,1209468,228069,2025-08-06 12:44:45.911237
FULLBOOK_4240,4240,fullbook,581196,99963,2025-08-07 23:44:14.132038
FULLBOOK_4241,4241,fullbook,935881,153944,2025-08-07 23:44:14.779925
FULLBOOK_4242,4242,fullbook,260000,45925,2025-08-07 23:44:15.508772
FULLBOOK_4243,4243,fullbook,638325,118394,2025-08-07 23:44:16.091781
FULLBOOK_4244,4244,fullbook,380836,67653,2025-08-07 23:44:16.729578
FULLBOOK_4245,4245,fullbook,579060,106656,2025-08-07 23:44:17.316905
FULLBOOK_4246,4246,fullbook,602219,94908,2025-08-07 23:44:17.938634
FULLBOOK_4247,4247,fullbook,574739,78372,2025-08-07 23:44:18.568781
FULLBOOK_4248,4248,fullbook,388009,72261,2025-08-07 23:44:19.578959
FULLBOOK_4249,4249,fullbook,300044,54117,2025-08-07 23:44:20.165182
FULLBOOK_425,425,fullbook,1568004,277656,2025-08-06 12:44:46.784221
FULLBOOK_4250,4250,fullbook,693639,116477,2025-08-07 23:44:20.743177
FULLBOOK_4251,4251,fullbook,436236,78180,2025-08-07 23:44:21.412698
FULLBOOK_4252,4252,fullbook,721505,110541,2025-08-07 23:44:21.989976
FULLBOOK_4253,4253,fullbook,577526,101952,2025-08-07 23:44:22.650495
FULLBOOK_4254,4254,fullbook,572919,99358,2025-08-07 23:44:23.281223
FULLBOOK_4255,4255,fullbook,607430,103004,2025-08-07 23:44:23.912768
FULLBOOK_4256,4256,fullbook,91390,14427,2025-08-07 23:44:24.640616
FULLBOOK_4257,4257,fullbook,321871,58686,2025-08-07 23:44:25.120305
FULLBOOK_4258,4258,fullbook,575845,101226,2025-08-07 23:44:25.691889
FULLBOOK_4259,4259,fullbook,567428,99826,2025-08-07 23:44:26.34007
FULLBOOK_426,426,fullbook,1104889,193442,2025-08-06 12:44:47.714724
FULLBOOK_4260,4260,fullbook,531585,94013,2025-08-07 23:44:26.967159
FULLBOOK_4261,4261,fullbook,1069448,175975,2025-08-07 23:44:27.629926
FULLBOOK_4262,4262,fullbook,577174,97592,2025-08-07 23:44:28.783442
FULLBOOK_4263,4263,fullbook,839059,147587,2025-08-07 23:44:29.429129
FULLBOOK_4264,4264,fullbook,659630,108048,2025-08-07 23:44:30.109822
FULLBOOK_4265,4265,fullbook,415107,74873,2025-08-07 23:44:30.731523
FULLBOOK_4266,4266,fullbook,427358,80834,2025-08-07 23:44:31.27351
FULLBOOK_4267,4267,fullbook,648020,104362,2025-08-07 23:44:31.861709
FULLBOOK_4268,4268,fullbook,558051,96052,2025-08-07 23:44:32.48651
FULLBOOK_4269,4269,fullbook,646173,112682,2025-08-07 23:44:33.087476
FULLBOOK_427,427,fullbook,2053519,379057,2025-08-06 12:44:48.610573
FULLBOOK_4270,4270,fullbook,370034,60259,2025-08-07 23:44:33.723379
FULLBOOK_4271,4271,fullbook,1948202,347242,2025-08-07 23:44:34.38213
FULLBOOK_4272,4272,fullbook,347558,64527,2025-08-07 23:44:35.38345
FULLBOOK_4273,4273,fullbook,484338,88833,2025-08-07 23:44:35.906541
FULLBOOK_4274,4274,fullbook,216656,35686,2025-08-07 23:44:36.445765
FULLBOOK_4275,4275,fullbook,537815,85557,2025-08-07 23:44:36.930125
FULLBOOK_4276,4276,fullbook,523169,91470,2025-08-07 23:44:37.517477
FULLBOOK_4277,4277,fullbook,570782,99570,2025-08-07 23:44:38.113977
FULLBOOK_4278,4278,fullbook,721037,128504,2025-08-07 23:44:38.747534
FULLBOOK_4279,4279,fullbook,247621,40112,2025-08-07 23:44:39.409653
FULLBOOK_4280,4280,fullbook,253904,40676,2025-08-07 23:44:39.948438
FULLBOOK_4281,4281,fullbook,620801,96618,2025-08-07 23:44:40.533333
FULLBOOK_4282,4282,fullbook,399962,75299,2025-08-07 23:44:41.223709
FULLBOOK_4283,4283,fullbook,868602,144399,2025-08-07 23:44:41.857841
FULLBOOK_4284,4284,fullbook,967031,172437,2025-08-07 23:44:42.595469
FULLBOOK_4285,4285,fullbook,505604,85503,2025-08-07 23:44:43.654118
FULLBOOK_4286,4286,fullbook,1058179,195812,2025-08-07 23:44:44.293804
FULLBOOK_4287,4287,fullbook,510986,90604,2025-08-07 23:44:45.031729
FULLBOOK_4288,4288,fullbook,666631,119884,2025-08-07 23:44:45.69254
FULLBOOK_4289,4289,fullbook,2064752,335171,2025-08-07 23:44:46.477385
FULLBOOK_429,429,fullbook,1154208,182534,2025-08-06 12:44:49.711213
FULLBOOK_4290,4290,fullbook,628049,110657,2025-08-07 23:44:47.51466
FULLBOOK_4291,4291,fullbook,2765614,480183,2025-08-07 23:44:48.331076
FULLBOOK_4292,4292,fullbook,573042,102533,2025-08-07 23:44:49.549232
FULLBOOK_4293,4293,fullbook,549986,92774,2025-08-07 23:44:50.17347
FULLBOOK_4294,4294,fullbook,568503,96912,2025-08-07 23:44:50.844907
FULLBOOK_4295,4295,fullbook,708510,130287,2025-08-07 23:45:01.491804
FULLBOOK_4296,4296,fullbook,1108798,166654,2025-08-07 23:45:02.181899
FULLBOOK_4297,4297,fullbook,347831,63392,2025-08-07 23:45:02.946604
FULLBOOK_4298,4298,fullbook,658273,116078,2025-08-07 23:45:03.540097
FULLBOOK_4299,4299,fullbook,606363,110685,2025-08-07 23:45:04.198444
FULLBOOK_43,43,fullbook,2181135,391882,2025-08-06 12:27:11.383916
FULLBOOK_430,430,fullbook,2055729,324094,2025-08-06 12:44:50.612921
FULLBOOK_4300,4300,fullbook,434686,71820,2025-08-07 23:45:04.847117
FULLBOOK_4301,4301,fullbook,949374,164895,2025-08-07 23:45:05.475515
FULLBOOK_4302,4302,fullbook,557387,92511,2025-08-07 23:45:06.200067
FULLBOOK_4303,4303,fullbook,440993,80800,2025-08-07 23:45:08.118659
FULLBOOK_4304,4304,fullbook,1051327,163656,2025-08-07 23:45:08.706988
FULLBOOK_4305,4305,fullbook,24895202,4507983,2025-08-07 23:45:11.680337
FULLBOOK_4306,4306,fullbook,1025353,161942,2025-08-07 23:45:19.031569
FULLBOOK_4307,4307,fullbook,256382,45737,2025-08-07 23:45:19.79094
FULLBOOK_4308,4308,fullbook,700248,114180,2025-08-07 23:45:20.351021
FULLBOOK_4309,4309,fullbook,1252070,204458,2025-08-07 23:45:21.076926
FULLBOOK_431,431,fullbook,1567851,258004,2025-08-06 12:44:51.7474
FULLBOOK_4310,4310,fullbook,962063,172715,2025-08-07 23:45:21.912464
FULLBOOK_4311,4311,fullbook,501181,84621,2025-08-07 23:45:22.645426
FULLBOOK_4312,4312,fullbook,516426,80578,2025-08-07 23:45:23.289034
FULLBOOK_4313,4313,fullbook,645005,103618,2025-08-07 23:45:23.925577
FULLBOOK_4314,4314,fullbook,430475,79530,2025-08-07 23:45:24.562317
FULLBOOK_4315,4315,fullbook,534534,95586,2025-08-07 23:45:25.203004
FULLBOOK_4316,4316,fullbook,346593,65329,2025-08-07 23:45:25.834898
FULLBOOK_4317,4317,fullbook,416754,75773,2025-08-07 23:45:26.399813
FULLBOOK_4318,4318,fullbook,413159,74306,2025-08-07 23:45:27.002228
FULLBOOK_4319,4319,fullbook,495810,83882,2025-08-07 23:45:27.592216
FULLBOOK_432,432,fullbook,997713,183127,2025-08-06 12:44:52.676142
FULLBOOK_4320,4320,fullbook,1222369,204666,2025-08-07 23:45:28.244307
FULLBOOK_4321,4321,fullbook,511381,83766,2025-08-07 23:45:29.042118
FULLBOOK_4322,4322,fullbook,454554,87300,2025-08-07 23:45:29.686999
FULLBOOK_4323,4323,fullbook,229879,39918,2025-08-07 23:45:30.288322
FULLBOOK_4324,4324,fullbook,1030627,187696,2025-08-07 23:45:31.180013
FULLBOOK_4325,4325,fullbook,592953,96101,2025-08-07 23:45:32.04835
FULLBOOK_4326,4326,fullbook,832666,151322,2025-08-07 23:45:32.69587
FULLBOOK_4327,4327,fullbook,473996,85297,2025-08-07 23:45:33.392683
FULLBOOK_4328,4328,fullbook,518518,83578,2025-08-07 23:45:34.025351
FULLBOOK_4329,4329,fullbook,509364,91059,2025-08-07 23:45:34.643692
FULLBOOK_433,433,fullbook,5237575,896130,2025-08-06 12:44:53.800215
FULLBOOK_4330,4330,fullbook,874146,163000,2025-08-07 23:45:35.264264
FULLBOOK_4331,4331,fullbook,744469,119319,2025-08-07 23:45:35.977035
FULLBOOK_4332,4332,fullbook,487623,94620,2025-08-07 23:45:36.639016
FULLBOOK_4333,4333,fullbook,426893,75054,2025-08-07 23:45:37.257703
FULLBOOK_4334,4334,fullbook,220121,41578,2025-08-07 23:45:37.863598
FULLBOOK_4335,4335,fullbook,556433,87393,2025-08-07 23:45:38.43462
FULLBOOK_4336,4336,fullbook,724816,129895,2025-08-07 23:45:39.064283
FULLBOOK_4337,4337,fullbook,794984,142872,2025-08-07 23:45:39.745259
FULLBOOK_4338,4338,fullbook,182072,29351,2025-08-07 23:45:40.46386
FULLBOOK_4339,4339,fullbook,951851,158448,2025-08-07 23:45:41.036307
FULLBOOK_434,434,fullbook,1616741,243743,2025-08-06 12:44:56.779157
FULLBOOK_4340,4340,fullbook,1239201,191725,2025-08-07 23:45:41.811613
FULLBOOK_4341,4341,fullbook,635118,113923,2025-08-07 23:45:42.645236
FULLBOOK_4342,4342,fullbook,225559,38135,2025-08-07 23:45:43.316996
FULLBOOK_4343,4343,fullbook,685271,124650,2025-08-07 23:45:43.869154
FULLBOOK_4344,4344,fullbook,496924,92454,2025-08-07 23:45:46.923092
FULLBOOK_4345,4345,fullbook,554201,87942,2025-08-07 23:45:47.498079
FULLBOOK_4346,4346,fullbook,272802,49703,2025-08-07 23:45:48.119849
FULLBOOK_4347,4347,fullbook,620908,101396,2025-08-07 23:45:48.661409
FULLBOOK_4348,4348,fullbook,796304,143813,2025-08-07 23:45:49.314874
FULLBOOK_4349,4349,fullbook,798633,141388,2025-08-07 23:45:49.996986
FULLBOOK_435,435,fullbook,1998646,287395,2025-08-06 12:44:57.81691
FULLBOOK_4350,4350,fullbook,856631,144512,2025-08-07 23:45:50.692858
FULLBOOK_4351,4351,fullbook,1155316,195398,2025-08-07 23:45:51.430034
FULLBOOK_4352,4352,fullbook,359419,66042,2025-08-07 23:45:52.229754
FULLBOOK_4353,4353,fullbook,765530,130110,2025-08-07 23:45:52.810472
FULLBOOK_4354,4354,fullbook,653648,102425,2025-08-07 23:45:53.494264
FULLBOOK_4355,4355,fullbook,572727,99097,2025-08-07 23:45:54.133243
FULLBOOK_4356,4356,fullbook,1220973,194520,2025-08-07 23:45:54.81139
FULLBOOK_4357,4357,fullbook,184493,33329,2025-08-07 23:45:55.613696
FULLBOOK_4358,4358,fullbook,115446,20453,2025-08-07 23:45:56.115897
FULLBOOK_4359,4359,fullbook,460251,82846,2025-08-07 23:45:56.624942
FULLBOOK_436,436,fullbook,1247404,234787,2025-08-06 12:44:59.294045
FULLBOOK_4360,4360,fullbook,437701,65108,2025-08-07 23:45:57.246543
FULLBOOK_4361,4361,fullbook,848453,123170,2025-08-07 23:45:57.890868
FULLBOOK_4362,4362,fullbook,458768,80916,2025-08-07 23:45:58.613313
FULLBOOK_4363,4363,fullbook,543832,99049,2025-08-07 23:45:59.669801
FULLBOOK_4364,4364,fullbook,684126,107803,2025-08-07 23:46:00.26905
FULLBOOK_4365,4365,fullbook,888119,142181,2025-08-07 23:46:00.972878
FULLBOOK_4366,4366,fullbook,409880,66343,2025-08-07 23:46:01.66656
FULLBOOK_4367,4367,fullbook,899427,165291,2025-08-07 23:46:02.381388
FULLBOOK_4368,4368,fullbook,507186,81737,2025-08-07 23:46:03.139061
FULLBOOK_4369,4369,fullbook,320215,56927,2025-08-07 23:46:03.711365
FULLBOOK_437,437,fullbook,1460528,262015,2025-08-06 12:45:00.195764
FULLBOOK_4370,4370,fullbook,802812,142756,2025-08-07 23:46:04.285612
FULLBOOK_4371,4371,fullbook,388815,71888,2025-08-07 23:46:04.958802
FULLBOOK_4372,4372,fullbook,1017955,180446,2025-08-07 23:46:05.478643
FULLBOOK_4373,4373,fullbook,656148,110527,2025-08-07 23:46:06.193918
FULLBOOK_4374,4374,fullbook,487667,85987,2025-08-07 23:46:06.785848
FULLBOOK_4375,4375,fullbook,2919794,496464,2025-08-07 23:46:07.50816
FULLBOOK_4376,4376,fullbook,630522,114969,2025-08-07 23:46:08.767534
FULLBOOK_4378,4378,fullbook,1328308,239087,2025-08-07 23:46:09.765674
FULLBOOK_4379,4379,fullbook,1118866,206129,2025-08-07 23:46:10.579774
FULLBOOK_438,438,fullbook,2118177,352858,2025-08-06 12:45:01.19712
FULLBOOK_4380,4380,fullbook,1195852,203102,2025-08-07 23:46:11.322897
FULLBOOK_4381,4381,fullbook,274891,50233,2025-08-07 23:46:12.105865
FULLBOOK_4382,4382,fullbook,623028,107438,2025-08-07 23:46:12.560035
FULLBOOK_4383,4383,fullbook,381918,66786,2025-08-07 23:46:13.140338
FULLBOOK_4384,4384,fullbook,472979,86314,2025-08-07 23:46:13.646385
FULLBOOK_4385,4385,fullbook,462780,83124,2025-08-07 23:46:14.596747
FULLBOOK_4386,4386,fullbook,824707,129773,2025-08-07 23:46:15.116423
FULLBOOK_4387,4387,fullbook,1565908,279026,2025-08-07 23:46:15.826245
FULLBOOK_4388,4388,fullbook,584836,101807,2025-08-07 23:46:16.693525
FULLBOOK_4389,4389,fullbook,577761,103451,2025-08-07 23:46:17.27746
FULLBOOK_439,439,fullbook,1843063,339337,2025-08-06 12:45:02.381698
FULLBOOK_4390,4390,fullbook,697976,102075,2025-08-07 23:46:17.856505
FULLBOOK_4391,4391,fullbook,573528,104684,2025-08-07 23:46:18.475058
FULLBOOK_4392,4392,fullbook,485486,84218,2025-08-07 23:46:19.050204
FULLBOOK_4393,4393,fullbook,1256511,216858,2025-08-07 23:46:19.632321
FULLBOOK_4394,4394,fullbook,536927,88505,2025-08-07 23:46:20.410303
FULLBOOK_4395,4395,fullbook,587589,104034,2025-08-07 23:46:20.960947
FULLBOOK_4396,4396,fullbook,284742,49956,2025-08-07 23:46:21.526511
FULLBOOK_4397,4397,fullbook,537172,99069,2025-08-07 23:46:21.99201
FULLBOOK_4398,4398,fullbook,410297,65129,2025-08-07 23:46:22.534362
FULLBOOK_4399,4399,fullbook,702605,118579,2025-08-07 23:46:23.051721
FULLBOOK_44,44,fullbook,1637554,259902,2025-08-06 12:27:13.455951
FULLBOOK_440,440,fullbook,1439267,224896,2025-08-06 12:45:03.411597
FULLBOOK_4400,4400,fullbook,579341,96359,2025-08-07 23:46:23.660782
FULLBOOK_4401,4401,fullbook,620846,112058,2025-08-07 23:46:24.237987
FULLBOOK_4402,4402,fullbook,476078,86677,2025-08-07 23:46:25.160207
FULLBOOK_4403,4403,fullbook,588855,103076,2025-08-07 23:46:25.707923
FULLBOOK_4404,4404,fullbook,510218,88992,2025-08-07 23:46:26.292534
FULLBOOK_4405,4405,fullbook,937949,145632,2025-08-07 23:46:26.861239
FULLBOOK_4406,4406,fullbook,1338627,240864,2025-08-07 23:46:27.573392
FULLBOOK_4407,4407,fullbook,587009,93961,2025-08-07 23:46:28.35214
FULLBOOK_4408,4408,fullbook,602179,108569,2025-08-07 23:46:28.900306
FULLBOOK_4409,4409,fullbook,439979,77526,2025-08-07 23:46:29.478817
FULLBOOK_441,441,fullbook,5385533,995656,2025-08-06 12:45:04.716585
FULLBOOK_4410,4410,fullbook,705837,124945,2025-08-07 23:46:30.006442
FULLBOOK_4411,4411,fullbook,711302,113855,2025-08-07 23:46:30.62465
FULLBOOK_4412,4412,fullbook,388710,72179,2025-08-07 23:46:31.221204
FULLBOOK_4413,4413,fullbook,166989,30870,2025-08-07 23:46:31.707442
FULLBOOK_4414,4414,fullbook,555348,103622,2025-08-07 23:46:32.137319
FULLBOOK_4415,4415,fullbook,272272,44980,2025-08-07 23:46:32.810028
FULLBOOK_4416,4416,fullbook,1818861,326587,2025-08-07 23:46:33.390724
FULLBOOK_4417,4417,fullbook,899939,136518,2025-08-07 23:46:34.328332
FULLBOOK_4418,4418,fullbook,562730,90446,2025-08-07 23:46:35.038452
FULLBOOK_4419,4419,fullbook,370774,56487,2025-08-07 23:46:35.611063
FULLBOOK_442,442,fullbook,1497170,243430,2025-08-06 12:45:06.746897
FULLBOOK_4420,4420,fullbook,553809,100950,2025-08-07 23:46:36.111531
FULLBOOK_4421,4421,fullbook,408438,68990,2025-08-07 23:46:36.661203
FULLBOOK_4422,4422,fullbook,523526,94982,2025-08-07 23:46:37.172755
FULLBOOK_4423,4423,fullbook,947778,149403,2025-08-07 23:46:37.775191
FULLBOOK_4424,4424,fullbook,492343,89974,2025-08-07 23:46:46.803944
FULLBOOK_4425,4425,fullbook,742650,119423,2025-08-07 23:46:47.341265
FULLBOOK_4426,4426,fullbook,296472,50691,2025-08-07 23:46:49.410246
FULLBOOK_4427,4427,fullbook,437146,72379,2025-08-07 23:46:49.887285
FULLBOOK_4428,4428,fullbook,173161,30859,2025-08-07 23:46:50.395967
FULLBOOK_4429,4429,fullbook,446250,73940,2025-08-07 23:46:50.831695
FULLBOOK_443,443,fullbook,1478298,257349,2025-08-06 12:45:07.699153
FULLBOOK_4430,4430,fullbook,394303,71302,2025-08-07 23:46:51.354705
FULLBOOK_4431,4431,fullbook,958460,148502,2025-08-07 23:46:51.880576
FULLBOOK_4432,4432,fullbook,881432,138887,2025-08-07 23:46:52.597694
FULLBOOK_4433,4433,fullbook,666567,118327,2025-08-07 23:46:53.276029
FULLBOOK_4434,4434,fullbook,565117,89662,2025-08-07 23:46:53.872607
FULLBOOK_4435,4435,fullbook,515550,92671,2025-08-07 23:46:54.437935
FULLBOOK_4436,4436,fullbook,561967,96165,2025-08-07 23:46:54.979038
FULLBOOK_4437,4437,fullbook,566267,97054,2025-08-07 23:46:55.538032
FULLBOOK_4438,4438,fullbook,714327,126514,2025-08-07 23:46:56.104866
FULLBOOK_4439,4439,fullbook,1025794,171139,2025-08-07 23:46:56.739536
FULLBOOK_444,444,fullbook,5021618,807704,2025-08-06 12:45:08.944877
FULLBOOK_4440,4440,fullbook,358917,65286,2025-08-07 23:46:57.452031
FULLBOOK_4441,4441,fullbook,132793,22311,2025-08-07 23:46:58.261101
FULLBOOK_4442,4442,fullbook,547115,100945,2025-08-07 23:46:58.685549
FULLBOOK_4443,4443,fullbook,435157,74657,2025-08-07 23:46:59.24226
FULLBOOK_4444,4444,fullbook,1004206,186850,2025-08-07 23:46:59.784654
FULLBOOK_4445,4445,fullbook,74251,13686,2025-08-07 23:47:00.478597
FULLBOOK_4446,4446,fullbook,750500,114823,2025-08-07 23:47:00.895906
FULLBOOK_4447,4447,fullbook,862498,156571,2025-08-07 23:47:01.542295
FULLBOOK_4448,4448,fullbook,1011264,178000,2025-08-07 23:47:02.207683
FULLBOOK_4449,4449,fullbook,215541,38286,2025-08-07 23:47:03.049271
FULLBOOK_445,445,fullbook,1201864,219045,2025-08-06 12:45:10.893922
FULLBOOK_4450,4450,fullbook,449449,79388,2025-08-07 23:47:03.503957
FULLBOOK_4451,4451,fullbook,1166319,207759,2025-08-07 23:47:04.072093
FULLBOOK_4452,4452,fullbook,452937,76873,2025-08-07 23:47:04.839518
FULLBOOK_4453,4453,fullbook,496156,92932,2025-08-07 23:47:05.349361
FULLBOOK_4454,4454,fullbook,627486,102119,2025-08-07 23:47:05.894878
FULLBOOK_4455,4455,fullbook,333907,60259,2025-08-07 23:47:06.462927
FULLBOOK_4456,4456,fullbook,503018,84837,2025-08-07 23:47:06.951942
FULLBOOK_4457,4457,fullbook,550167,103974,2025-08-07 23:47:07.502423
FULLBOOK_4458,4458,fullbook,906285,131948,2025-08-07 23:47:08.0605
FULLBOOK_4459,4459,fullbook,153518,27328,2025-08-07 23:47:08.725905
FULLBOOK_446,446,fullbook,1278138,246015,2025-08-06 12:45:11.76524
FULLBOOK_4460,4460,fullbook,379955,68656,2025-08-07 23:47:09.15871
FULLBOOK_4461,4461,fullbook,321521,59864,2025-08-07 23:47:09.665448
FULLBOOK_4462,4462,fullbook,747134,118929,2025-08-07 23:47:10.151252
FULLBOOK_4463,4463,fullbook,203617,36416,2025-08-07 23:47:10.744737
FULLBOOK_4464,4464,fullbook,767218,115253,2025-08-07 23:47:11.190681
FULLBOOK_4465,4465,fullbook,393092,70441,2025-08-07 23:47:11.837076
FULLBOOK_4466,4466,fullbook,350111,60564,2025-08-07 23:47:12.336931
FULLBOOK_4467,4467,fullbook,466162,75000,2025-08-07 23:47:12.831856
FULLBOOK_4468,4468,fullbook,1006156,161457,2025-08-07 23:47:13.809199
FULLBOOK_4469,4469,fullbook,1746227,288470,2025-08-07 23:47:14.609385
FULLBOOK_447,447,fullbook,1520162,248987,2025-08-06 12:45:12.666022
FULLBOOK_4470,4470,fullbook,788644,137334,2025-08-07 23:47:15.533741
FULLBOOK_4471,4471,fullbook,468410,81095,2025-08-07 23:47:16.177458
FULLBOOK_4472,4472,fullbook,507279,83657,2025-08-07 23:47:16.704739
FULLBOOK_4473,4473,fullbook,589515,94405,2025-08-07 23:47:17.264603
FULLBOOK_4474,4474,fullbook,640506,94818,2025-08-07 23:47:17.823945
FULLBOOK_4475,4475,fullbook,545042,96394,2025-08-07 23:47:18.424596
FULLBOOK_4476,4476,fullbook,383404,63467,2025-08-07 23:47:18.993447
FULLBOOK_4477,4477,fullbook,448716,85371,2025-08-07 23:47:19.489286
FULLBOOK_4478,4478,fullbook,354901,65088,2025-08-07 23:47:20.023411
FULLBOOK_4479,4479,fullbook,134767,23174,2025-08-07 23:47:20.508944
FULLBOOK_448,448,fullbook,3723248,632596,2025-08-06 12:45:13.861975
FULLBOOK_4480,4480,fullbook,418921,65792,2025-08-07 23:47:20.92669
FULLBOOK_4481,4481,fullbook,993756,180182,2025-08-07 23:47:21.452953
FULLBOOK_4482,4482,fullbook,168911,30067,2025-08-07 23:47:22.420416
FULLBOOK_4483,4483,fullbook,1109309,170541,2025-08-07 23:47:22.875722
FULLBOOK_4484,4484,fullbook,721135,129152,2025-08-07 23:47:23.650644
FULLBOOK_4485,4485,fullbook,669776,116981,2025-08-07 23:47:24.279514
FULLBOOK_4486,4486,fullbook,916666,163418,2025-08-07 23:47:24.926795
FULLBOOK_4487,4487,fullbook,429929,81629,2025-08-07 23:47:25.608337
FULLBOOK_4488,4488,fullbook,613775,105436,2025-08-07 23:47:26.126755
FULLBOOK_4489,4489,fullbook,623511,106053,2025-08-07 23:47:26.732382
FULLBOOK_449,449,fullbook,4466996,703768,2025-08-06 12:45:16.844261
FULLBOOK_4490,4490,fullbook,657190,122637,2025-08-07 23:47:27.333388
FULLBOOK_4491,4491,fullbook,676206,117387,2025-08-07 23:47:27.926905
FULLBOOK_4492,4492,fullbook,464163,74410,2025-08-07 23:47:28.519577
FULLBOOK_4493,4493,fullbook,1747496,312970,2025-08-07 23:47:29.13929
FULLBOOK_4494,4494,fullbook,203837,31405,2025-08-07 23:47:30.032858
FULLBOOK_4495,4495,fullbook,355155,64375,2025-08-07 23:47:30.480206
FULLBOOK_4496,4496,fullbook,362082,67137,2025-08-07 23:47:30.977981
FULLBOOK_4497,4497,fullbook,617011,110167,2025-08-07 23:47:31.471207
FULLBOOK_4498,4498,fullbook,455565,82977,2025-08-07 23:47:32.044648
FULLBOOK_4499,4499,fullbook,174884,31391,2025-08-07 23:47:32.571564
FULLBOOK_45,45,fullbook,481009,76874,2025-08-06 12:27:15.275191
FULLBOOK_450,450,fullbook,1696550,282837,2025-08-06 12:45:18.644561
FULLBOOK_4500,4500,fullbook,447722,83470,2025-08-07 23:47:33.160523
FULLBOOK_4501,4501,fullbook,478001,80860,2025-08-07 23:47:33.693266
FULLBOOK_4502,4502,fullbook,771572,131023,2025-08-07 23:47:34.233635
FULLBOOK_4503,4503,fullbook,369316,68071,2025-08-07 23:47:34.842476
FULLBOOK_4504,4504,fullbook,628323,99943,2025-08-07 23:47:35.354594
FULLBOOK_4505,4505,fullbook,564654,85592,2025-08-07 23:47:35.950918
FULLBOOK_4506,4506,fullbook,897456,140144,2025-08-07 23:47:36.515535
FULLBOOK_4507,4507,fullbook,331145,53182,2025-08-07 23:47:37.172474
FULLBOOK_4508,4508,fullbook,657918,124010,2025-08-07 23:47:37.662623
FULLBOOK_4509,4509,fullbook,268482,47988,2025-08-07 23:47:40.395093
FULLBOOK_451,451,fullbook,657990,123116,2025-08-06 12:45:19.612138
FULLBOOK_4510,4510,fullbook,365402,65084,2025-08-07 23:47:40.859191
FULLBOOK_4511,4511,fullbook,550054,99810,2025-08-07 23:47:41.369222
FULLBOOK_4512,4512,fullbook,162519,30500,2025-08-07 23:47:41.94411
FULLBOOK_4513,4513,fullbook,1262394,219310,2025-08-07 23:47:42.419786
FULLBOOK_4514,4514,fullbook,341438,63744,2025-08-07 23:47:43.175977
FULLBOOK_4515,4515,fullbook,573628,108343,2025-08-07 23:47:43.662504
FULLBOOK_4516,4516,fullbook,531471,100656,2025-08-07 23:47:44.232414
FULLBOOK_4517,4517,fullbook,424754,77311,2025-08-07 23:47:44.771066
FULLBOOK_4518,4518,fullbook,522672,78418,2025-08-07 23:47:45.305211
FULLBOOK_4519,4519,fullbook,576392,102337,2025-08-07 23:47:46.166592
FULLBOOK_452,452,fullbook,3226954,501817,2025-08-06 12:45:20.47866
FULLBOOK_4520,4520,fullbook,456867,75237,2025-08-07 23:47:46.744327
FULLBOOK_4521,4521,fullbook,983994,170964,2025-08-07 23:47:47.284874
FULLBOOK_4522,4522,fullbook,482330,85303,2025-08-07 23:47:47.988834
FULLBOOK_4523,4523,fullbook,193729,35616,2025-08-07 23:47:48.821006
FULLBOOK_4524,4524,fullbook,848589,147687,2025-08-07 23:47:49.258944
FULLBOOK_4525,4525,fullbook,758894,106798,2025-08-07 23:47:49.908586
FULLBOOK_4526,4526,fullbook,377712,69917,2025-08-07 23:47:50.53079
FULLBOOK_4527,4527,fullbook,310559,53144,2025-08-07 23:47:51.020528
FULLBOOK_4528,4528,fullbook,204406,37126,2025-08-07 23:47:51.499476
FULLBOOK_4529,4529,fullbook,668345,117996,2025-08-07 23:47:51.95597
FULLBOOK_453,453,fullbook,1089733,191837,2025-08-06 12:45:21.896757
FULLBOOK_4530,4530,fullbook,574909,105635,2025-08-07 23:47:52.544782
FULLBOOK_4531,4531,fullbook,445198,75491,2025-08-07 23:47:53.10454
FULLBOOK_4532,4532,fullbook,415641,76226,2025-08-07 23:47:53.625756
FULLBOOK_4533,4533,fullbook,288177,51417,2025-08-07 23:47:54.136048
FULLBOOK_4534,4534,fullbook,635529,115447,2025-08-07 23:47:54.604881
FULLBOOK_4535,4535,fullbook,488923,87531,2025-08-07 23:47:55.175156
FULLBOOK_4536,4536,fullbook,229451,43765,2025-08-07 23:47:55.706834
FULLBOOK_4537,4537,fullbook,1069618,174117,2025-08-07 23:47:56.191137
FULLBOOK_4538,4538,fullbook,344229,57234,2025-08-07 23:47:56.914223
FULLBOOK_4539,4539,fullbook,296173,55024,2025-08-07 23:47:57.404889
FULLBOOK_454,454,fullbook,844367,160986,2025-08-06 12:45:22.672848
FULLBOOK_4540,4540,fullbook,235378,42578,2025-08-07 23:47:57.877428
FULLBOOK_4541,4541,fullbook,401199,74689,2025-08-07 23:47:58.326551
FULLBOOK_4542,4542,fullbook,986010,179723,2025-08-07 23:47:58.852204
FULLBOOK_4543,4543,fullbook,702505,113791,2025-08-07 23:47:59.55926
FULLBOOK_4544,4544,fullbook,584245,96615,2025-08-07 23:48:00.178984
FULLBOOK_4545,4545,fullbook,540542,93245,2025-08-07 23:48:00.762604
FULLBOOK_4546,4546,fullbook,424872,67011,2025-08-07 23:48:01.324577
FULLBOOK_4547,4547,fullbook,636051,100720,2025-08-07 23:48:01.850826
FULLBOOK_4548,4548,fullbook,541241,86561,2025-08-07 23:48:02.447935
FULLBOOK_4549,4549,fullbook,382338,60142,2025-08-07 23:48:03.010786
FULLBOOK_455,455,fullbook,991441,181548,2025-08-06 12:45:23.393534
FULLBOOK_4550,4550,fullbook,538311,89089,2025-08-07 23:48:03.643298
FULLBOOK_4551,4551,fullbook,467714,84319,2025-08-07 23:48:04.196938
FULLBOOK_4552,4552,fullbook,663493,120827,2025-08-07 23:48:04.726438
FULLBOOK_4553,4553,fullbook,743498,124638,2025-08-07 23:48:16.367167
FULLBOOK_4554,4554,fullbook,294044,51853,2025-08-07 23:48:16.984652
FULLBOOK_4555,4555,fullbook,255825,43320,2025-08-07 23:48:17.454859
FULLBOOK_4556,4556,fullbook,427625,69990,2025-08-07 23:48:17.926932
FULLBOOK_4557,4557,fullbook,341223,60291,2025-08-07 23:48:18.450696
FULLBOOK_4558,4558,fullbook,278494,49454,2025-08-07 23:48:18.93723
FULLBOOK_4559,4559,fullbook,519261,84655,2025-08-07 23:48:19.412808
FULLBOOK_456,456,fullbook,1571800,286564,2025-08-06 12:45:24.211335
FULLBOOK_4560,4560,fullbook,1697505,299859,2025-08-07 23:48:20.122441
FULLBOOK_4561,4561,fullbook,459777,82770,2025-08-07 23:48:21.043802
FULLBOOK_4562,4562,fullbook,248865,44461,2025-08-07 23:48:21.574629
FULLBOOK_4563,4563,fullbook,187341,32419,2025-08-07 23:48:22.039506
FULLBOOK_4564,4564,fullbook,601836,105210,2025-08-07 23:48:22.855804
FULLBOOK_4565,4565,fullbook,803550,127816,2025-08-07 23:48:23.441875
FULLBOOK_4566,4566,fullbook,347619,63387,2025-08-07 23:48:24.067579
FULLBOOK_4567,4567,fullbook,717966,114994,2025-08-07 23:48:24.55119
FULLBOOK_4568,4568,fullbook,623342,115633,2025-08-07 23:48:25.175782
FULLBOOK_4569,4569,fullbook,564758,101780,2025-08-07 23:48:25.758809
FULLBOOK_457,457,fullbook,1333773,212670,2025-08-06 12:45:25.164384
FULLBOOK_4570,4570,fullbook,65614,12014,2025-08-07 23:48:26.310078
FULLBOOK_4571,4571,fullbook,766252,133656,2025-08-07 23:48:26.722722
FULLBOOK_4572,4572,fullbook,445335,76934,2025-08-07 23:48:27.340476
FULLBOOK_4573,4573,fullbook,275884,46653,2025-08-07 23:48:27.854256
FULLBOOK_4574,4574,fullbook,463618,75869,2025-08-07 23:48:28.329675
FULLBOOK_4575,4575,fullbook,848301,152525,2025-08-07 23:48:28.887454
FULLBOOK_4576,4576,fullbook,448674,80094,2025-08-07 23:48:29.559305
FULLBOOK_4577,4577,fullbook,531296,86907,2025-08-07 23:48:30.082756
FULLBOOK_4578,4578,fullbook,564280,91727,2025-08-07 23:48:30.620286
FULLBOOK_4579,4579,fullbook,710793,126000,2025-08-07 23:48:31.18986
FULLBOOK_458,458,fullbook,1479778,270087,2025-08-06 12:45:26.097205
FULLBOOK_4580,4580,fullbook,230330,39761,2025-08-07 23:48:31.790307
FULLBOOK_4581,4581,fullbook,769768,137791,2025-08-07 23:48:32.253002
FULLBOOK_4582,4582,fullbook,416160,72357,2025-08-07 23:48:32.892843
FULLBOOK_4583,4583,fullbook,719658,119711,2025-08-07 23:48:33.428193
FULLBOOK_4584,4584,fullbook,285815,50734,2025-08-07 23:48:34.165669
FULLBOOK_4585,4585,fullbook,592503,104594,2025-08-07 23:48:34.635637
FULLBOOK_4586,4586,fullbook,828362,124105,2025-08-07 23:48:35.231516
FULLBOOK_4587,4587,fullbook,304413,49694,2025-08-07 23:48:35.86944
FULLBOOK_4588,4588,fullbook,433531,73709,2025-08-07 23:48:36.344366
FULLBOOK_4589,4589,fullbook,649529,118039,2025-08-07 23:48:36.865576
FULLBOOK_459,459,fullbook,1617308,302468,2025-08-06 12:45:27.06518
FULLBOOK_4590,4590,fullbook,945634,149475,2025-08-07 23:48:37.503722
FULLBOOK_4591,4591,fullbook,265152,47240,2025-08-07 23:48:38.206723
FULLBOOK_4592,4592,fullbook,428072,73215,2025-08-07 23:48:38.668795
FULLBOOK_4593,4593,fullbook,561484,106707,2025-08-07 23:48:39.200236
FULLBOOK_4594,4594,fullbook,400899,76522,2025-08-07 23:48:39.765285
FULLBOOK_4595,4595,fullbook,822353,132073,2025-08-07 23:48:40.295001
FULLBOOK_4596,4596,fullbook,632045,103903,2025-08-07 23:48:43.08935
FULLBOOK_4597,4597,fullbook,561044,97211,2025-08-07 23:48:43.685325
FULLBOOK_4598,4598,fullbook,490588,83723,2025-08-07 23:48:44.259493
FULLBOOK_4599,4599,fullbook,273109,42816,2025-08-07 23:48:44.813209
FULLBOOK_46,46,fullbook,1134875,187314,2025-08-06 12:27:16.821022
FULLBOOK_460,460,fullbook,1388443,243852,2025-08-06 12:45:28.049348
FULLBOOK_4600,4600,fullbook,402259,71422,2025-08-07 23:48:45.289662
FULLBOOK_4601,4601,fullbook,510753,91181,2025-08-07 23:48:45.816032
FULLBOOK_4602,4602,fullbook,474307,74719,2025-08-07 23:48:46.650074
FULLBOOK_4603,4603,fullbook,497884,87990,2025-08-07 23:48:47.184226
FULLBOOK_4604,4604,fullbook,706637,126258,2025-08-07 23:48:47.741557
FULLBOOK_4605,4605,fullbook,676371,123704,2025-08-07 23:48:48.679083
FULLBOOK_4606,4606,fullbook,751047,124690,2025-08-07 23:48:49.274967
FULLBOOK_4607,4607,fullbook,397943,64264,2025-08-07 23:48:49.89578
FULLBOOK_4608,4608,fullbook,654449,113011,2025-08-07 23:48:50.408947
FULLBOOK_4609,4609,fullbook,909686,144704,2025-08-07 23:48:51.037409
FULLBOOK_461,461,fullbook,3818742,653324,2025-08-06 12:45:29.197007
FULLBOOK_4610,4610,fullbook,668498,106643,2025-08-07 23:48:51.747967
FULLBOOK_4611,4611,fullbook,493739,85279,2025-08-07 23:48:52.3417
FULLBOOK_4612,4612,fullbook,235948,42082,2025-08-07 23:48:52.880956
FULLBOOK_4613,4613,fullbook,545317,89530,2025-08-07 23:48:53.338167
FULLBOOK_4614,4614,fullbook,748369,116940,2025-08-07 23:48:53.90149
FULLBOOK_4615,4615,fullbook,869375,147074,2025-08-07 23:48:54.558569
FULLBOOK_4616,4616,fullbook,679271,105106,2025-08-07 23:48:55.219674
FULLBOOK_4617,4617,fullbook,401448,70643,2025-08-07 23:48:55.830445
FULLBOOK_4618,4618,fullbook,452595,74993,2025-08-07 23:48:56.342609
FULLBOOK_4619,4619,fullbook,309447,50940,2025-08-07 23:48:56.866417
FULLBOOK_462,462,fullbook,1809984,315810,2025-08-06 12:45:30.949702
FULLBOOK_4620,4620,fullbook,250653,46176,2025-08-07 23:48:57.352749
FULLBOOK_4621,4621,fullbook,576902,97526,2025-08-07 23:48:57.826932
FULLBOOK_4622,4622,fullbook,605058,95319,2025-08-07 23:48:58.406085
FULLBOOK_4623,4623,fullbook,676573,101802,2025-08-07 23:48:58.994989
FULLBOOK_4624,4624,fullbook,576070,105080,2025-08-07 23:48:59.620755
FULLBOOK_4625,4625,fullbook,383016,69733,2025-08-07 23:49:00.20671
FULLBOOK_4626,4626,fullbook,1107230,204437,2025-08-07 23:49:00.755242
FULLBOOK_4627,4627,fullbook,316669,58095,2025-08-07 23:49:01.518261
FULLBOOK_4628,4628,fullbook,383461,72045,2025-08-07 23:49:02.002732
FULLBOOK_4629,4629,fullbook,314044,57000,2025-08-07 23:49:02.497717
FULLBOOK_463,463,fullbook,1524267,281736,2025-08-06 12:45:31.99805
FULLBOOK_4630,4630,fullbook,116258,18000,2025-08-07 23:49:02.983243
FULLBOOK_4631,4631,fullbook,406921,75470,2025-08-07 23:49:03.405905
FULLBOOK_4632,4632,fullbook,621929,113925,2025-08-07 23:49:03.936676
FULLBOOK_4633,4633,fullbook,266786,51000,2025-08-07 23:49:04.631138
FULLBOOK_4634,4634,fullbook,429995,69676,2025-08-07 23:49:05.101082
FULLBOOK_4635,4635,fullbook,1260236,197548,2025-08-07 23:49:05.664997
FULLBOOK_4636,4636,fullbook,474080,85771,2025-08-07 23:49:06.441746
FULLBOOK_4637,4637,fullbook,319040,59672,2025-08-07 23:49:06.97593
FULLBOOK_4638,4638,fullbook,322607,56196,2025-08-07 23:49:07.936398
FULLBOOK_4639,4639,fullbook,681114,122747,2025-08-07 23:49:08.409322
FULLBOOK_464,464,fullbook,1330505,211373,2025-08-06 12:45:33.910694
FULLBOOK_4640,4640,fullbook,384337,72037,2025-08-07 23:49:09.001415
FULLBOOK_4641,4641,fullbook,591632,99000,2025-08-07 23:49:09.509154
FULLBOOK_4642,4642,fullbook,101498,18458,2025-08-07 23:49:10.07469
FULLBOOK_4643,4643,fullbook,816193,146013,2025-08-07 23:49:10.50295
FULLBOOK_4644,4644,fullbook,385935,61783,2025-08-07 23:49:11.164931
FULLBOOK_4645,4645,fullbook,540262,81406,2025-08-07 23:49:11.687521
FULLBOOK_4646,4646,fullbook,822036,153490,2025-08-07 23:49:12.248406
FULLBOOK_4647,4647,fullbook,331233,66112,2025-08-07 23:49:12.879998
FULLBOOK_4648,4648,fullbook,557326,94020,2025-08-07 23:49:13.804387
FULLBOOK_4649,4649,fullbook,454178,72920,2025-08-07 23:49:14.379871
FULLBOOK_465,465,fullbook,1660282,293098,2025-08-06 12:45:34.865685
FULLBOOK_4650,4650,fullbook,398591,72663,2025-08-07 23:49:14.918612
FULLBOOK_4651,4651,fullbook,435331,80221,2025-08-07 23:49:15.427978
FULLBOOK_4652,4652,fullbook,408996,70511,2025-08-07 23:49:15.937427
FULLBOOK_4653,4653,fullbook,677544,120587,2025-08-07 23:49:16.460454
FULLBOOK_4654,4654,fullbook,625358,110279,2025-08-07 23:49:17.09817
FULLBOOK_4655,4655,fullbook,282573,46584,2025-08-07 23:49:17.67083
FULLBOOK_4656,4656,fullbook,796132,134659,2025-08-07 23:49:18.153702
FULLBOOK_4657,4657,fullbook,472859,81980,2025-08-07 23:49:18.810929
FULLBOOK_4658,4658,fullbook,385126,70714,2025-08-07 23:49:19.335011
FULLBOOK_4659,4659,fullbook,574461,88416,2025-08-07 23:49:19.849511
FULLBOOK_466,466,fullbook,1372544,250845,2025-08-06 12:45:35.882779
FULLBOOK_4660,4660,fullbook,1156863,197262,2025-08-07 23:49:20.443214
FULLBOOK_4661,4661,fullbook,996123,166312,2025-08-07 23:49:21.195545
FULLBOOK_4662,4662,fullbook,997215,177791,2025-08-07 23:49:21.901096
FULLBOOK_4663,4663,fullbook,668138,111579,2025-08-07 23:49:22.607903
FULLBOOK_4664,4664,fullbook,669458,121355,2025-08-07 23:49:23.208028
FULLBOOK_4665,4665,fullbook,982684,156852,2025-08-07 23:49:23.828351
FULLBOOK_4666,4666,fullbook,605561,107546,2025-08-07 23:49:24.54727
FULLBOOK_4667,4667,fullbook,784522,125485,2025-08-07 23:49:25.12352
FULLBOOK_4668,4668,fullbook,621659,102098,2025-08-07 23:49:25.774517
FULLBOOK_4669,4669,fullbook,402960,63805,2025-08-07 23:49:26.347588
FULLBOOK_467,467,fullbook,668506,113201,2025-08-06 12:45:36.75147
FULLBOOK_4670,4670,fullbook,226493,36087,2025-08-07 23:49:26.831326
FULLBOOK_4671,4671,fullbook,443007,69307,2025-08-07 23:49:27.289212
FULLBOOK_4672,4672,fullbook,712101,125186,2025-08-07 23:49:27.816589
FULLBOOK_4673,4673,fullbook,486934,81330,2025-08-07 23:49:28.428929
FULLBOOK_4674,4674,fullbook,827985,130967,2025-08-07 23:49:28.981034
FULLBOOK_4675,4675,fullbook,1038742,171619,2025-08-07 23:49:29.637934
FULLBOOK_4676,4676,fullbook,1425463,214964,2025-08-07 23:49:30.422594
FULLBOOK_4677,4677,fullbook,327543,56966,2025-08-07 23:49:31.24483
FULLBOOK_4678,4678,fullbook,330647,62085,2025-08-07 23:49:31.725305
FULLBOOK_4679,4679,fullbook,601342,102052,2025-08-07 23:49:33.245595
FULLBOOK_468,468,fullbook,1267517,205777,2025-08-06 12:45:37.462927
FULLBOOK_4680,4680,fullbook,939527,166760,2025-08-07 23:49:33.831662
FULLBOOK_4681,4681,fullbook,450970,84212,2025-08-07 23:49:34.51632
FULLBOOK_4682,4682,fullbook,631087,113793,2025-08-07 23:49:48.29157
FULLBOOK_4683,4683,fullbook,673472,123324,2025-08-07 23:49:48.868414
FULLBOOK_4684,4684,fullbook,571260,105979,2025-08-07 23:49:49.466088
FULLBOOK_4685,4685,fullbook,564144,98676,2025-08-07 23:49:50.035926
FULLBOOK_4686,4686,fullbook,551345,99651,2025-08-07 23:49:50.582366
FULLBOOK_4687,4687,fullbook,490247,88574,2025-08-07 23:49:51.144495
FULLBOOK_4688,4688,fullbook,424444,77064,2025-08-07 23:49:51.673136
FULLBOOK_4689,4689,fullbook,446879,79850,2025-08-07 23:49:52.177108
FULLBOOK_469,469,fullbook,3343598,608472,2025-08-06 12:45:38.546937
FULLBOOK_4690,4690,fullbook,593849,106175,2025-08-07 23:49:52.695863
FULLBOOK_4691,4691,fullbook,441804,78446,2025-08-07 23:49:53.56645
FULLBOOK_4692,4692,fullbook,658575,112786,2025-08-07 23:49:54.083085
FULLBOOK_4693,4693,fullbook,607337,119402,2025-08-07 23:49:54.710902
FULLBOOK_4694,4694,fullbook,603268,99634,2025-08-07 23:49:55.290834
FULLBOOK_4695,4695,fullbook,131380,24275,2025-08-07 23:49:55.858622
FULLBOOK_4696,4696,fullbook,758044,127694,2025-08-07 23:49:56.277167
FULLBOOK_4697,4697,fullbook,1412058,244916,2025-08-07 23:49:56.93559
FULLBOOK_4698,4698,fullbook,696966,123699,2025-08-07 23:49:57.741642
FULLBOOK_4699,4699,fullbook,624226,100375,2025-08-07 23:49:58.340103
FULLBOOK_47,47,fullbook,1956487,346846,2025-08-06 12:27:18.628156
FULLBOOK_470,470,fullbook,1671726,267933,2025-08-06 12:45:40.016682
FULLBOOK_4700,4700,fullbook,523466,96101,2025-08-07 23:49:58.92205
FULLBOOK_4701,4701,fullbook,1313604,235173,2025-08-07 23:49:59.528051
FULLBOOK_4702,4702,fullbook,567827,102573,2025-08-07 23:50:00.305197
FULLBOOK_4703,4703,fullbook,443622,78344,2025-08-07 23:50:00.860198
FULLBOOK_4704,4704,fullbook,259039,46197,2025-08-07 23:50:01.390543
FULLBOOK_4705,4705,fullbook,411027,65559,2025-08-07 23:50:01.858593
FULLBOOK_4706,4706,fullbook,562019,100687,2025-08-07 23:50:02.381342
FULLBOOK_4707,4707,fullbook,2379355,383330,2025-08-07 23:50:03.096439
FULLBOOK_4708,4708,fullbook,616053,98229,2025-08-07 23:50:04.203796
FULLBOOK_4709,4709,fullbook,369971,67631,2025-08-07 23:50:04.784069
FULLBOOK_471,471,fullbook,1066224,190981,2025-08-06 12:45:40.985933
FULLBOOK_4710,4710,fullbook,666008,109592,2025-08-07 23:50:05.272702
FULLBOOK_4711,4711,fullbook,299413,47491,2025-08-07 23:50:05.863594
FULLBOOK_4712,4712,fullbook,486617,83277,2025-08-07 23:50:06.335583
FULLBOOK_4713,4713,fullbook,790246,129115,2025-08-07 23:50:06.873175
FULLBOOK_4714,4714,fullbook,757572,116993,2025-08-07 23:50:07.557712
FULLBOOK_4715,4715,fullbook,241406,43702,2025-08-07 23:50:08.176669
FULLBOOK_4716,4716,fullbook,403378,66608,2025-08-07 23:50:08.628809
FULLBOOK_4717,4717,fullbook,535342,97106,2025-08-07 23:50:09.148676
FULLBOOK_4718,4718,fullbook,734598,118422,2025-08-07 23:50:09.693524
FULLBOOK_4719,4719,fullbook,515406,88605,2025-08-07 23:50:10.314799
FULLBOOK_472,472,fullbook,1668834,292378,2025-08-06 12:45:41.833611
FULLBOOK_4720,4720,fullbook,255609,47342,2025-08-07 23:50:13.050969
FULLBOOK_4721,4721,fullbook,946594,174905,2025-08-07 23:50:13.521075
FULLBOOK_4722,4722,fullbook,472050,78572,2025-08-07 23:50:14.1957
FULLBOOK_4723,4723,fullbook,587700,100324,2025-08-07 23:50:14.710983
FULLBOOK_4724,4724,fullbook,746134,122498,2025-08-07 23:50:15.293666
FULLBOOK_4725,4725,fullbook,626775,100611,2025-08-07 23:50:16.339501
FULLBOOK_4726,4726,fullbook,864680,139575,2025-08-07 23:50:16.930976
FULLBOOK_4727,4727,fullbook,529459,90756,2025-08-07 23:50:17.592779
FULLBOOK_4728,4728,fullbook,760067,123300,2025-08-07 23:50:18.139182
FULLBOOK_4729,4729,fullbook,526699,97815,2025-08-07 23:50:18.879458
FULLBOOK_473,473,fullbook,1133079,207876,2025-08-06 12:45:42.817682
FULLBOOK_4730,4730,fullbook,491561,88103,2025-08-07 23:50:19.432148
FULLBOOK_4731,4731,fullbook,1182063,197927,2025-08-07 23:50:19.98855
FULLBOOK_4732,4732,fullbook,380765,65592,2025-08-07 23:50:20.781116
FULLBOOK_4733,4733,fullbook,574585,100152,2025-08-07 23:50:21.274588
FULLBOOK_4734,4734,fullbook,316527,55437,2025-08-07 23:50:22.153975
FULLBOOK_4735,4735,fullbook,299536,55758,2025-08-07 23:50:22.626985
FULLBOOK_4736,4736,fullbook,290589,49568,2025-08-07 23:50:23.109835
FULLBOOK_4737,4737,fullbook,378411,69188,2025-08-07 23:50:23.589078
FULLBOOK_4738,4738,fullbook,1178748,217958,2025-08-07 23:50:24.112267
FULLBOOK_4739,4739,fullbook,318219,51077,2025-08-07 23:50:24.854056
FULLBOOK_474,474,fullbook,793026,144701,2025-08-06 12:45:43.610298
FULLBOOK_4740,4740,fullbook,530860,94228,2025-08-07 23:50:25.331516
FULLBOOK_4741,4741,fullbook,451652,77413,2025-08-07 23:50:25.896931
FULLBOOK_4742,4742,fullbook,540341,88995,2025-08-07 23:50:26.425269
FULLBOOK_4743,4743,fullbook,749152,121909,2025-08-07 23:50:26.966586
FULLBOOK_4744,4744,fullbook,850779,159197,2025-08-07 23:50:27.58653
FULLBOOK_4745,4745,fullbook,447000,68412,2025-08-07 23:50:28.240877
FULLBOOK_4746,4746,fullbook,589627,95596,2025-08-07 23:50:28.760993
FULLBOOK_4747,4747,fullbook,479409,88893,2025-08-07 23:50:29.324913
FULLBOOK_4748,4748,fullbook,414464,75658,2025-08-07 23:50:29.857492
FULLBOOK_4749,4749,fullbook,515209,82767,2025-08-07 23:50:30.372166
FULLBOOK_475,475,fullbook,1436097,259812,2025-08-06 12:45:44.382256
FULLBOOK_4750,4750,fullbook,1036457,176222,2025-08-07 23:50:30.931327
FULLBOOK_4751,4751,fullbook,368376,67076,2025-08-07 23:50:31.669024
FULLBOOK_4752,4752,fullbook,534055,98075,2025-08-07 23:50:32.160389
FULLBOOK_4753,4753,fullbook,733725,122003,2025-08-07 23:50:32.715479
FULLBOOK_4754,4754,fullbook,435810,79201,2025-08-07 23:50:33.330887
FULLBOOK_4755,4755,fullbook,1189572,213753,2025-08-07 23:50:33.875593
FULLBOOK_4756,4756,fullbook,580549,90293,2025-08-07 23:50:34.646551
FULLBOOK_4757,4757,fullbook,408101,65659,2025-08-07 23:50:35.202165
FULLBOOK_4758,4758,fullbook,588302,94436,2025-08-07 23:50:35.688911
FULLBOOK_4759,4759,fullbook,870038,156051,2025-08-07 23:50:36.280823
FULLBOOK_476,476,fullbook,962488,168455,2025-08-06 12:45:45.26205
FULLBOOK_4760,4760,fullbook,348884,64777,2025-08-07 23:50:36.953745
FULLBOOK_4761,4761,fullbook,2683191,447821,2025-08-07 23:50:37.612627
FULLBOOK_4762,4762,fullbook,505822,92948,2025-08-07 23:50:39.235718
FULLBOOK_4763,4763,fullbook,386112,62861,2025-08-07 23:50:39.772268
FULLBOOK_4764,4764,fullbook,426712,73709,2025-08-07 23:50:40.268256
FULLBOOK_4765,4765,fullbook,1218395,191526,2025-08-07 23:50:40.820808
FULLBOOK_4766,4766,fullbook,580125,106093,2025-08-07 23:50:41.584812
FULLBOOK_4767,4767,fullbook,1161003,216504,2025-08-07 23:50:42.173659
FULLBOOK_4768,4768,fullbook,682394,111697,2025-08-07 23:50:42.923681
FULLBOOK_4769,4769,fullbook,389897,68070,2025-08-07 23:50:43.518712
FULLBOOK_477,477,fullbook,923397,174379,2025-08-06 12:45:46.045113
FULLBOOK_4770,4770,fullbook,454421,82067,2025-08-07 23:50:44.018134
FULLBOOK_4771,4771,fullbook,1250898,212358,2025-08-07 23:50:44.581421
FULLBOOK_4772,4772,fullbook,616267,102609,2025-08-07 23:50:45.341897
FULLBOOK_4773,4773,fullbook,1660449,297754,2025-08-07 23:50:46.106347
FULLBOOK_4774,4774,fullbook,912405,151367,2025-08-07 23:50:47.009938
FULLBOOK_4775,4775,fullbook,501623,84964,2025-08-07 23:50:47.698323
FULLBOOK_4776,4776,fullbook,731064,117779,2025-08-07 23:50:48.230824
FULLBOOK_4777,4777,fullbook,475357,90400,2025-08-07 23:50:49.278529
FULLBOOK_4778,4778,fullbook,927903,165570,2025-08-07 23:50:49.826345
FULLBOOK_4779,4779,fullbook,497171,85480,2025-08-07 23:50:50.519982
FULLBOOK_478,478,fullbook,1533118,277022,2025-08-06 12:45:46.84344
FULLBOOK_4780,4780,fullbook,485645,85847,2025-08-07 23:50:51.063255
FULLBOOK_4781,4781,fullbook,871864,143216,2025-08-07 23:50:51.612296
FULLBOOK_4782,4782,fullbook,794979,128837,2025-08-07 23:50:52.338809
FULLBOOK_4783,4783,fullbook,336694,59458,2025-08-07 23:50:52.965838
FULLBOOK_4784,4784,fullbook,604405,93148,2025-08-07 23:50:53.452001
FULLBOOK_4785,4785,fullbook,470016,86145,2025-08-07 23:50:54.032232
FULLBOOK_4786,4786,fullbook,1529121,254817,2025-08-07 23:50:54.613926
FULLBOOK_4787,4787,fullbook,226915,40542,2025-08-07 23:50:55.479587
FULLBOOK_4788,4788,fullbook,563115,101906,2025-08-07 23:50:55.937282
FULLBOOK_4789,4789,fullbook,386736,68540,2025-08-07 23:50:56.527829
FULLBOOK_479,479,fullbook,1289319,233468,2025-08-06 12:45:47.797798
FULLBOOK_4790,4790,fullbook,265010,47660,2025-08-07 23:50:57.029583
FULLBOOK_4791,4791,fullbook,589002,102813,2025-08-07 23:50:57.512249
FULLBOOK_4792,4792,fullbook,263867,45098,2025-08-07 23:50:58.096427
FULLBOOK_4793,4793,fullbook,355866,64572,2025-08-07 23:50:58.569378
FULLBOOK_4794,4794,fullbook,534797,93714,2025-08-07 23:50:59.08419
FULLBOOK_4796,4796,fullbook,783224,127365,2025-08-07 23:51:00.022228
FULLBOOK_4797,4797,fullbook,1046077,172635,2025-08-07 23:51:00.681236
FULLBOOK_4798,4798,fullbook,429676,73312,2025-08-07 23:51:01.402108
FULLBOOK_4799,4799,fullbook,428917,77715,2025-08-07 23:51:01.921953
FULLBOOK_48,48,fullbook,2554615,387399,2025-08-06 12:27:25.734575
FULLBOOK_480,480,fullbook,817246,121063,2025-08-06 12:45:48.997934
FULLBOOK_4800,4800,fullbook,463319,85663,2025-08-07 23:51:02.44604
FULLBOOK_4801,4801,fullbook,695246,113602,2025-08-07 23:51:02.995906
FULLBOOK_4802,4802,fullbook,282466,47968,2025-08-07 23:51:03.619863
FULLBOOK_4804,4804,fullbook,520269,92187,2025-08-07 23:51:04.28816
FULLBOOK_4805,4805,fullbook,379934,65608,2025-08-07 23:51:05.286203
FULLBOOK_4806,4806,fullbook,481905,73169,2025-08-07 23:51:05.786136
FULLBOOK_4807,4807,fullbook,512472,96728,2025-08-07 23:51:06.320297
FULLBOOK_4808,4808,fullbook,434494,79896,2025-08-07 23:51:06.876499
FULLBOOK_4809,4809,fullbook,1181103,211480,2025-08-07 23:51:07.444885
FULLBOOK_481,481,fullbook,1544994,278629,2025-08-06 12:45:50.644845
FULLBOOK_4810,4810,fullbook,743130,115102,2025-08-07 23:51:08.203877
FULLBOOK_4811,4811,fullbook,1522797,216815,2025-08-07 23:51:22.58896
FULLBOOK_4812,4812,fullbook,577787,103565,2025-08-07 23:51:23.448176
FULLBOOK_4813,4813,fullbook,550299,100703,2025-08-07 23:51:24.016599
FULLBOOK_4814,4814,fullbook,1072112,170816,2025-08-07 23:51:24.586272
FULLBOOK_4815,4815,fullbook,262285,46785,2025-08-07 23:51:25.333072
FULLBOOK_4816,4816,fullbook,902864,163358,2025-08-07 23:51:25.812556
FULLBOOK_4817,4817,fullbook,823966,136441,2025-08-07 23:51:26.501412
FULLBOOK_4818,4818,fullbook,539013,95856,2025-08-07 23:51:27.177474
FULLBOOK_4819,4819,fullbook,591984,103519,2025-08-07 23:51:27.725127
FULLBOOK_482,482,fullbook,1472383,231594,2025-08-06 12:45:51.60827
FULLBOOK_4820,4820,fullbook,924963,142364,2025-08-07 23:51:28.308828
FULLBOOK_4821,4821,fullbook,469082,77551,2025-08-07 23:51:28.993999
FULLBOOK_4822,4822,fullbook,684515,107240,2025-08-07 23:51:29.85637
FULLBOOK_4823,4823,fullbook,639395,113469,2025-08-07 23:51:30.459655
FULLBOOK_4824,4824,fullbook,448821,85170,2025-08-07 23:51:31.054373
FULLBOOK_4825,4825,fullbook,602811,111910,2025-08-07 23:51:31.577431
FULLBOOK_4826,4826,fullbook,748927,119192,2025-08-07 23:51:32.16605
FULLBOOK_4827,4827,fullbook,700054,118252,2025-08-07 23:51:32.822111
FULLBOOK_4828,4828,fullbook,858868,139383,2025-08-07 23:51:33.46301
FULLBOOK_4829,4829,fullbook,1175791,210062,2025-08-07 23:51:34.173971
FULLBOOK_483,483,fullbook,1950172,344454,2025-08-06 12:45:52.599833
FULLBOOK_4830,4830,fullbook,838398,133966,2025-08-07 23:51:34.948483
FULLBOOK_4831,4831,fullbook,1315126,214746,2025-08-07 23:51:35.661691
FULLBOOK_4832,4832,fullbook,1036022,168063,2025-08-07 23:51:36.47116
FULLBOOK_4833,4833,fullbook,422862,67240,2025-08-07 23:51:37.188654
FULLBOOK_4834,4834,fullbook,335089,63137,2025-08-07 23:51:37.690644
FULLBOOK_4835,4835,fullbook,1082453,184404,2025-08-07 23:51:38.211672
FULLBOOK_4836,4836,fullbook,1970927,330184,2025-08-07 23:51:39.018991
FULLBOOK_4837,4837,fullbook,382949,66111,2025-08-07 23:51:39.980569
FULLBOOK_4838,4838,fullbook,822474,140567,2025-08-07 23:51:40.481349
FULLBOOK_484,484,fullbook,1679448,287573,2025-08-06 12:45:53.712358
FULLBOOK_4840,4840,fullbook,307391,54935,2025-08-07 23:51:41.296613
FULLBOOK_4841,4841,fullbook,842790,141939,2025-08-07 23:51:41.762584
FULLBOOK_4842,4842,fullbook,2298379,404089,2025-08-07 23:51:42.536559
FULLBOOK_4843,4843,fullbook,1235299,225303,2025-08-07 23:51:43.62264
FULLBOOK_4844,4844,fullbook,380772,61661,2025-08-07 23:51:44.405179
FULLBOOK_4845,4845,fullbook,269469,48641,2025-08-07 23:51:47.530355
FULLBOOK_4846,4846,fullbook,850284,138958,2025-08-07 23:51:49.823172
FULLBOOK_4847,4847,fullbook,378338,62253,2025-08-07 23:51:50.490179
FULLBOOK_4848,4848,fullbook,383742,60414,2025-08-07 23:51:50.999114
FULLBOOK_4849,4849,fullbook,732115,115718,2025-08-07 23:51:51.50644
FULLBOOK_485,485,fullbook,1990303,323316,2025-08-06 12:45:54.777205
FULLBOOK_4850,4850,fullbook,327623,54264,2025-08-07 23:51:52.138355
FULLBOOK_4851,4851,fullbook,827311,132474,2025-08-07 23:51:52.788146
FULLBOOK_4852,4852,fullbook,275509,51141,2025-08-07 23:51:53.421996
FULLBOOK_4853,4853,fullbook,1422556,265845,2025-08-07 23:51:53.933106
FULLBOOK_4854,4854,fullbook,605504,110338,2025-08-07 23:51:54.753791
FULLBOOK_4855,4855,fullbook,2271779,378082,2025-08-07 23:51:55.500698
FULLBOOK_4856,4856,fullbook,954571,154986,2025-08-07 23:51:56.624869
FULLBOOK_4857,4857,fullbook,593130,104434,2025-08-07 23:51:57.31911
FULLBOOK_4858,4858,fullbook,298570,46582,2025-08-07 23:51:57.889713
FULLBOOK_4859,4859,fullbook,835457,146434,2025-08-07 23:51:58.385726
FULLBOOK_486,486,fullbook,1659184,254702,2025-08-06 12:45:55.881411
FULLBOOK_4860,4860,fullbook,948332,156752,2025-08-07 23:51:59.067852
FULLBOOK_4861,4861,fullbook,130577,23245,2025-08-07 23:51:59.750745
FULLBOOK_4862,4862,fullbook,700332,129568,2025-08-07 23:52:00.177689
FULLBOOK_4863,4863,fullbook,688934,109745,2025-08-07 23:52:00.823395
FULLBOOK_4864,4864,fullbook,717469,127113,2025-08-07 23:52:01.472698
FULLBOOK_4865,4865,fullbook,151194,27429,2025-08-07 23:52:02.081043
FULLBOOK_4866,4866,fullbook,456963,80938,2025-08-07 23:52:02.515485
FULLBOOK_4867,4867,fullbook,282657,48312,2025-08-07 23:52:03.372365
FULLBOOK_4868,4868,fullbook,452655,74153,2025-08-07 23:52:03.835844
FULLBOOK_4869,4869,fullbook,790406,144123,2025-08-07 23:52:04.383464
FULLBOOK_487,487,fullbook,1365788,223495,2025-08-06 12:45:56.883604
FULLBOOK_4870,4870,fullbook,538247,100317,2025-08-07 23:52:05.020497
FULLBOOK_4871,4871,fullbook,415937,71345,2025-08-07 23:52:05.573984
FULLBOOK_4872,4872,fullbook,444158,70588,2025-08-07 23:52:06.089463
FULLBOOK_4873,4873,fullbook,382714,64954,2025-08-07 23:52:06.604206
FULLBOOK_4874,4874,fullbook,365769,67492,2025-08-07 23:52:07.100905
FULLBOOK_4875,4875,fullbook,302770,53880,2025-08-07 23:52:07.598371
FULLBOOK_4876,4876,fullbook,517135,91211,2025-08-07 23:52:08.091581
FULLBOOK_4877,4877,fullbook,457070,81618,2025-08-07 23:52:08.636431
FULLBOOK_4878,4878,fullbook,455369,79836,2025-08-07 23:52:09.153627
FULLBOOK_4879,4879,fullbook,1040924,181048,2025-08-07 23:52:09.690742
FULLBOOK_488,488,fullbook,1648072,278547,2025-08-06 12:45:57.814695
FULLBOOK_4880,4880,fullbook,555519,93055,2025-08-07 23:52:10.416363
FULLBOOK_4881,4881,fullbook,1289057,226796,2025-08-07 23:52:11.004021
FULLBOOK_4882,4882,fullbook,593078,105243,2025-08-07 23:52:11.800499
FULLBOOK_4883,4883,fullbook,709259,126491,2025-08-07 23:52:12.370582
FULLBOOK_4884,4884,fullbook,451067,70881,2025-08-07 23:52:12.973848
FULLBOOK_4885,4885,fullbook,985629,182870,2025-08-07 23:52:13.504063
FULLBOOK_4888,4888,fullbook,337055,60903,2025-08-07 23:52:15.728398
FULLBOOK_489,489,fullbook,632536,108449,2025-08-06 12:45:58.746505
FULLBOOK_4890,4890,fullbook,343907,57215,2025-08-07 23:52:16.970473
FULLBOOK_4891,4891,fullbook,383190,63739,2025-08-07 23:52:17.452374
FULLBOOK_4892,4892,fullbook,396152,64174,2025-08-07 23:52:17.953749
FULLBOOK_4894,4894,fullbook,227836,40059,2025-08-07 23:52:18.839999
FULLBOOK_4895,4895,fullbook,160007,24445,2025-08-07 23:52:19.28782
FULLBOOK_4896,4896,fullbook,190145,31002,2025-08-07 23:52:19.699743
FULLBOOK_4897,4897,fullbook,463974,74534,2025-08-07 23:52:20.140421
FULLBOOK_4898,4898,fullbook,600599,101921,2025-08-07 23:52:20.67998
FULLBOOK_4899,4899,fullbook,501348,78376,2025-08-07 23:52:21.24834
FULLBOOK_49,49,fullbook,1955768,304911,2025-08-06 12:27:27.900531
FULLBOOK_490,490,fullbook,1164236,203500,2025-08-06 12:45:59.427566
FULLBOOK_4900,4900,fullbook,358701,66483,2025-08-07 23:52:21.802517
FULLBOOK_4901,4901,fullbook,448148,80003,2025-08-07 23:52:22.305073
FULLBOOK_4905,4905,fullbook,156769,24130,2025-08-07 23:52:23.705654
FULLBOOK_4907,4907,fullbook,231924,39344,2025-08-07 23:52:24.613971
FULLBOOK_4909,4909,fullbook,384932,72425,2025-08-07 23:52:25.581056
FULLBOOK_491,491,fullbook,1286841,224969,2025-08-06 12:46:00.279505
FULLBOOK_4910,4910,fullbook,434344,73620,2025-08-07 23:52:26.076289
FULLBOOK_4911,4911,fullbook,284390,51872,2025-08-07 23:52:26.611005
FULLBOOK_4912,4912,fullbook,67306,12243,2025-08-07 23:52:27.516449
FULLBOOK_4913,4913,fullbook,255971,45117,2025-08-07 23:52:27.917021
FULLBOOK_4914,4914,fullbook,325748,52922,2025-08-07 23:52:28.367642
FULLBOOK_4915,4915,fullbook,343465,62078,2025-08-07 23:52:28.842886
FULLBOOK_4916,4916,fullbook,386345,66572,2025-08-07 23:52:29.334352
FULLBOOK_4917,4917,fullbook,456246,85416,2025-08-07 23:52:29.828165
FULLBOOK_4918,4918,fullbook,509038,89828,2025-08-07 23:52:30.369411
FULLBOOK_4919,4919,fullbook,312375,59436,2025-08-07 23:52:30.908366
FULLBOOK_492,492,fullbook,1024672,181984,2025-08-06 12:46:01.132245
FULLBOOK_4921,4921,fullbook,192361,36302,2025-08-07 23:52:31.917298
FULLBOOK_4922,4922,fullbook,445499,75808,2025-08-07 23:52:32.354352
FULLBOOK_4923,4923,fullbook,450419,79562,2025-08-07 23:52:32.870875
FULLBOOK_4924,4924,fullbook,455454,83381,2025-08-07 23:52:33.410207
FULLBOOK_4925,4925,fullbook,387957,68873,2025-08-07 23:52:33.950081
FULLBOOK_4926,4926,fullbook,354542,56828,2025-08-07 23:52:34.448922
FULLBOOK_4927,4927,fullbook,307794,47944,2025-08-07 23:52:34.943302
FULLBOOK_4928,4928,fullbook,552322,84284,2025-08-07 23:52:35.427827
FULLBOOK_4929,4929,fullbook,593948,97299,2025-08-07 23:52:35.990661
FULLBOOK_493,493,fullbook,1448739,253067,2025-08-06 12:46:01.964338
FULLBOOK_4930,4930,fullbook,315672,58263,2025-08-07 23:52:36.545813
FULLBOOK_4931,4931,fullbook,610173,96316,2025-08-07 23:52:37.017072
FULLBOOK_4932,4932,fullbook,353779,62447,2025-08-07 23:52:37.568892
FULLBOOK_4933,4933,fullbook,562471,90249,2025-08-07 23:52:38.047126
FULLBOOK_4935,4935,fullbook,531869,82717,2025-08-07 23:52:39.207142
FULLBOOK_4937,4937,fullbook,302525,51039,2025-08-07 23:52:40.320759
FULLBOOK_4938,4938,fullbook,524199,92311,2025-08-07 23:52:40.791072
FULLBOOK_4939,4939,fullbook,425947,78266,2025-08-07 23:52:44.20318
FULLBOOK_494,494,fullbook,1218703,228851,2025-08-06 12:46:02.89355
FULLBOOK_4940,4940,fullbook,568616,86103,2025-08-07 23:52:57.272687
FULLBOOK_4941,4941,fullbook,579492,91049,2025-08-07 23:52:57.84591
FULLBOOK_4942,4942,fullbook,121004,20275,2025-08-07 23:52:58.386575
FULLBOOK_4943,4943,fullbook,121004,20275,2025-08-07 23:52:58.828516
FULLBOOK_4944,4944,fullbook,440700,76975,2025-08-07 23:52:59.240198
FULLBOOK_4945,4945,fullbook,814817,140793,2025-08-07 23:52:59.758623
FULLBOOK_4946,4946,fullbook,483125,78859,2025-08-07 23:53:00.429866
FULLBOOK_4948,4948,fullbook,274948,48840,2025-08-07 23:53:01.415662
FULLBOOK_4949,4949,fullbook,577124,96178,2025-08-07 23:53:01.858665
FULLBOOK_495,495,fullbook,1222579,206367,2025-08-06 12:46:03.762761
FULLBOOK_4950,4950,fullbook,590786,92909,2025-08-07 23:53:02.454933
FULLBOOK_4951,4951,fullbook,677762,106964,2025-08-07 23:53:03.160396
FULLBOOK_4952,4952,fullbook,809424,147162,2025-08-07 23:53:04.337381
FULLBOOK_4953,4953,fullbook,497175,79643,2025-08-07 23:53:04.979492
FULLBOOK_4954,4954,fullbook,759181,141721,2025-08-07 23:53:05.521781
FULLBOOK_4955,4955,fullbook,359173,67809,2025-08-07 23:53:06.141146
FULLBOOK_4957,4957,fullbook,578251,106896,2025-08-07 23:53:07.466637
FULLBOOK_4958,4958,fullbook,587316,106030,2025-08-07 23:53:08.06149
FULLBOOK_4959,4959,fullbook,1056183,176645,2025-08-07 23:53:08.650363
FULLBOOK_496,496,fullbook,3653995,635430,2025-08-06 12:46:04.810119
FULLBOOK_4960,4960,fullbook,320654,49825,2025-08-07 23:53:09.352357
FULLBOOK_4961,4961,fullbook,626419,102359,2025-08-07 23:53:09.816995
FULLBOOK_4962,4962,fullbook,374710,63221,2025-08-07 23:53:10.414609
FULLBOOK_4963,4963,fullbook,555450,97855,2025-08-07 23:53:10.938296
FULLBOOK_4964,4964,fullbook,647930,101759,2025-08-07 23:53:11.524161
FULLBOOK_4965,4965,fullbook,662079,125212,2025-08-07 23:53:12.135557
FULLBOOK_4966,4966,fullbook,293684,49380,2025-08-07 23:53:12.753811
FULLBOOK_4967,4967,fullbook,425161,76205,2025-08-07 23:53:13.238696
FULLBOOK_4968,4968,fullbook,865098,143559,2025-08-07 23:53:13.804864
FULLBOOK_4969,4969,fullbook,984146,171001,2025-08-07 23:53:14.486721
FULLBOOK_497,497,fullbook,1632625,276258,2025-08-06 12:46:06.394943
FULLBOOK_4970,4970,fullbook,504707,94269,2025-08-07 23:53:15.184199
FULLBOOK_4971,4971,fullbook,525307,98304,2025-08-07 23:53:15.902524
FULLBOOK_4972,4972,fullbook,160472,29137,2025-08-07 23:53:16.483298
FULLBOOK_4973,4973,fullbook,228550,38252,2025-08-07 23:53:16.895493
FULLBOOK_4974,4974,fullbook,376846,65883,2025-08-07 23:53:17.333691
FULLBOOK_4975,4975,fullbook,412950,63647,2025-08-07 23:53:17.820474
FULLBOOK_4976,4976,fullbook,325329,52260,2025-08-07 23:53:18.322416
FULLBOOK_4977,4977,fullbook,958429,177991,2025-08-07 23:53:18.831579
FULLBOOK_4978,4978,fullbook,753583,118597,2025-08-07 23:53:19.535832
FULLBOOK_4979,4979,fullbook,105381,18671,2025-08-07 23:53:20.178181
FULLBOOK_498,498,fullbook,647912,115220,2025-08-06 12:46:08.178041
FULLBOOK_4980,4980,fullbook,397877,67527,2025-08-07 23:53:20.589879
FULLBOOK_4981,4981,fullbook,929939,160017,2025-08-07 23:53:21.129191
FULLBOOK_4982,4982,fullbook,739155,131325,2025-08-07 23:53:21.80396
FULLBOOK_4983,4983,fullbook,351843,62690,2025-08-07 23:53:22.476331
FULLBOOK_4984,4984,fullbook,333409,60242,2025-08-07 23:53:23.004285
FULLBOOK_4985,4985,fullbook,551131,88934,2025-08-07 23:53:26.956487
FULLBOOK_4986,4986,fullbook,793142,141564,2025-08-07 23:53:27.625358
FULLBOOK_4987,4987,fullbook,290909,49227,2025-08-07 23:53:28.254488
FULLBOOK_4988,4988,fullbook,934527,156574,2025-08-07 23:53:28.73778
FULLBOOK_4989,4989,fullbook,566423,105553,2025-08-07 23:53:29.401854
FULLBOOK_499,499,fullbook,826060,132217,2025-08-06 12:46:08.842127
FULLBOOK_4990,4990,fullbook,1129254,203499,2025-08-07 23:53:30.002148
FULLBOOK_4991,4991,fullbook,451378,73602,2025-08-07 23:53:30.736008
FULLBOOK_4992,4992,fullbook,193653,35937,2025-08-07 23:53:31.244629
FULLBOOK_4993,4993,fullbook,483700,75682,2025-08-07 23:53:31.683796
FULLBOOK_4994,4994,fullbook,1245180,213817,2025-08-07 23:53:32.264024
FULLBOOK_4995,4995,fullbook,908113,148674,2025-08-07 23:53:33.054143
FULLBOOK_4996,4996,fullbook,426656,78002,2025-08-07 23:53:33.719466
FULLBOOK_4997,4997,fullbook,1183599,191799,2025-08-07 23:53:34.283868
FULLBOOK_4998,4998,fullbook,521940,79059,2025-08-07 23:53:35.073242
FULLBOOK_4999,4999,fullbook,471958,81684,2025-08-07 23:53:35.621951
FULLBOOK_5,5,fullbook,111152,18662,2025-08-06 03:45:54.722582
FULLBOOK_50,50,fullbook,2664944,416207,2025-08-06 12:27:29.950918
FULLBOOK_500,500,fullbook,1218131,206268,2025-08-06 12:46:09.595224
FULLBOOK_5000,5000,fullbook,648440,103053,2025-08-07 23:53:36.160403
FULLBOOK_5001,5001,fullbook,564760,95559,2025-08-07 23:53:36.776021
FULLBOOK_5002,5002,fullbook,736233,129869,2025-08-07 23:53:37.384723
FULLBOOK_5003,5003,fullbook,686735,104285,2025-08-07 23:53:38.026763
FULLBOOK_5004,5004,fullbook,253348,40417,2025-08-07 23:53:38.950869
FULLBOOK_5005,5005,fullbook,960087,174892,2025-08-07 23:53:39.444611
FULLBOOK_5006,5006,fullbook,663662,113058,2025-08-07 23:53:40.12716
FULLBOOK_5007,5007,fullbook,909298,145943,2025-08-07 23:53:40.736281
FULLBOOK_5008,5008,fullbook,593178,94146,2025-08-07 23:53:41.414212
FULLBOOK_5009,5009,fullbook,738347,130232,2025-08-07 23:53:42.021021
FULLBOOK_501,501,fullbook,1416257,246470,2025-08-06 12:46:10.46581
FULLBOOK_5010,5010,fullbook,677261,119984,2025-08-07 23:53:42.699282
FULLBOOK_502,502,fullbook,1329599,222996,2025-08-06 12:46:11.395426
FULLBOOK_503,503,fullbook,1888682,282397,2025-08-06 12:46:12.343072
FULLBOOK_504,504,fullbook,1818286,288428,2025-08-06 12:46:13.413944
FULLBOOK_505,505,fullbook,1253081,224982,2025-08-06 12:46:14.430647
FULLBOOK_506,506,fullbook,1306391,226331,2025-08-06 12:46:24.776988
FULLBOOK_507,507,fullbook,1476952,261275,2025-08-06 12:46:25.744936
FULLBOOK_509,509,fullbook,1403135,253906,2025-08-06 12:46:26.744507
FULLBOOK_51,51,fullbook,1586679,275174,2025-08-06 12:27:32.101145
FULLBOOK_510,510,fullbook,1520699,230519,2025-08-06 12:46:27.679677
FULLBOOK_511,511,fullbook,711906,125812,2025-08-06 12:46:28.579356
FULLBOOK_512,512,fullbook,1415461,265694,2025-08-06 12:46:29.314056
FULLBOOK_513,513,fullbook,1108733,207959,2025-08-06 12:46:30.227355
FULLBOOK_514,514,fullbook,2562996,401362,2025-08-06 12:46:31.293984
FULLBOOK_515,515,fullbook,1178974,211770,2025-08-06 12:46:32.545406
FULLBOOK_516,516,fullbook,1834999,290237,2025-08-06 12:46:34.160303
FULLBOOK_517,517,fullbook,1386715,217089,2025-08-06 12:46:35.195515
FULLBOOK_518,518,fullbook,2684367,436178,2025-08-06 12:46:36.261248
FULLBOOK_519,519,fullbook,1805723,303503,2025-08-06 12:46:37.561045
FULLBOOK_52,52,fullbook,744312,115444,2025-08-06 12:27:33.901341
FULLBOOK_520,520,fullbook,1993090,350839,2025-08-06 12:46:38.644974
FULLBOOK_521,521,fullbook,3014082,470947,2025-08-06 12:46:39.883698
FULLBOOK_522,522,fullbook,974524,168173,2025-08-06 12:46:41.194082
FULLBOOK_523,523,fullbook,1926155,344953,2025-08-06 12:46:42.048244
FULLBOOK_524,524,fullbook,1659430,263613,2025-08-06 12:46:45.163914
FULLBOOK_525,525,fullbook,1258826,205052,2025-08-06 12:46:46.177776
FULLBOOK_526,526,fullbook,1636829,288033,2025-08-06 12:46:47.082044
FULLBOOK_527,527,fullbook,1911940,323599,2025-08-06 12:46:48.115237
FULLBOOK_528,528,fullbook,1392761,255146,2025-08-06 12:46:49.183149
FULLBOOK_529,529,fullbook,1596490,243155,2025-08-06 12:46:50.127498
FULLBOOK_53,53,fullbook,2142977,357380,2025-08-06 12:27:35.600196
FULLBOOK_530,530,fullbook,1126687,198325,2025-08-06 12:46:51.0607
FULLBOOK_531,531,fullbook,1408630,232562,2025-08-06 12:46:51.897536
FULLBOOK_532,532,fullbook,1512997,287450,2025-08-06 12:46:52.81434
FULLBOOK_533,533,fullbook,1965952,314460,2025-08-06 12:46:53.843812
FULLBOOK_534,534,fullbook,1061126,201886,2025-08-06 12:46:54.899682
FULLBOOK_535,535,fullbook,2021527,334427,2025-08-06 12:46:56.493041
FULLBOOK_536,536,fullbook,7072009,1270847,2025-08-06 12:46:58.065564
FULLBOOK_537,537,fullbook,1016614,172650,2025-08-06 12:47:00.496899
FULLBOOK_538,538,fullbook,862126,153141,2025-08-06 12:47:01.264959
FULLBOOK_539,539,fullbook,1754141,292308,2025-08-06 12:47:02.077303
FULLBOOK_54,54,fullbook,1590573,298024,2025-08-06 12:27:37.600007
FULLBOOK_540,540,fullbook,505176,94905,2025-08-06 12:47:02.993746
FULLBOOK_541,541,fullbook,786183,133657,2025-08-06 12:47:03.613817
FULLBOOK_542,542,fullbook,1329427,212916,2025-08-06 12:47:04.36251
FULLBOOK_543,543,fullbook,1386175,251306,2025-08-06 12:47:05.247074
FULLBOOK_544,544,fullbook,804448,124887,2025-08-06 12:47:06.128187
FULLBOOK_545,545,fullbook,1171267,201947,2025-08-06 12:47:06.86118
FULLBOOK_546,546,fullbook,4495005,728793,2025-08-06 12:47:07.967979
FULLBOOK_547,547,fullbook,3829154,609962,2025-08-06 12:47:09.968448
FULLBOOK_548,548,fullbook,755414,124934,2025-08-06 12:47:11.479291
FULLBOOK_549,549,fullbook,1253237,227941,2025-08-06 12:47:12.212763
FULLBOOK_55,55,fullbook,1988304,364548,2025-08-06 12:27:39.521374
FULLBOOK_550,550,fullbook,600023,105947,2025-08-06 12:47:13.028296
FULLBOOK_551,551,fullbook,1182103,214584,2025-08-06 12:47:13.742948
FULLBOOK_552,552,fullbook,1174881,206122,2025-08-06 12:47:14.611797
FULLBOOK_553,553,fullbook,2249079,365210,2025-08-06 12:47:15.559895
FULLBOOK_554,554,fullbook,700424,109215,2025-08-06 12:47:17.375594
FULLBOOK_555,555,fullbook,1866725,342956,2025-08-06 12:47:18.132211
FULLBOOK_556,556,fullbook,1485727,245435,2025-08-06 12:47:19.198659
FULLBOOK_557,557,fullbook,853072,156243,2025-08-06 12:47:20.111932
FULLBOOK_558,558,fullbook,1024834,186088,2025-08-06 12:47:20.846222
FULLBOOK_559,559,fullbook,1223743,209548,2025-08-06 12:47:21.629554
FULLBOOK_56,56,fullbook,892357,169572,2025-08-06 12:27:41.470582
FULLBOOK_560,560,fullbook,2086982,326364,2025-08-06 12:47:22.560173
FULLBOOK_561,561,fullbook,6046156,1122400,2025-08-06 12:47:24.082898
FULLBOOK_562,562,fullbook,817535,148717,2025-08-06 12:47:26.214867
FULLBOOK_563,563,fullbook,1383950,247948,2025-08-06 12:47:26.979552
FULLBOOK_564,564,fullbook,1125379,204627,2025-08-06 12:47:27.86256
FULLBOOK_565,565,fullbook,1282016,241312,2025-08-06 12:47:28.712086
FULLBOOK_566,566,fullbook,1490346,263748,2025-08-06 12:47:29.613614
FULLBOOK_567,567,fullbook,1235100,230157,2025-08-06 12:47:30.567261
FULLBOOK_568,568,fullbook,1400371,252469,2025-08-06 12:47:31.560693
FULLBOOK_569,569,fullbook,893452,162958,2025-08-06 12:47:32.976974
FULLBOOK_57,57,fullbook,1519019,277892,2025-08-06 12:27:43.189218
FULLBOOK_570,570,fullbook,1590020,252435,2025-08-06 12:47:33.788999
FULLBOOK_571,571,fullbook,1497522,252217,2025-08-06 12:47:34.760507
FULLBOOK_572,572,fullbook,1123493,212079,2025-08-06 12:47:35.69303
FULLBOOK_573,573,fullbook,1514886,254936,2025-08-06 12:47:37.160039
FULLBOOK_574,574,fullbook,1862289,305821,2025-08-06 12:47:38.160791
FULLBOOK_575,575,fullbook,1767334,279241,2025-08-06 12:47:39.292978
FULLBOOK_576,576,fullbook,1643003,275752,2025-08-06 12:47:40.412301
FULLBOOK_577,577,fullbook,1792669,331184,2025-08-06 12:47:41.460183
FULLBOOK_578,578,fullbook,533753,96376,2025-08-06 12:47:42.45312
FULLBOOK_579,579,fullbook,1201363,206232,2025-08-06 12:47:43.142408
FULLBOOK_58,58,fullbook,1277510,206556,2025-08-06 12:27:50.067699
FULLBOOK_580,580,fullbook,1445417,260923,2025-08-06 12:47:44.013357
FULLBOOK_581,581,fullbook,2190012,370764,2025-08-06 12:47:45.014817
FULLBOOK_582,582,fullbook,1035597,180171,2025-08-06 12:47:46.39373
FULLBOOK_583,583,fullbook,721393,134404,2025-08-06 12:47:47.165199
FULLBOOK_584,584,fullbook,1530149,247916,2025-08-06 12:47:47.898381
FULLBOOK_585,585,fullbook,1492636,235608,2025-08-06 12:47:48.863954
FULLBOOK_586,586,fullbook,1214498,207021,2025-08-06 12:47:49.827929
FULLBOOK_587,587,fullbook,611389,108037,2025-08-06 12:47:50.646348
FULLBOOK_588,588,fullbook,1642425,289053,2025-08-06 12:47:51.378153
FULLBOOK_589,589,fullbook,1792079,331157,2025-08-06 12:47:52.409742
FULLBOOK_59,59,fullbook,874251,155022,2025-08-06 12:27:51.799399
FULLBOOK_590,590,fullbook,1893452,316047,2025-08-06 12:47:53.494073
FULLBOOK_591,591,fullbook,1088809,202101,2025-08-06 12:47:54.527561
FULLBOOK_592,592,fullbook,1189946,215803,2025-08-06 12:47:55.347911
FULLBOOK_593,593,fullbook,1606677,252420,2025-08-06 12:47:56.860396
FULLBOOK_594,594,fullbook,2041642,268912,2025-08-06 12:47:57.91317
FULLBOOK_595,595,fullbook,996677,190579,2025-08-06 12:47:58.979457
FULLBOOK_596,596,fullbook,1416098,263316,2025-08-06 12:47:59.811428
FULLBOOK_597,597,fullbook,3367568,562853,2025-08-06 12:48:00.913393
FULLBOOK_598,598,fullbook,856156,160014,2025-08-06 12:48:02.34879
FULLBOOK_599,599,fullbook,1680371,285384,2025-08-06 12:48:03.144783
FULLBOOK_6,6,fullbook,1369280,223426,2025-08-06 03:45:55.263576
FULLBOOK_60,60,fullbook,2726577,488130,2025-08-06 12:27:53.555333
FULLBOOK_600,600,fullbook,1522634,253310,2025-08-06 12:48:04.160424
FULLBOOK_601,601,fullbook,942076,176250,2025-08-06 12:48:05.077099
FULLBOOK_602,602,fullbook,2226944,341792,2025-08-06 12:48:05.927431
FULLBOOK_603,603,fullbook,1779978,307053,2025-08-06 12:48:07.126789
FULLBOOK_604,604,fullbook,1571752,280112,2025-08-06 12:48:08.193442
FULLBOOK_605,605,fullbook,1596823,244701,2025-08-06 12:48:09.181569
FULLBOOK_606,606,fullbook,3113853,485427,2025-08-06 12:48:10.297641
FULLBOOK_607,607,fullbook,1583748,261088,2025-08-06 12:48:11.710713
FULLBOOK_608,608,fullbook,1756842,284584,2025-08-06 12:48:12.727643
FULLBOOK_609,609,fullbook,2050263,332126,2025-08-06 12:48:13.81117
FULLBOOK_61,61,fullbook,1472293,235959,2025-08-06 12:27:55.722034
FULLBOOK_610,610,fullbook,5444444,908666,2025-08-06 12:48:15.268155
FULLBOOK_611,611,fullbook,1403337,251065,2025-08-06 12:48:17.691068
FULLBOOK_612,612,fullbook,1470210,266813,2025-08-06 12:48:18.646564
FULLBOOK_613,613,fullbook,1851868,339810,2025-08-06 12:48:20.242982
FULLBOOK_614,614,fullbook,1872226,311591,2025-08-06 12:48:21.330087
FULLBOOK_615,615,fullbook,2864698,446298,2025-08-06 12:48:22.547019
FULLBOOK_616,616,fullbook,1967302,326931,2025-08-06 12:48:23.914469
FULLBOOK_617,617,fullbook,3695527,610911,2025-08-06 12:48:25.116185
FULLBOOK_618,618,fullbook,1892899,297108,2025-08-06 12:48:26.649459
FULLBOOK_619,619,fullbook,1407152,240819,2025-08-06 12:48:27.707267
FULLBOOK_62,62,fullbook,957638,170751,2025-08-06 12:27:57.532206
FULLBOOK_620,620,fullbook,1405159,258694,2025-08-06 12:48:28.626644
FULLBOOK_621,621,fullbook,1627811,310195,2025-08-06 12:48:29.577225
FULLBOOK_622,622,fullbook,1142962,221123,2025-08-06 12:48:30.532501
FULLBOOK_623,623,fullbook,2063579,324319,2025-08-06 12:48:31.424811
FULLBOOK_624,624,fullbook,1777383,275147,2025-08-06 12:48:32.678353
FULLBOOK_625,625,fullbook,1302406,205395,2025-08-06 12:48:33.714636
FULLBOOK_626,626,fullbook,713049,122037,2025-08-06 12:48:34.56044
FULLBOOK_627,627,fullbook,2267199,390229,2025-08-06 12:48:35.378884
FULLBOOK_628,628,fullbook,12237312,2262262,2025-08-06 12:48:37.414944
FULLBOOK_629,629,fullbook,1566389,255005,2025-08-06 12:48:41.377259
FULLBOOK_63,63,fullbook,1060812,184746,2025-08-06 12:27:59.233796
FULLBOOK_630,630,fullbook,1989057,359243,2025-08-06 12:48:42.415745
FULLBOOK_631,631,fullbook,527333,98738,2025-08-06 12:48:43.451188
FULLBOOK_632,632,fullbook,1098889,200793,2025-08-06 12:48:44.110946
FULLBOOK_633,633,fullbook,6491880,1170027,2025-08-06 12:48:46.163857
FULLBOOK_634,634,fullbook,1565862,250850,2025-08-06 12:48:48.479828
FULLBOOK_635,635,fullbook,906679,142766,2025-08-06 12:48:49.413554
FULLBOOK_636,636,fullbook,1594387,281810,2025-08-06 12:48:58.891972
FULLBOOK_637,637,fullbook,1892765,343574,2025-08-06 12:48:59.912902
FULLBOOK_638,638,fullbook,1381698,261939,2025-08-06 12:49:00.979011
FULLBOOK_639,639,fullbook,1300104,213764,2025-08-06 12:49:01.879628
FULLBOOK_64,64,fullbook,532437,84882,2025-08-06 12:28:00.888954
FULLBOOK_640,640,fullbook,1225339,216115,2025-08-06 12:49:02.76413
FULLBOOK_641,641,fullbook,963300,168149,2025-08-06 12:49:03.607931
FULLBOOK_642,642,fullbook,1711594,289785,2025-08-06 12:49:04.445124
FULLBOOK_643,643,fullbook,8155709,1327929,2025-08-06 12:49:06.027271
FULLBOOK_644,644,fullbook,1703803,292494,2025-08-06 12:49:08.861511
FULLBOOK_645,645,fullbook,1500491,274731,2025-08-06 12:49:09.875954
FULLBOOK_646,646,fullbook,1146851,184377,2025-08-06 12:49:10.830575
FULLBOOK_647,647,fullbook,121106,21456,2025-08-06 12:49:11.596999
FULLBOOK_648,648,fullbook,2603738,441423,2025-08-06 12:49:12.293955
FULLBOOK_649,649,fullbook,1369174,246975,2025-08-06 12:49:13.544443
FULLBOOK_65,65,fullbook,2671605,446504,2025-08-06 12:28:02.601567
FULLBOOK_650,650,fullbook,1328323,222210,2025-08-06 12:49:14.462609
FULLBOOK_651,651,fullbook,2441309,404830,2025-08-06 12:49:15.477569
FULLBOOK_652,652,fullbook,1683105,303980,2025-08-06 12:49:16.728723
FULLBOOK_653,653,fullbook,949371,145844,2025-08-06 12:49:18.293827
FULLBOOK_654,654,fullbook,1437281,236807,2025-08-06 12:49:20.559764
FULLBOOK_655,655,fullbook,1961411,337461,2025-08-06 12:49:21.494824
FULLBOOK_656,656,fullbook,919712,155884,2025-08-06 12:49:22.60993
FULLBOOK_657,657,fullbook,1451122,268208,2025-08-06 12:49:23.41441
FULLBOOK_658,658,fullbook,1403252,255488,2025-08-06 12:49:24.379788
FULLBOOK_659,659,fullbook,1358710,245563,2025-08-06 12:49:25.314966
FULLBOOK_66,66,fullbook,1394395,248533,2025-08-06 12:28:04.784194
FULLBOOK_660,660,fullbook,1479133,262164,2025-08-06 12:49:26.261414
FULLBOOK_661,661,fullbook,678861,114432,2025-08-06 12:49:27.162363
FULLBOOK_662,662,fullbook,1727855,297611,2025-08-06 12:49:27.912458
FULLBOOK_663,663,fullbook,1460840,257745,2025-08-06 12:49:28.944044
FULLBOOK_664,664,fullbook,935516,166823,2025-08-06 12:49:29.893308
FULLBOOK_665,665,fullbook,2149397,393824,2025-08-06 12:49:30.761877
FULLBOOK_666,666,fullbook,542141,97862,2025-08-06 12:49:31.811709
FULLBOOK_667,667,fullbook,666112,104169,2025-08-06 12:49:32.430161
FULLBOOK_668,668,fullbook,5285296,857820,2025-08-06 12:49:33.626233
FULLBOOK_669,669,fullbook,1439044,265028,2025-08-06 12:49:35.611516
FULLBOOK_67,67,fullbook,3056290,540067,2025-08-06 12:28:06.766757
FULLBOOK_670,670,fullbook,4935124,895899,2025-08-06 12:49:36.84521
FULLBOOK_671,671,fullbook,680726,108803,2025-08-06 12:49:38.678323
FULLBOOK_672,672,fullbook,2491560,411461,2025-08-06 12:49:39.643402
FULLBOOK_673,673,fullbook,1539492,264311,2025-08-06 12:49:41.50808
FULLBOOK_674,674,fullbook,2199851,401824,2025-08-06 12:49:42.541529
FULLBOOK_675,675,fullbook,827481,137321,2025-08-06 12:49:43.613574
FULLBOOK_676,676,fullbook,1199550,216766,2025-08-06 12:49:44.376219
FULLBOOK_677,677,fullbook,1628917,308651,2025-08-06 12:49:45.293117
FULLBOOK_678,678,fullbook,1690614,270001,2025-08-06 12:49:46.312568
FULLBOOK_679,679,fullbook,2065328,367662,2025-08-06 12:49:47.376839
FULLBOOK_68,68,fullbook,2917271,535466,2025-08-06 12:28:14.21763
FULLBOOK_680,680,fullbook,1462351,257849,2025-08-06 12:49:48.508876
FULLBOOK_681,681,fullbook,1734695,308599,2025-08-06 12:49:49.560067
FULLBOOK_682,682,fullbook,1569562,267798,2025-08-06 12:49:50.659365
FULLBOOK_683,683,fullbook,1149783,203048,2025-08-06 12:49:51.640233
FULLBOOK_684,684,fullbook,1699993,281433,2025-08-06 12:49:52.515318
FULLBOOK_685,685,fullbook,5891004,991531,2025-08-06 12:49:53.929176
FULLBOOK_686,686,fullbook,1496149,274673,2025-08-06 12:49:56.06046
FULLBOOK_687,687,fullbook,910578,144507,2025-08-06 12:49:56.977737
FULLBOOK_688,688,fullbook,1352466,245011,2025-08-06 12:49:57.778484
FULLBOOK_689,689,fullbook,940015,177609,2025-08-06 12:49:58.658431
FULLBOOK_69,69,fullbook,1471858,268940,2025-08-06 12:28:16.468168
FULLBOOK_690,690,fullbook,1167826,217699,2025-08-06 12:49:59.462008
FULLBOOK_691,691,fullbook,6901245,1163015,2025-08-06 12:50:00.79444
FULLBOOK_692,692,fullbook,1468273,274068,2025-08-06 12:50:03.194905
FULLBOOK_693,693,fullbook,1192070,199773,2025-08-06 12:50:04.743046
FULLBOOK_694,694,fullbook,1142901,199910,2025-08-06 12:50:05.576911
FULLBOOK_695,695,fullbook,1765593,317032,2025-08-06 12:50:06.428232
FULLBOOK_696,696,fullbook,2740131,438025,2025-08-06 12:50:07.558104
FULLBOOK_697,697,fullbook,1088954,200324,2025-08-06 12:50:10.541744
FULLBOOK_698,698,fullbook,2124581,388430,2025-08-06 12:50:11.391259
FULLBOOK_699,699,fullbook,791059,140004,2025-08-06 12:50:12.441255
FULLBOOK_7,7,fullbook,6764474,1176936,2025-08-06 03:45:56.527192
FULLBOOK_70,70,fullbook,1693530,298218,2025-08-06 12:28:18.337739
FULLBOOK_700,700,fullbook,1220878,207228,2025-08-06 12:50:13.160644
FULLBOOK_701,701,fullbook,1462425,274257,2025-08-06 12:50:14.046108
FULLBOOK_702,702,fullbook,1206453,174541,2025-08-06 12:50:14.958938
FULLBOOK_703,703,fullbook,1141968,203456,2025-08-06 12:50:15.808976
FULLBOOK_704,704,fullbook,1506006,242562,2025-08-06 12:50:16.693085
FULLBOOK_705,705,fullbook,2916005,530593,2025-08-06 12:50:17.761624
FULLBOOK_706,706,fullbook,1673760,275226,2025-08-06 12:50:19.108285
FULLBOOK_707,707,fullbook,1522320,247427,2025-08-06 12:50:20.126765
FULLBOOK_708,708,fullbook,1689182,304109,2025-08-06 12:50:21.094104
FULLBOOK_709,709,fullbook,1248628,237011,2025-08-06 12:50:22.076104
FULLBOOK_71,71,fullbook,2520547,440789,2025-08-06 12:28:20.367307
FULLBOOK_710,710,fullbook,1516542,246799,2025-08-06 12:50:22.945435
FULLBOOK_711,711,fullbook,739843,136715,2025-08-06 12:50:23.811477
FULLBOOK_712,712,fullbook,1898435,328974,2025-08-06 12:50:24.577846
FULLBOOK_713,713,fullbook,1384598,206189,2025-08-06 12:50:26.190556
FULLBOOK_714,714,fullbook,1628400,302294,2025-08-06 12:50:27.093863
FULLBOOK_715,715,fullbook,867366,138784,2025-08-06 12:50:27.995192
FULLBOOK_716,716,fullbook,1412690,271822,2025-08-06 12:50:28.759513
FULLBOOK_717,717,fullbook,2159432,372234,2025-08-06 12:50:29.727537
FULLBOOK_718,718,fullbook,1778370,317903,2025-08-06 12:50:30.860941
FULLBOOK_719,719,fullbook,922867,171464,2025-08-06 12:50:31.813517
FULLBOOK_72,72,fullbook,2199675,348471,2025-08-06 12:28:24.184905
FULLBOOK_721,721,fullbook,1217608,190759,2025-08-06 12:50:32.575788
FULLBOOK_722,722,fullbook,1260803,208938,2025-08-06 12:50:33.555453
FULLBOOK_723,723,fullbook,1578490,279365,2025-08-06 12:50:34.428105
FULLBOOK_724,724,fullbook,763312,140705,2025-08-06 12:50:35.329019
FULLBOOK_725,725,fullbook,920826,171656,2025-08-06 12:50:36.04351
FULLBOOK_726,726,fullbook,1854813,337669,2025-08-06 12:50:36.858942
FULLBOOK_727,727,fullbook,1457977,262828,2025-08-06 12:50:37.876046
FULLBOOK_728,728,fullbook,1860727,343995,2025-08-06 12:50:38.840067
FULLBOOK_729,729,fullbook,1446918,260307,2025-08-06 12:50:39.84302
FULLBOOK_73,73,fullbook,1410132,217754,2025-08-06 12:28:26.23583
FULLBOOK_730,730,fullbook,1536242,276235,2025-08-06 12:50:40.759991
FULLBOOK_731,731,fullbook,2136046,371597,2025-08-06 12:50:41.760462
FULLBOOK_732,732,fullbook,1209140,225717,2025-08-06 12:50:42.841082
FULLBOOK_733,733,fullbook,1751469,291210,2025-08-06 12:50:43.710422
FULLBOOK_734,734,fullbook,2048588,337001,2025-08-06 12:50:45.345172
FULLBOOK_735,735,fullbook,1620185,287048,2025-08-06 12:50:46.457859
FULLBOOK_736,736,fullbook,2340749,361941,2025-08-06 12:50:47.489413
FULLBOOK_737,737,fullbook,1105603,199372,2025-08-06 12:50:48.592996
FULLBOOK_738,738,fullbook,1639676,291748,2025-08-06 12:50:49.428284
FULLBOOK_739,739,fullbook,1953427,317013,2025-08-06 12:50:50.460988
FULLBOOK_74,74,fullbook,1690242,296475,2025-08-06 12:28:28.102552
FULLBOOK_740,740,fullbook,1919070,349701,2025-08-06 12:50:51.588504
FULLBOOK_741,741,fullbook,1674155,296403,2025-08-06 12:50:52.678902
FULLBOOK_742,742,fullbook,1233101,207158,2025-08-06 12:50:54.026891
FULLBOOK_743,743,fullbook,1555022,246642,2025-08-06 12:50:54.891529
FULLBOOK_744,744,fullbook,1886133,312560,2025-08-06 12:50:55.87807
FULLBOOK_745,745,fullbook,1918266,330852,2025-08-06 12:50:56.992621
FULLBOOK_746,746,fullbook,1432711,266690,2025-08-06 12:50:58.063485
FULLBOOK_747,747,fullbook,1318873,223507,2025-08-06 12:50:58.991904
FULLBOOK_748,748,fullbook,1421031,232055,2025-08-06 12:50:59.893211
FULLBOOK_749,749,fullbook,1924503,352775,2025-08-06 12:51:00.879611
FULLBOOK_75,75,fullbook,611516,95223,2025-08-06 12:28:29.94114
FULLBOOK_750,750,fullbook,1325821,209386,2025-08-06 12:51:01.943144
FULLBOOK_751,751,fullbook,1570941,286227,2025-08-06 12:51:02.875909
FULLBOOK_752,752,fullbook,3765485,623312,2025-08-06 12:51:04.029557
FULLBOOK_753,753,fullbook,1084712,188524,2025-08-06 12:51:05.560346
FULLBOOK_754,754,fullbook,2357022,375279,2025-08-06 12:51:07.07881
FULLBOOK_755,755,fullbook,912454,143915,2025-08-06 12:51:08.259789
FULLBOOK_756,756,fullbook,1609695,260948,2025-08-06 12:51:09.076339
FULLBOOK_757,757,fullbook,1829182,294430,2025-08-06 12:51:10.095291
FULLBOOK_758,758,fullbook,1994324,339767,2025-08-06 12:51:11.191751
FULLBOOK_759,759,fullbook,1730318,285460,2025-08-06 12:51:12.293851
FULLBOOK_76,76,fullbook,254300,39476,2025-08-06 12:28:34.856508
FULLBOOK_760,760,fullbook,1772125,307056,2025-08-06 12:51:13.361438
FULLBOOK_761,761,fullbook,944827,149743,2025-08-06 12:51:14.360498
FULLBOOK_762,762,fullbook,1370372,225156,2025-08-06 12:51:15.158778
FULLBOOK_763,763,fullbook,1556758,253603,2025-08-06 12:51:16.112353
FULLBOOK_764,764,fullbook,1431071,255303,2025-08-06 12:51:17.078763
FULLBOOK_765,765,fullbook,1588122,282199,2025-08-06 12:51:18.030483
FULLBOOK_766,766,fullbook,1866880,301031,2025-08-06 12:51:27.508135
FULLBOOK_767,767,fullbook,1420759,240269,2025-08-06 12:51:28.563469
FULLBOOK_768,768,fullbook,1795508,320960,2025-08-06 12:51:29.540986
FULLBOOK_769,769,fullbook,1811844,300757,2025-08-06 12:51:30.612771
FULLBOOK_77,77,fullbook,1650092,289058,2025-08-06 12:28:35.487391
FULLBOOK_770,770,fullbook,1405745,235833,2025-08-06 12:51:31.656573
FULLBOOK_771,771,fullbook,680449,123826,2025-08-06 12:51:32.543337
FULLBOOK_772,772,fullbook,295397,48194,2025-08-06 12:51:33.202393
FULLBOOK_773,773,fullbook,3260202,574984,2025-08-06 12:51:34.111957
FULLBOOK_774,774,fullbook,7233815,1366516,2025-08-06 12:51:36.659476
FULLBOOK_775,775,fullbook,819669,150427,2025-08-06 12:51:39.108709
FULLBOOK_776,776,fullbook,2601986,413057,2025-08-06 12:51:39.958341
FULLBOOK_777,777,fullbook,5538654,927873,2025-08-06 12:51:41.558951
FULLBOOK_778,778,fullbook,1585233,263169,2025-08-06 12:51:43.575403
FULLBOOK_779,779,fullbook,2124702,354657,2025-08-06 12:51:44.625812
FULLBOOK_78,78,fullbook,2446749,375400,2025-08-06 12:28:36.605994
FULLBOOK_780,780,fullbook,29523267,5459938,2025-08-06 12:51:48.330089
FULLBOOK_781,781,fullbook,1262796,203390,2025-08-06 12:51:57.139952
FULLBOOK_782,782,fullbook,776190,126950,2025-08-06 12:51:59.732792
FULLBOOK_783,783,fullbook,2137703,368634,2025-08-06 12:52:00.493613
FULLBOOK_784,784,fullbook,2179275,328881,2025-08-06 12:52:01.676203
FULLBOOK_785,785,fullbook,1717852,273263,2025-08-06 12:52:02.82816
FULLBOOK_786,786,fullbook,1835067,301043,2025-08-06 12:52:03.860509
FULLBOOK_787,787,fullbook,1935467,307569,2025-08-06 12:52:04.943168
FULLBOOK_788,788,fullbook,1201811,197203,2025-08-06 12:52:05.993841
FULLBOOK_789,789,fullbook,1350131,234055,2025-08-06 12:52:06.878048
FULLBOOK_79,79,fullbook,1879995,292647,2025-08-06 12:28:37.902073
FULLBOOK_790,790,fullbook,737281,134590,2025-08-06 12:52:07.729472
FULLBOOK_791,791,fullbook,1508009,253828,2025-08-06 12:52:08.491169
FULLBOOK_792,792,fullbook,1135424,202624,2025-08-06 12:52:09.425418
FULLBOOK_793,793,fullbook,1121736,199397,2025-08-06 12:52:10.276709
FULLBOOK_794,794,fullbook,746094,130512,2025-08-06 12:52:11.79388
FULLBOOK_795,795,fullbook,1049752,156733,2025-08-06 12:52:12.524135
FULLBOOK_797,797,fullbook,1911320,346466,2025-08-06 12:52:13.893621
FULLBOOK_798,798,fullbook,1691432,312230,2025-08-06 12:52:15.006033
FULLBOOK_799,799,fullbook,2854959,441653,2025-08-06 12:52:16.12854
FULLBOOK_8,8,fullbook,1124768,207950,2025-08-06 03:45:58.939861
FULLBOOK_80,80,fullbook,2378399,341755,2025-08-06 12:28:39.022515
FULLBOOK_800,800,fullbook,1511277,263095,2025-08-06 12:52:17.461625
FULLBOOK_801,801,fullbook,2672735,429487,2025-08-06 12:52:18.526134
FULLBOOK_802,802,fullbook,1360786,240822,2025-08-06 12:52:19.875741
FULLBOOK_803,803,fullbook,908622,161697,2025-08-06 12:52:20.762532
FULLBOOK_804,804,fullbook,1961954,338762,2025-08-06 12:52:21.609939
FULLBOOK_805,805,fullbook,1055087,185163,2025-08-06 12:52:22.677719
FULLBOOK_806,806,fullbook,1749250,297322,2025-08-06 12:52:23.525558
FULLBOOK_807,807,fullbook,2633881,395086,2025-08-06 12:52:24.660929
FULLBOOK_808,808,fullbook,2084809,323197,2025-08-06 12:52:25.960735
FULLBOOK_809,809,fullbook,1851916,294629,2025-08-06 12:52:27.108511
FULLBOOK_81,81,fullbook,5227938,759097,2025-08-06 12:28:43.568358
FULLBOOK_810,810,fullbook,2192838,338897,2025-08-06 12:52:28.259064
FULLBOOK_811,811,fullbook,1849907,332113,2025-08-06 12:52:29.440791
FULLBOOK_812,812,fullbook,1523846,246227,2025-08-06 12:52:30.520454
FULLBOOK_813,813,fullbook,2223891,342783,2025-08-06 12:52:31.555119
FULLBOOK_814,814,fullbook,2390191,392772,2025-08-06 12:52:33.40208
FULLBOOK_815,815,fullbook,1655152,270058,2025-08-06 12:52:34.756043
FULLBOOK_816,816,fullbook,1821552,302218,2025-08-06 12:52:35.803173
FULLBOOK_817,817,fullbook,2761821,454697,2025-08-06 12:52:36.973045
FULLBOOK_818,818,fullbook,962142,173309,2025-08-06 12:52:38.237498
FULLBOOK_819,819,fullbook,2589679,390396,2025-08-06 12:52:39.139169
FULLBOOK_82,82,fullbook,1249440,133460,2025-08-06 12:28:45.583019
FULLBOOK_820,820,fullbook,2069719,358437,2025-08-06 12:52:40.469439
FULLBOOK_821,821,fullbook,2352495,385097,2025-08-06 12:52:41.668314
FULLBOOK_822,822,fullbook,838220,141816,2025-08-06 12:52:44.248458
FULLBOOK_823,823,fullbook,1488768,256318,2025-08-06 12:52:45.005611
FULLBOOK_824,824,fullbook,2001232,346708,2025-08-06 12:52:46.000045
FULLBOOK_825,825,fullbook,108438,18974,2025-08-06 12:52:47.004745
FULLBOOK_826,826,fullbook,1085471,204438,2025-08-06 12:52:47.673552
FULLBOOK_827,827,fullbook,2708252,455489,2025-08-06 12:52:48.615563
FULLBOOK_828,828,fullbook,493216,81756,2025-08-06 12:52:49.847117
FULLBOOK_829,829,fullbook,1872312,351155,2025-08-06 12:52:50.57602
FULLBOOK_83,83,fullbook,2351239,396780,2025-08-06 12:28:46.499888
FULLBOOK_830,830,fullbook,2388774,384645,2025-08-06 12:52:51.718985
FULLBOOK_831,831,fullbook,954534,165191,2025-08-06 12:52:52.869171
FULLBOOK_832,832,fullbook,2413705,412370,2025-08-06 12:52:53.768253
FULLBOOK_833,833,fullbook,2527908,401882,2025-08-06 12:52:55.066176
FULLBOOK_834,834,fullbook,2212760,403382,2025-08-06 12:52:57.054104
FULLBOOK_835,835,fullbook,2400025,383783,2025-08-06 12:52:58.300138
FULLBOOK_836,836,fullbook,693605,123651,2025-08-06 12:52:59.45698
FULLBOOK_837,837,fullbook,3238453,531327,2025-08-06 12:53:00.335642
FULLBOOK_838,838,fullbook,287671,45832,2025-08-06 12:53:01.683935
FULLBOOK_839,839,fullbook,171792,30804,2025-08-06 12:53:02.208867
FULLBOOK_84,84,fullbook,2025837,318756,2025-08-06 12:28:47.720938
FULLBOOK_840,840,fullbook,122193,22152,2025-08-06 12:53:02.692553
FULLBOOK_841,841,fullbook,348617,61085,2025-08-06 12:53:03.174115
FULLBOOK_842,842,fullbook,599997,105914,2025-08-06 12:53:03.729794
FULLBOOK_843,843,fullbook,256758,44027,2025-08-06 12:53:04.349395
FULLBOOK_844,844,fullbook,1095064,210829,2025-08-06 12:53:04.930143
FULLBOOK_845,845,fullbook,749318,125272,2025-08-06 12:53:05.695126
FULLBOOK_846,846,fullbook,1420971,264775,2025-08-06 12:53:06.438724
FULLBOOK_847,847,fullbook,912382,165212,2025-08-06 12:53:07.298217
FULLBOOK_848,848,fullbook,499793,90003,2025-08-06 12:53:08.017144
FULLBOOK_849,849,fullbook,868551,157761,2025-08-06 12:53:08.617206
FULLBOOK_85,85,fullbook,177162,30719,2025-08-06 12:28:48.695946
FULLBOOK_850,850,fullbook,1021000,172048,2025-08-06 12:53:09.366136
FULLBOOK_851,851,fullbook,1052021,174122,2025-08-06 12:53:10.143906
FULLBOOK_852,852,fullbook,1426141,252114,2025-08-06 12:53:10.950218
FULLBOOK_853,853,fullbook,1650286,295344,2025-08-06 12:53:11.867113
FULLBOOK_854,854,fullbook,1447985,248419,2025-08-06 12:53:13.450753
FULLBOOK_855,855,fullbook,1601566,283231,2025-08-06 12:53:14.381854
FULLBOOK_856,856,fullbook,1172463,210341,2025-08-06 12:53:15.297982
FULLBOOK_857,857,fullbook,535232,89714,2025-08-06 12:53:16.087814
FULLBOOK_858,858,fullbook,1156373,209506,2025-08-06 12:53:16.731702
FULLBOOK_859,859,fullbook,1602308,288493,2025-08-06 12:53:17.581706
FULLBOOK_86,86,fullbook,837322,148396,2025-08-06 12:28:52.284182
FULLBOOK_860,860,fullbook,442101,83240,2025-08-06 12:53:18.472025
FULLBOOK_861,861,fullbook,1067357,196844,2025-08-06 12:53:19.089048
FULLBOOK_862,862,fullbook,1443698,260038,2025-08-06 12:53:19.902421
FULLBOOK_863,863,fullbook,950243,173737,2025-08-06 12:53:20.790049
FULLBOOK_864,864,fullbook,1217093,205539,2025-08-06 12:53:21.619853
FULLBOOK_865,865,fullbook,1284222,212092,2025-08-06 12:53:22.450997
FULLBOOK_866,866,fullbook,1410696,243658,2025-08-06 12:53:23.303534
FULLBOOK_867,867,fullbook,1614951,257705,2025-08-06 12:53:24.20396
FULLBOOK_868,868,fullbook,1307049,234561,2025-08-06 12:53:25.151824
FULLBOOK_869,869,fullbook,952256,178687,2025-08-06 12:53:25.998135
FULLBOOK_87,87,fullbook,1854442,300302,2025-08-06 12:28:53.085216
FULLBOOK_870,870,fullbook,757494,134822,2025-08-06 12:53:27.617586
FULLBOOK_871,871,fullbook,1491456,260447,2025-08-06 12:53:28.379449
FULLBOOK_872,872,fullbook,778992,141708,2025-08-06 12:53:29.266205
FULLBOOK_873,873,fullbook,2247300,421214,2025-08-06 12:53:30.099056
FULLBOOK_874,874,fullbook,1580197,265989,2025-08-06 12:53:31.85325
FULLBOOK_875,875,fullbook,1586233,260989,2025-08-06 12:53:32.802798
FULLBOOK_876,876,fullbook,2115180,355988,2025-08-06 12:53:33.800499
FULLBOOK_877,877,fullbook,1594742,297819,2025-08-06 12:53:35.045339
FULLBOOK_878,878,fullbook,1704254,313622,2025-08-06 12:53:36.001882
FULLBOOK_88,88,fullbook,1463246,229995,2025-08-06 12:28:54.121212
FULLBOOK_880,880,fullbook,1078489,191139,2025-08-06 12:53:36.951764
FULLBOOK_881,881,fullbook,1462333,255443,2025-08-06 12:53:37.766724
FULLBOOK_882,882,fullbook,1834155,323014,2025-08-06 12:53:38.705554
FULLBOOK_883,883,fullbook,2279787,392150,2025-08-06 12:53:39.804953
FULLBOOK_884,884,fullbook,211169,39744,2025-08-06 12:53:41.042065
FULLBOOK_885,885,fullbook,1723329,289581,2025-08-06 12:53:41.716012
FULLBOOK_886,886,fullbook,1699088,316892,2025-08-06 12:53:42.779086
FULLBOOK_887,887,fullbook,1927592,331233,2025-08-06 12:53:43.831916
FULLBOOK_888,888,fullbook,1881861,337624,2025-08-06 12:53:44.947375
FULLBOOK_889,889,fullbook,1944423,308168,2025-08-06 12:53:46.055189
FULLBOOK_89,89,fullbook,715260,133693,2025-08-06 12:28:54.984949
FULLBOOK_890,890,fullbook,1781523,328094,2025-08-06 12:53:47.184861
FULLBOOK_891,891,fullbook,1249748,205218,2025-08-06 12:53:48.199387
FULLBOOK_892,892,fullbook,2820272,499618,2025-08-06 12:53:49.181574
FULLBOOK_893,893,fullbook,1965609,355525,2025-08-06 12:53:50.503263
FULLBOOK_894,894,fullbook,1710709,306537,2025-08-06 12:53:51.614018
FULLBOOK_895,895,fullbook,606691,108556,2025-08-06 12:53:53.147135
FULLBOOK_896,896,fullbook,1967495,351380,2025-08-06 12:54:00.882688
FULLBOOK_897,897,fullbook,1837084,326880,2025-08-06 12:54:01.967694
FULLBOOK_898,898,fullbook,1189518,215524,2025-08-06 12:54:02.994303
FULLBOOK_899,899,fullbook,1513107,290748,2025-08-06 12:54:03.833737
FULLBOOK_9,9,fullbook,1181746,210537,2025-08-06 03:45:59.743481
FULLBOOK_90,90,fullbook,2281228,418595,2025-08-06 12:28:55.802805
FULLBOOK_900,900,fullbook,1896753,338720,2025-08-06 12:54:04.805836
FULLBOOK_901,901,fullbook,1402167,219203,2025-08-06 12:54:05.851506
FULLBOOK_902,902,fullbook,2332186,423983,2025-08-06 12:54:06.8684
FULLBOOK_903,903,fullbook,1361843,249065,2025-08-06 12:54:08.064281
FULLBOOK_904,904,fullbook,859663,157168,2025-08-06 12:54:09.079697
FULLBOOK_905,905,fullbook,2280450,370110,2025-08-06 12:54:10.731596
FULLBOOK_906,906,fullbook,1754356,310729,2025-08-06 12:54:11.895353
FULLBOOK_907,907,fullbook,2958600,521655,2025-08-06 12:54:12.978938
FULLBOOK_908,908,fullbook,1250799,209949,2025-08-06 12:54:14.263812
FULLBOOK_91,91,fullbook,11170707,1929563,2025-08-06 12:29:00.741175
FULLBOOK_910,910,fullbook,383497,66804,2025-08-06 12:54:15.057035
FULLBOOK_911,911,fullbook,1365782,239291,2025-08-06 12:54:15.680257
FULLBOOK_912,912,fullbook,2048300,368587,2025-08-06 12:54:16.828186
FULLBOOK_913,913,fullbook,728806,126580,2025-08-06 12:54:17.845191
FULLBOOK_914,914,fullbook,1680554,281954,2025-08-06 12:54:18.621303
FULLBOOK_915,915,fullbook,1363595,256464,2025-08-06 12:54:19.594702
FULLBOOK_916,916,fullbook,2031607,366948,2025-08-06 12:54:21.11931
FULLBOOK_917,917,fullbook,1728404,299921,2025-08-06 12:54:22.230879
FULLBOOK_918,918,fullbook,1093902,187638,2025-08-06 12:54:25.178367
FULLBOOK_919,919,fullbook,1164101,220085,2025-08-06 12:54:25.961092
FULLBOOK_92,92,fullbook,2561234,415364,2025-08-06 12:29:04.423733
FULLBOOK_920,920,fullbook,1299602,220903,2025-08-06 12:54:26.804194
FULLBOOK_921,921,fullbook,2256041,341085,2025-08-06 12:54:27.785836
FULLBOOK_922,922,fullbook,1120361,195287,2025-08-06 12:54:28.894351
FULLBOOK_923,923,fullbook,2155443,360447,2025-08-06 12:54:29.810148
FULLBOOK_924,924,fullbook,1222022,182794,2025-08-06 12:54:30.919029
FULLBOOK_925,925,fullbook,1923407,336515,2025-08-06 12:54:31.848887
FULLBOOK_926,926,fullbook,2864940,484125,2025-08-06 12:54:32.999833
FULLBOOK_927,927,fullbook,1498438,224294,2025-08-06 12:54:34.300794
FULLBOOK_928,928,fullbook,1942720,334607,2025-08-06 12:54:35.414427
FULLBOOK_929,929,fullbook,628259,101738,2025-08-06 12:54:36.371634
FULLBOOK_93,93,fullbook,6729184,1166936,2025-08-06 12:29:06.138267
FULLBOOK_930,930,fullbook,1491536,278257,2025-08-06 12:54:37.081543
FULLBOOK_931,931,fullbook,1949166,354000,2025-08-06 12:54:38.06402
FULLBOOK_932,932,fullbook,1115125,202414,2025-08-06 12:54:39.09922
FULLBOOK_933,933,fullbook,1223259,203959,2025-08-06 12:54:39.94632
FULLBOOK_934,934,fullbook,1450326,263206,2025-08-06 12:54:40.854269
FULLBOOK_935,935,fullbook,1733187,292499,2025-08-06 12:54:41.78171
FULLBOOK_936,936,fullbook,1553647,227770,2025-08-06 12:54:43.398273
FULLBOOK_937,937,fullbook,2283518,357981,2025-08-06 12:54:44.421814
FULLBOOK_938,938,fullbook,1364450,233463,2025-08-06 12:54:45.586037
FULLBOOK_939,939,fullbook,1591410,288962,2025-08-06 12:54:46.700925
FULLBOOK_94,94,fullbook,5656735,1024999,2025-08-06 12:29:08.840138
FULLBOOK_940,940,fullbook,2124078,349197,2025-08-06 12:54:47.730564
FULLBOOK_941,941,fullbook,874284,156114,2025-08-06 12:54:48.813316
FULLBOOK_942,942,fullbook,1688086,308714,2025-08-06 12:54:49.631024
FULLBOOK_943,943,fullbook,2667854,449136,2025-08-06 12:54:50.751798
FULLBOOK_944,944,fullbook,1427988,251782,2025-08-06 12:54:52.00253
FULLBOOK_945,945,fullbook,1180893,191713,2025-08-06 12:54:52.882186
FULLBOOK_946,946,fullbook,2437311,425151,2025-08-06 12:54:53.853695
FULLBOOK_947,947,fullbook,1732399,314330,2025-08-06 12:54:55.083175
FULLBOOK_948,948,fullbook,1938629,301806,2025-08-06 12:54:56.151959
FULLBOOK_949,949,fullbook,2832088,483373,2025-08-06 12:54:57.352613
FULLBOOK_95,95,fullbook,2492298,412794,2025-08-06 12:29:11.05751
FULLBOOK_950,950,fullbook,1714990,309851,2025-08-06 12:54:58.679689
FULLBOOK_951,951,fullbook,2942782,504152,2025-08-06 12:54:59.799395
FULLBOOK_952,952,fullbook,1570122,267863,2025-08-06 12:55:01.152124
FULLBOOK_953,953,fullbook,1438815,252876,2025-08-06 12:55:02.131147
FULLBOOK_954,954,fullbook,1790224,321720,2025-08-06 12:55:03.081773
FULLBOOK_955,955,fullbook,1607348,293431,2025-08-06 12:55:04.119081
FULLBOOK_956,956,fullbook,2718687,477270,2025-08-06 12:55:05.815415
FULLBOOK_957,957,fullbook,1855288,319596,2025-08-06 12:55:07.165107
FULLBOOK_958,958,fullbook,1404092,249398,2025-08-06 12:55:08.21641
FULLBOOK_959,959,fullbook,1339634,254079,2025-08-06 12:55:09.181776
FULLBOOK_96,96,fullbook,600810,105571,2025-08-06 12:29:15.256416
FULLBOOK_960,960,fullbook,2040193,368805,2025-08-06 12:55:10.168715
FULLBOOK_961,961,fullbook,1125151,207586,2025-08-06 12:55:11.250189
FULLBOOK_962,962,fullbook,1452764,265163,2025-08-06 12:55:12.462133
FULLBOOK_963,963,fullbook,725531,125717,2025-08-06 12:55:13.364219
FULLBOOK_964,964,fullbook,736386,127826,2025-08-06 12:55:14.049975
FULLBOOK_965,965,fullbook,949712,170881,2025-08-06 12:55:14.7658
FULLBOOK_966,966,fullbook,1704298,289182,2025-08-06 12:55:15.584632
FULLBOOK_967,967,fullbook,1802008,289433,2025-08-06 12:55:16.616992
FULLBOOK_968,968,fullbook,375539,67715,2025-08-06 12:55:17.569928
FULLBOOK_969,969,fullbook,2819384,475162,2025-08-06 12:55:18.329889
FULLBOOK_97,97,fullbook,2719172,435621,2025-08-06 12:29:16.053598
FULLBOOK_970,970,fullbook,1306070,213040,2025-08-06 12:55:19.615061
FULLBOOK_971,971,fullbook,2259708,367300,2025-08-06 12:55:20.563451
FULLBOOK_972,972,fullbook,2283011,412656,2025-08-06 12:55:21.781354
FULLBOOK_973,973,fullbook,3503321,582660,2025-08-06 12:55:23.100345
FULLBOOK_974,974,fullbook,877024,157874,2025-08-06 12:55:24.527465
FULLBOOK_975,975,fullbook,1976433,360369,2025-08-06 12:55:25.30079
FULLBOOK_976,976,fullbook,1904236,342658,2025-08-06 12:55:27.080356
FULLBOOK_977,977,fullbook,1584530,283867,2025-08-06 12:55:28.165378
FULLBOOK_978,978,fullbook,3432492,629512,2025-08-06 12:55:29.299977
FULLBOOK_979,979,fullbook,3112204,556668,2025-08-06 12:55:30.915578
FULLBOOK_98,98,fullbook,1677204,287380,2025-08-06 12:29:17.386361
FULLBOOK_980,980,fullbook,1341208,236959,2025-08-06 12:55:32.268845
FULLBOOK_981,981,fullbook,1504409,275301,2025-08-06 12:55:33.181913
FULLBOOK_982,982,fullbook,4187794,666477,2025-08-06 12:55:34.450133
FULLBOOK_983,983,fullbook,1839601,281600,2025-08-06 12:55:36.301064
FULLBOOK_984,984,fullbook,1091024,175914,2025-08-06 12:55:37.315837
FULLBOOK_985,985,fullbook,3046056,554076,2025-08-06 12:55:38.298477
FULLBOOK_986,986,fullbook,1234531,200072,2025-08-06 12:55:39.661804
FULLBOOK_987,987,fullbook,2454741,429252,2025-08-06 12:55:40.629565
FULLBOOK_988,988,fullbook,2217238,396903,2025-08-06 12:55:41.900265
FULLBOOK_989,989,fullbook,3088297,567554,2025-08-06 12:55:43.185001
FULLBOOK_99,99,fullbook,1397050,221395,2025-08-06 12:29:18.389968
FULLBOOK_990,990,fullbook,1131763,204057,2025-08-06 12:55:44.545843
FULLBOOK_991,991,fullbook,1291091,231784,2025-08-06 12:55:45.388654
FULLBOOK_992,992,fullbook,3149960,552276,2025-08-06 12:55:46.438205
FULLBOOK_993,993,fullbook,2038860,341008,2025-08-06 12:55:47.860959
FULLBOOK_994,994,fullbook,1206490,199369,2025-08-06 12:55:48.91625
FULLBOOK_995,995,fullbook,1141855,202364,2025-08-06 12:55:49.747116
FULLBOOK_996,996,fullbook,3143826,500771,2025-08-06 12:55:51.326589
FULLBOOK_997,997,fullbook,3596442,652623,2025-08-06 12:55:52.932019
FULLBOOK_998,998,fullbook,5047411,818660,2025-08-06 12:55:54.713758
FULLBOOK_999,999,fullbook,1533099,276967,2025-08-06 12:55:56.648048
